variation_length_over_spacing,averaging_fraction,expected_count_in_cube
1.0,0.1,0.0010000000000000002
1.023292992280754,0.1,0.0010715193052376066
1.0471285480508996,0.1,0.001148153621496883
1.0715193052376064,0.1,0.0012302687708123819
1.096478196143185,0.1,0.0013182567385564077
1.1220184543019633,0.1,0.0014125375446227544
1.1481536214968828,0.1,0.001513561248436209
1.1748975549395295,0.1,0.0016218100973589304
1.202264434617413,0.1,0.0017378008287493758
1.2302687708123816,0.1,0.0018620871366628678
1.2589254117941673,0.1,0.00199526231496888
1.288249551693134,0.1,0.002137962089502233
1.318256738556407,0.1,0.0022908676527677724
1.3489628825916535,0.1,0.0024547089156850303
1.3803842646028848,0.1,0.0026302679918953826
1.4125375446227544,0.1,0.002818382931264455
1.4454397707459274,0.1,0.0030199517204020153
1.4791083881682074,0.1,0.0032359365692962824
1.5135612484362082,0.1,0.0034673685045253167
1.5488166189124815,0.1,0.0037153522909717275
1.5848931924611136,0.1,0.003981071705534974
1.62181009735893,0.1,0.004265795188015927
1.6595869074375607,0.1,0.004570881896148751
1.6982436524617444,0.1,0.004897788193684463
1.7378008287493754,0.1,0.0052480746024977255
1.7782794100389228,0.1,0.005623413251903492
1.8197008586099834,0.1,0.006025595860743579
1.8620871366628675,0.1,0.0064565422903465584
1.9054607179632472,0.1,0.006918309709189367
1.9498445997580451,0.1,0.007413102413009173
1.9952623149688795,0.1,0.007943282347242817
2.041737944669529,0.1,0.008511380382023766
2.0892961308540396,0.1,0.0091201083935591
2.137962089502232,0.1,0.009772372209558108
2.1877616239495525,0.1,0.010471285480508996
2.23872113856834,0.1,0.01122018454301964
2.290867652767773,0.1,0.012022644346174132
2.344228815319922,0.1,0.012882495516931337
2.3988329190194904,0.1,0.013803842646028847
2.4547089156850306,0.1,0.014791083881682082
2.51188643150958,0.1,0.015848931924611134
2.570395782768864,0.1,0.016982436524617447
2.6302679918953817,0.1,0.018197008586099836
2.6915348039269156,0.1,0.01949844599758045
2.7542287033381663,0.1,0.02089296130854039
2.8183829312644537,0.1,0.022387211385683392
2.884031503126606,0.1,0.02398832919019491
2.951209226666386,0.1,0.025703957827688657
3.019951720402016,0.1,0.027542287033381675
3.0902954325135905,0.1,0.02951209226666386
3.1622776601683795,0.1,0.03162277660168381
3.2359365692962827,0.1,0.033884415613920256
3.311311214825911,0.1,0.03630780547701016
3.3884415613920256,0.1,0.038904514499428076
3.4673685045253166,0.1,0.04168693834703355
3.548133892335755,0.1,0.044668359215096334
3.630780547701014,0.1,0.04786300923226386
3.715352290971726,0.1,0.051286138399136524
3.8018939632056115,0.1,0.054954087385762435
3.890451449942806,0.1,0.058884365535558904
3.9810717055349722,0.1,0.06309573444801933
4.073802778041127,0.1,0.06760829753919818
4.168693834703354,0.1,0.07244359600749901
4.265795188015927,0.1,0.07762471166286922
4.36515832240166,0.1,0.08317637711026715
4.466835921509632,0.1,0.0891250938133746
4.570881896148751,0.1,0.09549925860214362
4.677351412871983,0.1,0.10232929922807547
4.786300923226384,0.1,0.10964781961431856
4.8977881936844625,0.1,0.11748975549395299
5.011872336272724,0.1,0.12589254117941678
5.1286138399136485,0.1,0.13489628825916533
5.248074602497725,0.1,0.1445439770745927
5.370317963702527,0.1,0.15488166189124808
5.495408738576246,0.1,0.16595869074375613
5.623413251903491,0.1,0.17782794100389238
5.7543993733715695,0.1,0.1905460717963247
5.88843655355589,0.1,0.204173794466953
6.025595860743578,0.1,0.2187761623949553
6.165950018614822,0.1,0.23442288153199237
6.309573444801933,0.1,0.2511886431509581
6.456542290346556,0.1,0.2691534803926917
6.606934480075961,0.1,0.2884031503126607
6.760829753919819,0.1,0.3090295432513593
6.918309709189364,0.1,0.331131121482591
7.079457843841379,0.1,0.35481338923357547
7.244359600749901,0.1,0.38018939632056126
7.413102413009175,0.1,0.4073802778041127
7.5857757502918375,0.1,0.436515832240166
7.762471166286917,0.1,0.4677351412871982
7.943282347242816,0.1,0.5011872336272725
8.128305161640993,0.1,0.537031796370253
8.31763771102671,0.1,0.575439937337157
8.511380382023766,0.1,0.6165950018614825
8.709635899560807,0.1,0.6606934480075961
8.912509381337456,0.1,0.7079457843841382
9.120108393559097,0.1,0.7585775750291835
9.33254300796991,0.1,0.8128305161640994
9.549925860214358,0.1,0.8709635899560805
9.772372209558107,0.1,0.933254300796991
10.0,0.1,1.0
10.232929922807541,0.1,1.0715193052376064
10.471285480508996,0.1,1.148153621496883
10.715193052376065,0.1,1.2302687708123823
10.964781961431852,0.1,1.3182567385564081
11.220184543019636,0.1,1.4125375446227548
11.481536214968829,0.1,1.5135612484362084
11.748975549395297,0.1,1.621810097358931
12.02264434617413,0.1,1.7378008287493767
12.302687708123818,0.1,1.8620871366628688
12.589254117941675,0.1,1.995262314968881
12.882495516931343,0.1,2.1379620895022335
13.182567385564074,0.1,2.290867652767775
13.48962882591654,0.1,2.4547089156850337
13.803842646028853,0.1,2.6302679918953853
14.125375446227547,0.1,2.818382931264457
14.454397707459272,0.1,3.0199517204020143
14.791083881682072,0.1,3.2359365692962814
15.13561248436208,0.1,3.4673685045253153
15.488166189124811,0.1,3.7153522909717247
15.848931924611133,0.1,3.981071705534972
16.218100973589298,0.1,4.265795188015925
16.595869074375607,0.1,4.570881896148751
16.982436524617444,0.1,4.897788193684464
17.378008287493753,0.1,5.248074602497725
17.78279410038923,0.1,5.623413251903493
18.197008586099834,0.1,6.025595860743578
18.620871366628677,0.1,6.456542290346558
19.054607179632473,0.1,6.9183097091893675
19.498445997580454,0.1,7.413102413009178
19.952623149688797,0.1,7.943282347242817
20.417379446695296,0.1,8.511380382023768
20.892961308540396,0.1,9.1201083935591
21.379620895022324,0.1,9.772372209558114
21.87761623949553,0.1,10.471285480509001
22.3872113856834,0.1,11.220184543019645
22.908676527677734,0.1,12.022644346174138
23.442288153199225,0.1,12.882495516931344
23.98832919019491,0.1,13.803842646028862
24.547089156850312,0.1,14.791083881682095
25.11886431509581,0.1,15.848931924611152
25.703957827688633,0.1,16.982436524617437
26.302679918953814,0.1,18.19700858609983
26.915348039269155,0.1,19.49844599758045
27.542287033381662,0.1,20.89296130854039
28.183829312644534,0.1,22.387211385683393
28.84031503126606,0.1,23.988329190194904
29.512092266663856,0.1,25.703957827688637
30.19951720402016,0.1,27.542287033381662
30.902954325135905,0.1,29.512092266663856
31.622776601683793,0.1,31.6227766016838
32.359365692962825,0.1,33.884415613920254
33.11311214825911,0.1,36.307805477010156
33.884415613920254,0.1,38.90451449942806
34.673685045253166,0.1,41.686938347033546
35.48133892335755,0.1,44.66835921509633
36.30780547701014,0.1,47.86300923226388
37.15352290971726,0.1,51.28613839913651
38.018939632056124,0.1,54.95408738576249
38.90451449942807,0.1,58.88436553555895
39.810717055349734,0.1,63.09573444801938
40.73802778041128,0.1,67.60829753919822
41.68693834703355,0.1,72.44359600749908
42.657951880159274,0.1,77.62471166286925
43.65158322401661,0.1,83.17637711026718
44.668359215096324,0.1,89.12509381337465
45.708818961487516,0.1,95.49925860214368
46.77351412871981,0.1,102.32929922807534
47.86300923226383,0.1,109.64781961431848
48.97788193684461,0.1,117.48975549395293
50.11872336272722,0.1,125.89254117941672
51.28613839913648,0.1,134.89628825916535
52.48074602497726,0.1,144.5439770745928
53.70317963702527,0.1,154.88166189124814
54.954087385762456,0.1,165.95869074375608
56.23413251903491,0.1,177.8279410038923
57.543993733715695,0.1,190.54607179632472
58.8843655355589,0.1,204.173794466953
60.25595860743578,0.1,218.77616239495538
61.65950018614822,0.1,234.42288153199226
63.09573444801933,0.1,251.18864315095811
64.56542290346556,0.1,269.15348039269173
66.06934480075961,0.1,288.4031503126607
67.60829753919819,0.1,309.02954325135926
69.18309709189366,0.1,331.1311214825912
70.79457843841381,0.1,354.8133892335758
72.44359600749902,0.1,380.1893963205615
74.13102413009177,0.1,407.3802778041131
75.8577575029184,0.1,436.51583224016656
77.6247116628692,0.1,467.7351412871988
79.43282347242817,0.1,501.18723362727275
81.28305161640995,0.1,537.0317963702532
83.17637711026708,0.1,575.4399373371567
85.11380382023764,0.1,616.5950018614822
87.09635899560806,0.1,660.6934480075961
89.12509381337455,0.1,707.945784384138
91.20108393559097,0.1,758.577575029184
93.3254300796991,0.1,812.8305161640992
95.49925860214358,0.1,870.9635899560803
97.72372209558107,0.1,933.2543007969911
100.0,0.1,1000.0
102.32929922807547,0.1,1071.5193052376085
104.71285480508996,0.1,1148.153621496883
107.1519305237607,0.1,1230.2687708123838
109.64781961431851,0.1,1318.2567385564078
112.2018454301963,0.1,1412.5375446227529
114.81536214968828,0.1,1513.5612484362086
117.48975549395291,0.1,1621.8100973589285
120.22644346174131,0.1,1737.800828749377
123.02687708123811,0.1,1862.0871366628662
125.89254117941675,0.1,1995.2623149688816
128.82495516931337,0.1,2137.962089502231
131.82567385564073,0.1,2290.8676527677744
134.89628825916532,0.1,2454.708915685029
138.03842646028852,0.1,2630.2679918953845
141.2537544622754,0.1,2818.382931264452
144.5439770745928,0.1,3019.9517204020185
147.91083881682073,0.1,3235.9365692962824
151.35612484362088,0.1,3467.368504525321
154.88166189124811,0.1,3715.352290971724
158.48931924611142,0.1,3981.071705534979
162.18100973589299,0.1,4265.795188015925
165.95869074375614,0.1,4570.881896148756
169.82436524617444,0.1,4897.788193684462
173.78008287493762,0.1,5248.074602497733
177.82794100389228,0.1,5623.413251903491
181.97008586099844,0.1,6025.595860743588
186.20871366628674,0.1,6456.542290346554
190.54607179632484,0.1,6918.309709189378
194.98445997580455,0.1,7413.10241300918
199.52623149688807,0.1,7943.282347242829
204.17379446695296,0.1,8511.380382023768
208.92961308540387,0.1,9120.10839355909
213.79620895022325,0.1,9772.372209558116
218.77616239495518,0.1,10471.285480508986
223.872113856834,0.1,11220.18454301964
229.08676527677724,0.1,12022.644346174124
234.42288153199226,0.1,12882.495516931353
239.88329190194898,0.1,13803.842646028841
245.4708915685031,0.1,14791.083881682089
251.18864315095797,0.1,15848.93192461113
257.03957827688646,0.1,16982.43652461746
263.02679918953817,0.1,18197.00858609983
269.1534803926917,0.1,19498.44599758048
275.4228703338166,0.1,20892.961308540387
281.8382931264455,0.1,22387.21138568342
288.40315031266056,0.1,23988.3291901949
295.1209226666387,0.1,25703.95782768867
301.9951720402016,0.1,27542.28703338167
309.0295432513592,0.1,29512.09226666391
316.22776601683796,0.1,31622.776601683803
323.5936569296284,0.1,33884.41561392032
331.1311214825911,0.1,36307.805477010144
338.84415613920277,0.1,38904.51449942813
346.73685045253166,0.1,41686.938347033545
354.81338923357566,0.1,44668.3592150964
363.0780547701014,0.1,47863.00923226387
371.5352290971724,0.1,51286.13839913646
380.1893963205613,0.1,54954.087385762505
389.04514499428046,0.1,58884.365535558834
398.1071705534973,0.1,63095.734448019364
407.3802778041126,0.1,67608.29753919813
416.8693834703355,0.1,72443.59600749907
426.57951880159254,0.1,77624.71166286914
436.5158322401661,0.1,83176.37711026719
446.683592150963,0.1,89125.0938133745
457.0881896148752,0.1,95499.25860214372
467.73514128719813,0.1,102329.2992280754
478.6300923226385,0.1,109647.81961431865
489.77881936844614,0.1,117489.75549395294
501.18723362727246,0.1,125892.54117941689
512.8613839913648,0.1,134896.2882591654
524.8074602497728,0.1,144543.97707459296
537.0317963702527,0.1,154881.66189124814
549.5408738576248,0.1,165958.69074375628
562.341325190349,0.1,177827.94100389228
575.4399373371573,0.1,190546.0717963251
588.843655355589,0.1,204173.79446695303
602.5595860743581,0.1,218776.1623949557
616.5950018614822,0.1,234422.88153199226
630.9573444801937,0.1,251188.64315095855
645.6542290346556,0.1,269153.4803926917
660.6934480075957,0.1,288403.1503126603
676.0829753919819,0.1,309029.54325135925
691.8309709189363,0.1,331131.1214825908
707.945784384138,0.1,354813.3892335757
724.4359600749899,0.1,380189.39632056106
741.3102413009177,0.1,407380.2778041131
758.5775750291835,0.1,436515.8322401657
776.247116628692,0.1,467735.1412871987
794.3282347242813,0.1,501187.2336272721
812.8305161640995,0.1,537031.7963702535
831.7637711026708,0.1,575439.9373371566
851.1380382023768,0.1,616595.0018614831
870.9635899560806,0.1,660693.4480075958
891.2509381337459,0.1,707945.7843841388
912.0108393559096,0.1,758577.5750291838
933.2543007969915,0.1,812830.5161641007
954.992586021436,0.1,870963.5899560808
977.2372209558112,0.1,933254.3007969926
1000.0,0.1,1000000.0
1.0,0.03,2.6999999999999996e-05
1.023292992280754,0.03,2.8931021241415366e-05
1.0471285480508996,0.03,3.1000147780415836e-05
1.0715193052376064,0.03,3.3217256811934305e-05
1.096478196143185,0.03,3.5592931941023e-05
1.1220184543019633,0.03,3.813851370481435e-05
1.1481536214968828,0.03,4.0866153707777624e-05
1.1748975549395295,0.03,4.37888726286911e-05
1.202264434617413,0.03,4.692062237623315e-05
1.2302687708123816,0.03,5.027635268989743e-05
1.2589254117941673,0.03,5.387208250415974e-05
1.288249551693134,0.03,5.772497641656029e-05
1.318256738556407,0.03,6.185342662472987e-05
1.3489628825916535,0.03,6.62771407234958e-05
1.3803842646028848,0.03,7.101723578117529e-05
1.4125375446227544,0.03,7.609633914414026e-05
1.4454397707459274,0.03,8.153869645085443e-05
1.4791083881682074,0.03,8.737028737099962e-05
1.5135612484362082,0.03,9.361894962218357e-05
1.5488166189124815,0.03,0.00010031451185623657
1.5848931924611136,0.03,0.00010748893604944425
1.62181009735893,0.03,0.00011517647007643
1.6595869074375607,0.03,0.00012341381119601626
1.6982436524617444,0.03,0.00013224028122948048
1.7378008287493754,0.03,0.00014169801426743857
1.7782794100389228,0.03,0.00015183215780139423
1.8197008586099834,0.03,0.00016269108824007656
1.8620871366628675,0.03,0.00017432664183935696
1.9054607179632472,0.03,0.00018679436214811285
1.9498445997580451,0.03,0.00020015376515124762
1.9952623149688795,0.03,0.00021446862337555595
2.041737944669529,0.03,0.00022980727031464158
2.0892961308540396,0.03,0.0002462429266260956
2.137962089502232,0.03,0.00026385404965806894
2.1877616239495525,0.03,0.00028272470797374277
2.23872113856834,0.03,0.00030294498266153014
2.290867652767773,0.03,0.00032461139734670137
2.344228815319922,0.03,0.00034782737895714603
2.3988329190194904,0.03,0.0003727037514427789
2.4547089156850306,0.03,0.00039935926480541605
2.51188643150958,0.03,0.0004279211619645007
2.570395782768864,0.03,0.00045852578616467106
2.6302679918953817,0.03,0.0004913192318246953
2.6915348039269156,0.03,0.000526458041934672
2.7542287033381663,0.03,0.0005641099553305905
2.8183829312644537,0.03,0.0006044547074134516
2.884031503126606,0.03,0.0006476848881352624
2.951209226666386,0.03,0.0006940068613475936
3.019951720402016,0.03,0.000743641749901305
3.0902954325135905,0.03,0.0007968264911999241
3.1622776601683795,0.03,0.0008538149682454626
3.2359365692962827,0.03,0.0009148792215758469
3.311311214825911,0.03,0.0009803107478792736
3.3884415613920256,0.03,0.0010504218914845576
3.4673685045253166,0.03,0.0011255473353699059
3.548133892335755,0.03,0.0012060456988076008
3.630780547701014,0.03,0.001292301249271124
3.715352290971726,0.03,0.0013847257367766857
3.8018939632056115,0.03,0.0014837603594155854
3.890451449942806,0.03,0.0015898778694600896
3.9810717055349722,0.03,0.0017035848300965212
4.073802778041127,0.03,0.0018254240335583503
4.168693834703354,0.03,0.001955977092202473
4.265795188015927,0.03,0.0020958672148974683
4.36515832240166,0.03,0.0022457621819772116
4.466835921509632,0.03,0.0024063775329611144
4.570881896148751,0.03,0.0025784799822578773
4.677351412871983,0.03,0.0027628910791580377
4.786300923226384,0.03,0.0029604911295866006
4.8977881936844625,0.03,0.00317222339833673
5.011872336272724,0.03,0.003399098611844252
5.1286138399136485,0.03,0.0036421997829974642
5.248074602497725,0.03,0.0039026873810140035
5.370317963702527,0.03,0.004181804871063698
5.495408738576246,0.03,0.004480884650081413
5.623413251903491,0.03,0.004801354407105092
5.7543993733715695,0.03,0.005144743938500769
5.88843655355589,0.03,0.0055126924506077295
6.025595860743578,0.03,0.005906956384663793
6.165950018614822,0.03,0.006329417801363792
6.309573444801933,0.03,0.006782093365075868
6.456542290346556,0.03,0.007267143970602677
6.606934480075961,0.03,0.0077868850584418385
6.760829753919819,0.03,0.0083437976677867
6.918309709189364,0.03,0.008940540280029956
7.079457843841379,0.03,0.009579961509306534
7.244359600749901,0.03,0.01026511370065515
7.413102413009175,0.03,0.010999267500711039
7.5857757502918375,0.03,0.01178592747048448
7.762471166286917,0.03,0.01262884881475435
7.943282347242816,0.03,0.013532055307936355
8.128305161640993,0.03,0.014499858501996825
8.31763771102671,0.03,0.01553687830810324
8.511380382023766,0.03,0.01664806505026003
8.709635899560807,0.03,0.01783872309620509
8.912509381337456,0.03,0.01911453617837173
9.120108393559097,0.03,0.020481594525787947
9.33254300796991,0.03,0.02194642393643068
9.549925860214358,0.03,0.023516016928814172
9.772372209558107,0.03,0.02519786612151875
10.0,0.03,0.026999999999999996
10.232929922807541,0.03,0.028931021241415375
10.471285480508996,0.03,0.031000147780415842
10.715193052376065,0.03,0.03321725681193431
10.964781961431852,0.03,0.03559293194102301
11.220184543019636,0.03,0.038138513704814386
11.481536214968829,0.03,0.040866153707777624
11.748975549395297,0.03,0.04378887262869112
12.02264434617413,0.03,0.04692062237623316
12.302687708123818,0.03,0.050276352689897455
12.589254117941675,0.03,0.053872082504159785
12.882495516931343,0.03,0.05772497641656029
13.182567385564074,0.03,0.06185342662472991
13.48962882591654,0.03,0.06627714072349589
13.803842646028853,0.03,0.07101723578117537
14.125375446227547,0.03,0.07609633914414031
14.454397707459272,0.03,0.08153869645085438
14.791083881682072,0.03,0.08737028737099957
15.13561248436208,0.03,0.09361894962218348
15.488166189124811,0.03,0.10031451185623655
15.848931924611133,0.03,0.10748893604944419
16.218100973589298,0.03,0.11517647007642995
16.595869074375607,0.03,0.12341381119601624
16.982436524617444,0.03,0.13224028122948045
17.378008287493753,0.03,0.14169801426743853
17.78279410038923,0.03,0.15183215780139425
18.197008586099834,0.03,0.1626910882400765
18.620871366628677,0.03,0.17432664183935706
19.054607179632473,0.03,0.18679436214811287
19.498445997580454,0.03,0.20015376515124772
19.952623149688797,0.03,0.21446862337555606
20.417379446695296,0.03,0.22980727031464168
20.892961308540396,0.03,0.24624292662609565
21.379620895022324,0.03,0.2638540496580689
21.87761623949553,0.03,0.28272470797374305
22.3872113856834,0.03,0.30294498266153025
22.908676527677734,0.03,0.3246113973467016
23.442288153199225,0.03,0.34782737895714627
23.98832919019491,0.03,0.3727037514427791
24.547089156850312,0.03,0.39935926480541634
25.11886431509581,0.03,0.42792116196450103
25.703957827688633,0.03,0.45852578616467066
26.302679918953814,0.03,0.4913192318246951
26.915348039269155,0.03,0.5264580419346719
27.542287033381662,0.03,0.5641099553305903
28.183829312644534,0.03,0.6044547074134514
28.84031503126606,0.03,0.6476848881352624
29.512092266663856,0.03,0.694006861347593
30.19951720402016,0.03,0.7436417499013046
30.902954325135905,0.03,0.7968264911999241
31.622776601683793,0.03,0.8538149682454623
32.359365692962825,0.03,0.9148792215758467
33.11311214825911,0.03,0.9803107478792739
33.884415613920254,0.03,1.0504218914845573
34.673685045253166,0.03,1.125547335369906
35.48133892335755,0.03,1.2060456988076007
36.30780547701014,0.03,1.2923012492711246
37.15352290971726,0.03,1.3847257367766856
38.018939632056124,0.03,1.4837603594155866
38.90451449942807,0.03,1.589877869460091
39.810717055349734,0.03,1.7035848300965226
40.73802778041128,0.03,1.8254240335583511
41.68693834703355,0.03,1.9559770922024744
42.657951880159274,0.03,2.095867214897468
43.65158322401661,0.03,2.245762181977214
44.668359215096324,0.03,2.406377532961115
45.708818961487516,0.03,2.578479982257879
46.77351412871981,0.03,2.7628910791580346
47.86300923226383,0.03,2.9604911295865977
48.97788193684461,0.03,3.172223398336728
50.11872336272722,0.03,3.3990986118442508
51.28613839913648,0.03,3.6421997829974635
52.48074602497726,0.03,3.902687381014003
53.70317963702527,0.03,4.181804871063698
54.954087385762456,0.03,4.480884650081413
56.23413251903491,0.03,4.801354407105092
57.543993733715695,0.03,5.144743938500768
58.8843655355589,0.03,5.51269245060773
60.25595860743578,0.03,5.9069563846637925
61.65950018614822,0.03,6.32941780136379
63.09573444801933,0.03,6.782093365075866
64.56542290346556,0.03,7.267143970602674
66.06934480075961,0.03,7.786885058441837
67.60829753919819,0.03,8.3437976677867
69.18309709189366,0.03,8.940540280029964
70.79457843841381,0.03,9.579961509306541
72.44359600749902,0.03,10.265113700655158
74.13102413009177,0.03,10.999267500711051
75.8577575029184,0.03,11.78592747048449
77.6247116628692,0.03,12.628848814754365
79.43282347242817,0.03,13.532055307936359
81.28305161640995,0.03,14.499858501996831
83.17637711026708,0.03,15.536878308103224
85.11380382023764,0.03,16.648065050260005
87.09635899560806,0.03,17.83872309620509
89.12509381337455,0.03,19.114536178371715
91.20108393559097,0.03,20.481594525787955
93.3254300796991,0.03,21.946423936430676
95.49925860214358,0.03,23.516016928814167
97.72372209558107,0.03,25.197866121518757
100.0,0.03,27.0
102.32929922807547,0.03,28.931021241415422
104.71285480508996,0.03,31.00014778041584
107.1519305237607,0.03,33.21725681193435
109.64781961431851,0.03,35.592931941023
112.2018454301963,0.03,38.13851370481431
114.81536214968828,0.03,40.86615370777762
117.48975549395291,0.03,43.78887262869106
120.22644346174131,0.03,46.92062237623315
123.02687708123811,0.03,50.27635268989736
125.89254117941675,0.03,53.87208250415978
128.82495516931337,0.03,57.724976416560224
131.82567385564073,0.03,61.8534266247299
134.89628825916532,0.03,66.27714072349573
138.03842646028852,0.03,71.01723578117534
141.2537544622754,0.03,76.09633914414017
144.5439770745928,0.03,81.5386964508545
147.91083881682073,0.03,87.3702873709996
151.35612484362088,0.03,93.61894962218364
154.88166189124811,0.03,100.31451185623654
158.48931924611142,0.03,107.48893604944439
162.18100973589299,0.03,115.17647007642998
165.95869074375614,0.03,123.4138111960164
169.82436524617444,0.03,132.24028122948044
173.78008287493762,0.03,141.69801426743877
177.82794100389228,0.03,151.8321578013942
181.97008586099844,0.03,162.69108824007685
186.20871366628674,0.03,174.32664183935694
190.54607179632484,0.03,186.79436214811318
194.98445997580455,0.03,200.1537651512478
199.52623149688807,0.03,214.46862337555635
204.17379446695296,0.03,229.80727031464176
208.92961308540387,0.03,246.24292662609537
213.79620895022325,0.03,263.854049658069
218.77616239495518,0.03,282.7247079737425
223.872113856834,0.03,302.9449826615302
229.08676527677724,0.03,324.6113973467012
234.42288153199226,0.03,347.8273789571464
239.88329190194898,0.03,372.7037514427786
245.4708915685031,0.03,399.35926480541633
251.18864315095797,0.03,427.9211619645004
257.03957827688646,0.03,458.5257861646713
263.02679918953817,0.03,491.31923182469524
269.1534803926917,0.03,526.4580419346729
275.4228703338166,0.03,564.1099553305903
281.8382931264455,0.03,604.4547074134524
288.40315031266056,0.03,647.6848881352621
295.1209226666387,0.03,694.006861347594
301.9951720402016,0.03,743.6417499013048
309.0295432513592,0.03,796.826491199925
316.22776601683796,0.03,853.8149682454624
323.5936569296284,0.03,914.8792215758482
331.1311214825911,0.03,980.3107478792732
338.84415613920277,0.03,1050.4218914845596
346.73685045253166,0.03,1125.5473353699053
354.81338923357566,0.03,1206.0456988076025
363.0780547701014,0.03,1292.3012492711239
371.5352290971724,0.03,1384.7257367766838
380.1893963205613,0.03,1483.7603594155873
389.04514499428046,0.03,1589.8778694600887
398.1071705534973,0.03,1703.5848300965229
407.3802778041126,0.03,1825.424033558349
416.8693834703355,0.03,1955.977092202474
426.57951880159254,0.03,2095.8672148974656
436.5158322401661,0.03,2245.7621819772135
446.683592150963,0.03,2406.3775329611117
457.0881896148752,0.03,2578.4799822578793
467.73514128719813,0.03,2762.8910791580347
478.6300923226385,0.03,2960.4911295866023
489.77881936844614,0.03,3172.2233983367287
501.18723362727246,0.03,3399.0986118442547
512.8613839913648,0.03,3642.199782997464
524.8074602497728,0.03,3902.687381014008
537.0317963702527,0.03,4181.804871063699
549.5408738576248,0.03,4480.884650081418
562.341325190349,0.03,4801.354407105091
575.4399373371573,0.03,5144.743938500777
588.843655355589,0.03,5512.69245060773
602.5595860743581,0.03,5906.956384663802
616.5950018614822,0.03,6329.4178013637875
630.9573444801937,0.03,6782.09336507588
645.6542290346556,0.03,7267.143970602675
660.6934480075957,0.03,7786.885058441828
676.0829753919819,0.03,8343.797667786697
691.8309709189363,0.03,8940.540280029949
707.945784384138,0.03,9579.96150930654
724.4359600749899,0.03,10265.113700655145
741.3102413009177,0.03,10999.267500711054
758.5775750291835,0.03,11785.927470484468
776.247116628692,0.03,12628.848814754361
794.3282347242813,0.03,13532.05530793634
812.8305161640995,0.03,14499.858501996838
831.7637711026708,0.03,15536.878308103225
851.1380382023768,0.03,16648.065050260037
870.9635899560806,0.03,17838.723096205085
891.2509381337459,0.03,19114.536178371745
912.0108393559096,0.03,20481.594525787958
933.2543007969915,0.03,21946.42393643071
954.992586021436,0.03,23516.016928814177
977.2372209558112,0.03,25197.866121518793
1000.0,0.03,27000.0
