peak_mach_exterior,center_density_deficit,center_density_ratio,center_temperature_ratio,center_pressure_ratio,center_incompressible_pressure_ratio,center_pressure_difference_over_exterior,max_local_mach,max_thermodynamic_kn_proxy,max_collision_shear_ratio
0.01,0.00013590854968109222,0.999864091450319,0.9999456343634309,0.9998097332025045,0.9998097202720079,1.293049667339119e-08,0.010000100002483452,1.0985544263237763e-08,6.053415694150091e-07
0.010246433413858919,0.00014268927744685506,0.9998573107225531,0.9999429218456077,0.9998002407126014,0.9998002264596271,1.4252974356310233e-08,0.010246540993352853,1.1533718023269964e-08,6.202598296794464e-07
0.010498939770464455,0.0001498082929980722,0.999850191707002,0.9999400739894826,0.9997902746738979,0.9997902589631892,1.571070873396252e-08,0.010499055501072652,1.2109248619159613e-08,6.355457728031684e-07
0.010757668727417933,0.0001572824718211731,0.9998427175281789,0.9999370840424894,0.9997798114662455,0.9997797941487129,1.7317532630123367e-08,0.010757793226744475,1.2713501633308211e-08,6.512084632878778e-07
0.011022773630384028,0.00016512953107715393,0.9998348704689228,0.9999339449151495,0.9997688262917175,0.9997688072030232,1.9088694291902186e-08,0.011022907562829457,1.334791084803657e-08,6.672571892852465e-07
0.011294411603976987,0.0001733680715643073,0.9998266319284357,0.9999306491642621,0.9997572931159185,0.9997572720749176,2.104100094157957e-08,0.011294555684284273,1.401398165506022e-08,6.837014681288892e-07
0.011572743644886573,0.00018201762177138986,0.9998179823782286,0.9999271889752557,0.9997451846063738,0.999745161413395,2.3192978870767433e-08,0.011572898641955768,1.471329463576374e-08,7.005510520042187e-07
0.011857934717298929,0.000191098684125197,0.9998089013158749,0.9999235561436584,0.9997324720678535,0.9997324465028044,2.556504918871383e-08,0.01185810145829089,1.5447509320866165e-08,7.178159337596952e-07
0.012150153850668947,0.0002006327835416666,0.9997993672164583,0.9999197420556447,0.9997191253744778,0.9997190971947566,2.817972122315382e-08,0.01215033322542006,1.6218368138505684e-08,7.355063528630833e-07
0.012449574239902091,0.00021064251839504025,0.9997893574816049,0.9999157376676113,0.9997051128984461,0.9997050818366394,3.106180668233094e-08,0.01244976720567353,1.702770056022983e-08,7.536328015064283e-07
0.012756373348005005,0.00022115161402528274,0.9997788483859747,0.9999115334847332,0.9996904014352206,0.9996903671965661,3.4238654467166896e-08,0.0127565809345919,1.7877427454859693e-08,7.72206030863556e-07
0.013070733011265784,0.00023218497890991333,0.9997678150210901,0.9999071195384511,0.9996749561249891,0.9996749183845788,3.7740410352427034e-08,0.013070956326493586,1.8769565660703757e-08,7.912370575040228e-07
0.013392839547026261,0.00024376876363264873,0.9997562312363674,0.9999024853628345,0.9996587403702244,0.9996586987699208,4.160030364630529e-08,0.013393079782663605,1.970623278713006e-08,8.107371699675324e-07
0.013722883864110103,0.00025593042278780035,0.9997440695772122,0.9998976199697661,0.9996417157491427,0.9996416698941812,4.5854961494562474e-08,0.013723142302229804,2.068965225706644e-08,8.307179355029597e-07
0.014061061575972316,0.00026869877996625423,0.9997313012200337,0.9998925118228875,0.9996238419248634,0.9996237913801065,5.054475693544447e-08,0.014061339595794427,2.17221586025891e-08,8.511912069762451e-07
0.014407573116637049,0.0002821040959760526,0.9997178959040239,0.999887148810246,0.9996050765500528,0.9996050208358609,5.5714191926625745e-08,0.01440787220189049,2.2806203026380114e-08,8.721691299515057e-07
0.014762623859492542,0.00029617814045817365,0.9997038218595419,0.9998815182155747,0.9995853751668311,0.9995853137545114,6.141231967404792e-08,0.014762945606334696,2.3944359242488583e-08,8.936641499498956e-07
0.01512642423901353,0.0003109542670660248,0.9996890457329339,0.9998756066881421,0.9995646911017073,0.9995646234084976,6.769320970434478e-08,0.015126770364549976,2.5139329610517052e-08,9.156890198908062e-07
0.015499189875483372,0.00032646749238549267,0.9996735325076145,0.9998694002110956,0.9995429753552957,0.9995429007388347,7.461646100992425e-08,0.015499562226933385,2.6393951578079478e-08,9.382568077201918e-07
0.015881141702789668,0.0003427545787811082,0.9996572454212189,0.9998628840682258,0.9995201764865581,0.9995200942387901,8.224776804066636e-08,0.015881542267346317,2.771120444713773e-08,9.613809042308974e-07
0.016272506099369238,0.0003598541213630399,0.9996401458786369,0.9998560428090731,0.9994962404912985,0.9994961498317558,9.065954265086162e-08,0.0162729370148068,2.9094216480626226e-08,9.850750310800296e-07
0.01667351502238001,0.0003778066392792229,0.9996221933607208,0.9998488602122934,0.9994711106746293,0.9994710107430266,9.993160277055324e-08,0.016673978588465362,3.054627236661883e-08,1.0093532490085645e-06
0.01708440614517932,0.0003966546715469876,0.999603345328453,0.9998413192471947,0.9994447275171096,0.9994446173651813,1.1015192824537223e-07,0.017084904835948198,3.2070821058180366e-08,1.03422996626851e-06
0.017505422998190204,0.00041644287764910947,0.9995835571223509,0.9998334020333565,0.999417028534244,0.9994169071167477,1.214174962793635e-07,0.017505959475153952,3.367148400798278e-08,1.0597199472631463e-06
0.01793681511323905,0.0004372181431302513,0.9995627818568698,0.9998250897982328,0.9993879481290162,0.9993878142938147,1.3383520147680628e-07,0.017937392239592398,3.5352063817750914e-08,1.085838321405971e-06
0.018378838171450234,0.0004590296904413758,0.9995409703095586,0.9998163628326406,0.9993574174371114,0.9993572699142422,1.475228691427688e-07,0.018379459027355955,3.711655332364298e-08,1.1126005922042124e-06
0.018831754154785343,0.000481929195291852,0.9995180708047081,0.9998072004440275,0.9993253641644705,0.9993252015540963,1.6261037416587243e-07,0.01883242205381749,3.896914513976469e-08,1.1400226465728876e-06
0.019295831501316908,0.0005059709087817389,0.9994940290912182,0.9997975809074072,0.9992917124167978,0.9992915331759255,1.7924087236664832e-07,0.019296550008150427,4.091424168317108e-08,1.1681207643856268e-06
0.01977134526432851,0.0005312117856000626,0.9994687882143999,0.9997874814138477,0.9992563825206252,0.9992561849484669,1.975721583002965e-07,0.019772118213769806,4.2956465704923924e-08,1.1969116282686231e-06
0.02025857727533569,0.0005577116185889239,0.999442288381411,0.9997768780163883,0.999219290835522,0.9992190730573589,2.1777816305856845e-07,0.020259408792795718,4.5100671353056666e-08,1.2264123336443028e-06
0.020757816311124264,0.000585533179987932,0.9994144668200121,0.9997657455732594,0.9991803495570108,0.9991801095064078,2.400506030619809e-07,0.020758710834643635,4.735195579464914e-08,1.2566403990315074e-06
0.021269358264904944,0.0006147423696888345,0.9993852576303112,0.9997540576882685,0.9991394665097393,0.9991392019089399,2.646007993822863e-07,0.021270320568848707,4.971567142564018e-08,1.2876137766091774e-06
0.02179350632168584,0.0006454083708463227,0.9993545916291536,0.9997417866482122,0.9990965449304247,0.999096253268743,2.9166168169503237e-07,0.02179454154223451,5.219743869850942e-08,1.3193508630507925e-06
0.022330571137966736,0.0006776038132078689,0.9993223961867921,0.9997289033571651,0.9990514832400762,0.9990511617500778,3.2148999840053705e-07,0.02233168480053986,5.480315959954687e-08,1.3518705106370072e-06
0.02288087102586161,0.0007114049445431212,0.9992885950554569,0.9997153772674902,0.9990041748049663,0.9990038204362154,3.543687508988924e-07,0.02288206907462042,5.7539031809101386e-08,1.3851920386542131e-06
0.02344473214175848,0.0007468918105719013,0.9992531081894281,0.9997011763074074,0.9989545076858043,0.9989541170759259,3.906098784423051e-07,0.02344602097134533,6.041156357996691e-08,1.4193352450869695e-06
0.024022488679628626,0.0007841484438092555,0.9992158515561907,0.9996862668049482,0.9989023643745356,0.9989019338173188,4.305572167684346e-07,0.024023875169312838,6.34275893709319e-08,1.4543204186125598e-06
0.024614483069099437,0.0008232630617662847,0.9991767369382337,0.9996706134081156,0.9988476215181634,0.9988471469284046,4.7458975882541665e-07,0.02461597461951216,6.659428627448468e-08,1.4901683509061524e-06
0.025221066178408514,0.000864328274966771,0.9991356717250333,0.9996541790010607,0.9987901496289614,0.9987896265037125,5.231252488968607e-07,0.02522267075106295,6.991919127975138e-08,1.5269003492653928e-06
0.025842597522359206,0.0009074413052618583,0.9990925586947381,0.9996369246160774,0.998729812780416,0.9987292361562711,5.766241448768028e-07,0.02584432368216752,7.341021941394028e-08,1.564538249563507e-06
0.026479445475400924,0.0009527042149483468,0.9990472957850517,0.999618809341206,0.9986664682882049,0.9986658326942207,6.355939842217495e-07,0.026481302436415208,7.707568280789069e-08,1.603104429540361e-06
0.02713198748996034,0.0010002241472205327,0.9989997758527794,0.9995997902232258,0.9985999663754879,0.99859926578129,7.00594197877713e-07,0.02713398516458224,8.092431073378142e-08,1.642621822441215e-06
0.02780061032015318,0.0010501135785110618,0.998949886421489,0.9995798221658095,0.9985301498217476,0.9985293775803336,7.722414140376443e-07,0.0278027593720754,8.496527066565329e-08,1.6831139310132875e-06
0.02848571025100888,0.0011024905833029145,0.9988975094166971,0.999558857822595,0.9984568535943886,0.9984560023790827,8.512153059081484e-07,0.02848802215217173,8.920819041614614e-08,1.7246048418706004e-06
0.029187693333344093,0.0011574791120225842,0.9988425208879774,0.9995368474849214,0.9983799044622607,0.9983789661972249,9.382650357769862e-07,0.02919018042521183,9.36631814057626e-08,1.7671192402379554e-06
0.029906975624424414,0.0012152092826537187,0.9987847907173463,0.999513738963965,0.9982991205902361,0.9982980863738777,1.0342163583310082e-06,0.029909651183909206,9.834086312404927e-08,1.8106824250853229e-06
0.030643983434556654,0.001275817686740955,0.998724182313259,0.9994894774669946,0.9982143111139307,0.9982131711344809,1.13997944972688e-06,0.030646861744942935,1.0325238884534442e-07,1.855320324664303e-06
0.031399153579758046,0.0013394477104856615,0.9986605522895143,0.9994640054674511,0.9981252756936149,0.9981240191360787,1.256557536133407e-06,0.03140225000700688,1.0840947266519912e-07,1.901059512458811e-06
0.03217293364065208,0.001406249871668592,0.9985937501283314,0.999437262568547,0.9980318040463192,0.9980304189899147,1.3850564044570746e-06,0.032176264715493924,1.1382441792723736e-07,1.947927223562586e-06
0.032965782227744315,0.0014763821731692984,0.9985236178268307,0.999409185360059,0.9979336754550917,0.9979321487602064,1.526694885289892e-06,0.032969365733999716,1.1951014711410145e-07,1.995951371496613e-06
0.0337781692532356,0.0015500104738885743,0.9984499895261114,0.9993797072679751,0.9978306582543179,0.9978289754379127,1.6828164052240524e-06,0.03378202432283668,1.2548023328024703e-07,2.0451605654800867e-06
0.034610576209533526,0.0016273088779181263,0.9983726911220818,0.9993487583966413,0.997722509289966,0.9977206543882446,1.8549017213320695e-06,0.034614723424755196,1.3174893310871646e-07,2.0955841281690736e-06
0.035463496454627506,0.0017084601428414298,0.9982915398571586,0.9993162653630316,0.9976089733535658,0.9976069287706107,2.0445829550519434e-06,0.035467957958075925,1.3833122167866027e-07,2.147252113877636e-06
0.03633743550449626,0.0017936561080910006,0.998206343891909,0.9992821511227489,0.9974897825886813,0.9974875289296211,2.253659060147406e-06,0.03634223511744378,1.4524282903529217e-07,2.2001953272967493e-06
0.03723291133272139,0.0018830981443306227,0.9981169018556694,0.9992463347873445,0.9973646558685773,0.9973621717557057,2.484112871514732e-06,0.03723807468242212,1.52500278659204e-07,2.2544453427270557e-06
0.03815045467748429,0.0019769976248759837,0.998023002375124,0.9992087314325235,0.9972332981437261,0.9972305600138325,2.738129893598007e-06,0.03815600933415258,1.6012092793751738e-07,2.3100345238421014e-06
0.039090609356128535,0.0020755764202141907,0.9979244235797858,0.9991692518967803,0.9970953997577403,0.9970923816387312,3.018119009157161e-06,0.0390965849803146,1.681230107452706e-07,2.3669960439994964e-06
0.040053932587474146,0.002179067416731527,0.9978209325832684,0.9991278025699869,0.9969506357302561,0.9969473089949542,3.3267353019006407e-06,0.04006036108862717,1.7652568225172587e-07,2.425363907118159e-06
0.04104099532207477,0.0022877150608097345,0.9977122849391903,0.9990842851714339,0.9967986650052288,0.9967949981000185,3.6669052103643907e-06,0.04104791102914374,1.8534906607298401e-07,2.4851729691406376e-06
0.04205238258061348,0.002401775929504182,0.9975982240704958,0.9990385965167963,0.9966391296630366,0.9966350878087871,4.0418542495146426e-06,0.04205982242560101,1.9461430389942653e-07,2.5464589601003335e-06
0.04308869380063767,0.002521519329072421,0.9974784806709276,0.998990628273473,0.9964716540947192,0.9964671989571553,4.455137563863509e-06,0.043096697516091645,2.0434360773411077e-07,2.6092585068144004e-06
0.044150543191838976,0.00264722792267911,0.9973527720773209,0.9989402667037183,0.9962958441366117,0.996290933463014,4.910673597646742e-06,0.04415915352334211,2.1456031488635374e-07,2.673609156224028e-06
0.04523856010008803,0.0027791983886628034,0.9972208016113372,0.9988873923949583,0.9961112861635586,0.9961058733823539,5.412781204694461e-06,0.04524782303488607,2.2528894587338553e-07,2.7395493994048368e-06
0.04635338938044069,0.0029177421108122605,0.9970822578891877,0.9988318799766506,0.995917546138821,0.9959115799182771,5.966220543940359e-06,0.04636335439343715,2.3655526539220013e-07,2.8071186962712477e-06
0.04749569177933607,0.0030631859021640773,0.996936814097836,0.9987735978230181,0.995714168618713,0.9957075923805634,6.576238149591518e-06,0.04750641209777499,2.483863465335882e-07,2.876357500999796e-06
0.04866614432621334,0.0032158727639003313,0.9967841272360997,0.99871240774095,0.9955006757099266,0.9954934270933252,7.248616601396307e-06,0.0486776772144725,2.6081063842088856e-07,2.9473072881975885e-06
0.049865440734779304,0.0033761626809940214,0.996623837319006,0.9986481646423319,0.9952765659774232,0.9952685762481615,7.989729261748124e-06,0.04987784780080485,2.7385803746727633e-07,3.020010579843509e-06
0.05109429181416444,0.0035444334563217938,0.9964555665436782,0.9985807162000258,0.9950413133006887,0.9950325067000902,8.80660059843219e-06,0.051107639339194905,2.875599624574763e-07,3.0945109730310036e-06
0.052353425890211296,0.003721081585037566,0.9962789184149624,0.9985099024866875,0.9947943656760666,0.9947846587034062,9.706972660450397e-06,0.05236778518356495,3.019494336727209e-07,3.170853168542938e-06
0.05364358923714477,0.003906523171077365,0.9960934768289227,0.9984355555955613,0.9945351439627997,0.9945244445844645,1.0699378335199405e-05,0.053659037017979555,3.17061156291636e-07,3.249083000290522e-06
0.054965546519880316,0.004101194887744902,0.9958988051122551,0.9983574992423557,0.9942630405703212,0.9942512473482452,1.1793222076006415e-05,0.05498216532798233,3.3293160831459414e-07,3.3292474656499537e-06
0.05632008124723185,0.004305554984408994,0.995694445015591,0.9982755483472551,0.993977418084255,0.9939644192153929,1.2998868862079682e-05,0.05633795988504463,3.495991332750257e-07,3.4113947567323456e-06
0.05770799623628855,0.004520084341428382,0.9954799156585716,0.9981895085960754,0.9936776078284921,0.9936632800862637,1.4327742228426033e-05,0.057727230244566025,3.671040380183204e-07,3.495574292624349e-06
0.059130114088235174,0.004745287575505839,0.9952547124244941,0.9980991759795251,0.9933629083606269,0.993347115928338,1.5792432288885827e-05,0.05915080625788239,3.8548869584734674e-07,3.581836752638975e-06
0.06058727767589829,0.004981694197762795,0.9950183058022372,0.9980043363094783,0.9930325838979432,0.9930151770831739,1.740681476936068e-05,0.060609538598761614,4.0479765535343936e-07,3.670234110618364e-06
0.06208035064330728,0.005229859826916891,0.9947701401730831,0.9979047647111109,0.9926858626710593,0.9926666764888883,1.9186182171004873e-05,0.06210429930488679,4.250777552730111e-07,3.7608196703325257e-06
0.06361021791756619,0.005490367460038591,0.9945096325399614,0.9978002250897002,0.9923219352022485,0.9923007878139507,2.1147388297837466e-05,0.0636359823348514,4.46378245732914e-07,3.853648102020737e-06
0.06517778623333978,0.005763828803458634,0.9942361711965414,0.9976904695708183,0.9919399525053699,0.9919166434978642,2.330900750568965e-05,0.06520550414121562,4.6875091627243216e-07,3.948775480124873e-06
0.06678398467026465,0.006050885666495747,0.9939491143335043,0.9975752379125967,0.9915390242042603,0.9915133326940885,2.5691510171843568e-05,0.06681380426019927,4.922502310564979e-07,4.0462593222669485e-06
0.06842976520360419,0.006352211420773551,0.9936477885792264,0.9974542568886647,0.9911182165663573,0.9910898991103264,2.8317456030935162e-05,0.06846184591861562,5.169334717235738e-07,4.146158629526202e-06
0.07011610326847305,0.006668512527996304,0.9933314874720037,0.9973272396403016,0.9906765504482483,0.9906453387410555,3.121170719277977e-05,0.07015061665867918,5.428608883427982e-07,4.248533928074487e-06
0.07184399833796648,0.007000530139155618,0.9929994698608444,0.9971938849962642,0.9902129991497661,0.9901785974869245,3.440166284163215e-05,0.07188112898135422,5.700958589887257e-07,4.35344731223225e-06
0.07361447451553643,0.00734904176824312,0.9926509582317569,0.9970538767586781,0.9897264861731898,0.9896885686553732,3.791751781656583e-05,0.07365442100894314,5.987050584784728e-07,4.460962489011321e-06
0.07542858114196584,0.007714863043647897,0.9922851369563521,0.9969068829532995,0.9892158828840449,0.9891740903365485,4.179254749647754e-05,0.07547155716765114,6.287586368556188e-07,4.57114482421485e-06
0.07728739341730076,0.008098849540521317,0.9919011504594787,0.9967525550423695,0.9886800060699512,0.9886339426482933,4.606342165791588e-05,0.07733362889090212,6.603304082480969e-07,4.684061390169261e-06
0.07919201303810904,0.008501898697495243,0.9914981013025047,0.9965905270981938,0.9881176153939216,0.9880668448436787,5.077055024294008e-05,0.07924175534422154,6.934980507738197e-07,4.799781015167867e-06
0.0811435688504432,0.0089249518212422,0.9910750481787578,0.9964204149354907,0.9875274107384893,0.9874714522742174,5.595846427186579e-05,0.08119708417254716,7.283433182183438e-07,4.918374334711032e-06
0.0831432175188943,0.009368996182466742,0.9906310038175332,0.9962418152004463,0.9869080294370196,0.986846353201562,6.167623545760836e-05,0.08320079227087422,7.649522642638012e-07,5.0399138446333296e-06
0.08519214421213388,0.00983506720701608,0.9901649327929839,0.9960543044143211,0.9862580433885686,0.9861900654501237,6.797793844492972e-05,0.08525408657919416,8.034154801081508e-07,5.164473956214312e-06
0.08729156330534968,0.01032425076589282,0.9896757492341072,0.9958574379693369,0.9855759560526619,0.9855010328926792,7.492315998269827e-05,0.08735820490273695,8.438283463788807e-07,5.292131053375815e-06
0.0894427190999916,0.010837685568043973,0.989162314431956,0.9956507490744655,0.984860199320409,0.9847776217606293,8.257755977969516e-05,0.08951441675858805,8.862913003163205e-07,5.422963552076029e-06
0.09164688656125514,0.011376565659886121,0.9886234343401139,0.9954337476486177,0.9841091302584266,0.9840181167701618,9.101348826479061e-05,0.09172402424981067,9.309101192791808e-07,5.557051962018058e-06
0.09390537207373825,0.01194214303560524,0.9880578569643947,0.9952059191586096,0.9833210277221365,0.9832207170551334,0.00010031066700311175,0.09398836296827068,9.777962217095128e-07,5.694478950798938e-06
0.09621951421572059,0.0125357303623412,0.9874642696376588,0.9949667233991504,0.9824940888351166,0.9823835318970263,0.00011055693809025602,0.09630880292743359,1.0270669867868065e-06,5.8353294106340715e-06
0.09859068455252328,0.013158703824428155,0.9868412961755718,0.9947155932119592,0.9816264253313427,0.9815045762418572,0.0001218490894855373,0.09868674952647773,1.0788460941021336e-06,5.979690527801668e-06
0.10102028844941993,0.013812506090911869,0.9861874939090881,0.9944519331409726,0.9807160597573439,0.9805817659934041,0.00013429376393980785,0.10112364454715128,1.1332638847940886e-06,6.127651854962356e-06
0.10350976590458026,0.014498649410601841,0.9855013505893981,0.9941751180204561,0.9797609215315338,0.9796129130715965,0.00014800845993734324,0.10362096718488713,1.1904577457098242e-06,6.27930538652034e-06
0.1060605924025406,0.015218718838936784,0.9847812811610632,0.9938844914926706,0.9787588428582639,0.9785957202243468,0.0001631226339170455,0.10618023511578575,1.2505725182878584e-06,6.434745637205057e-06
0.10867427978870633,0.015974375600944498,0.9840256243990555,0.9935793644515785,0.9777075544944812,0.9775277755805247,0.00017977891395648538,0.10880300560117648,1.3137609340058324e-06,6.594069724065515e-06
0.11135237716540543,0.016767360594558828,0.9832326394054411,0.993259013408902,0.9766046813672792,0.9764065469311568,0.0001981344361223769,0.11149087663157803,1.3801840783975371e-06,6.757377452084191e-06
0.11409647181002311,0.017599498038513628,0.9824005019614864,0.9929226787786553,0.9754477380410946,0.9752293757252936,0.00021836231580107945,0.11424548811199624,1.450011885820865e-06,6.924771403633215e-06
0.1169081901157633,0.01847269926896326,0.9815273007310368,0.9925695630760872,0.9742341240338563,0.9739934707663052,0.000240653267551183,0.11706852309062542,1.5234236673538021e-06,7.096357032012927e-06
0.11978919855559281,0.01938896668887671,0.9806110333111233,0.9921988290267605,0.9729611189820181,0.9726959015936615,0.0002652173883566089,0.11996170903315402,1.6006086744110997e-06,7.272242759331603e-06
0.12274120466994073,0.020350397874114468,0.9796496021258856,0.9918095975812862,0.9716258776551416,0.9713335915345017,0.00029228612063991743,0.12292681914502607,1.6817667009123297e-06,7.452540079005847e-06
0.12576595807873772,0.021359189839917865,0.9786408101600821,0.9914009458310058,0.9702254248215272,0.9699033104085202,0.00032211441300700194,0.1259656737441665,1.76710872709513e-06,7.637363663183548e-06
0.1288652515183958,0.02241764347131565,0.9775823565286843,0.9909719048196768,0.9687566499673388,0.9684016668688689,0.0003549830984699298,0.12908014168685383,1.85685760835865e-06,7.826831475415837e-06
0.13204092190434247,0.023528168120673796,0.9764718318793262,0.9905214572459766,0.9672163018727585,0.9668251003609183,0.00039120151184024454,0.13227214184960615,1.951248812844719e-06,8.021064888931264e-06
0.1352948514197391,0.024693286375278692,0.9753067136247213,0.9900485350513737,0.9656009830499249,0.9651698726798078,0.00043111037011711595,0.13554364467015118,2.0505312118220344e-06,8.220188810894953e-06
0.1386289686310293,0.025915638997440295,0.9740843610025597,0.9895520168876484,0.9639071440487992,0.9634320591067693,0.0004750849420298575,0.13889667375076659,2.154967927335878e-06,8.424331813067505e-06
0.14204524963097787,0.02719799003912432,0.9728020099608756,0.989030725458059,0.9621310776386629,0.9616075391032067,0.0005235385354561695,0.14233330752751505,2.264837242027387e-06,8.63362626931385e-06
0.1455457192098783,0.028543232132561467,0.9714567678674385,0.9884834247258473,0.9602689128747081,0.9596919865404655,0.0005769263342425557,0.1458556810091525,2.3804335765178e-06,8.848208500451109e-06
0.1491324520556225,0.029954391957626864,0.9700456080423732,0.9879088169834651,0.9583166090611469,0.9576808594421277,0.0006357496190192435,0.14946598758976629,2.502068540300609e-06,9.068218926967008e-06
0.15280757398334435,0.031434635886024125,0.9685653641139759,0.9873055397755737,0.956269949624474,0.955569389214508,0.0007005604099660223,0.15316648093950147,2.6300720626953604e-06,9.293802230187501e-06
0.15657326319536594,0.032987275801432334,0.9670127241985677,0.9866721626685191,0.954124535912977,0.953352569339817,0.0007719665731599212,0.15695947697806123,2.7647936110990774e-06,9.525107522523868e-06
0.16043175157219244,0.034615775093768265,0.9653842249062318,0.9860071838586235,0.9518757809413335,0.9510251435051822,0.0008506374361513247,0.1608473559360196,2.9066035045342498e-06,9.762288527486624e-06
0.16438532599532257,0.036323754824565936,0.963676245175434,0.9853090266112505,0.9495189031021918,0.9485815931393767,0.0009373099628150472,0.16483256450937842,3.055894331346844e-06,1.0005503770216706e-05
0.16843632970265646,0.03811500005916252,0.9618849999408374,0.9845760355222023,0.9470489198700236,0.946016124327708,0.001032795542315612,0.16891761811321346,3.213082480865653e-06,1.0254916779353844e-05
0.17258716367730575,0.039993466359889304,0.9600065336401107,0.9838064725925818,0.944460641526309,0.9433226540740365,0.0011379874522725597,0.1731051032407203,3.3786097999100664e-06,1.0510696301139484e-05
0.1768402880706284,0.04196328643277591,0.9580367135672241,0.9829985131078152,0.9417486649392791,0.940494795877353,0.0012538690619261494,0.1773976799344672,3.5529453862426516e-06,1.0773016526736781e-05
0.18119822366033236,0.04402877691836558,0.9559712230816344,0.982150241311061,0.9389073674360574,0.9375258445887136,0.0013815228473438301,0.18179808437721157,3.736587532424486e-06,1.1042057333845637e-05
0.18566355334451115,0.0461944453150838,0.9538055546849162,0.9812596458607505,0.9359309008101376,0.9344087605126268,0.0015221402975108544,0.18630913161022958,3.93006583506628e-06,1.1318004543795765e-05
0.19023892367249767,0.04846499702117715,0.9515350029788229,0.9803246150614846,0.9328131855127431,0.9311361527151959,0.0016770327975471622,0.19093371838776566,4.133943486201667e-06,1.1601050195418725e-05
0.19492704641344377,0.05084534247851491,0.9491546575214851,0.9793429318569823,0.9295479050828012,0.9277002614994379,0.001847643583363312,0.1956748261769195,4.3488197654690794e-06,1.1891392837130818e-05
0.19973070016355388,0.05334060439848886,0.9466593956015111,0.9783122685732076,0.926128500877056,0.9240929400062269,0.002035560870829123,0.20053552431307184,4.575332754008269e-06,1.2189237838804859e-05
0.20465273199292755,0.055956125046828946,0.9440438749531711,0.9772301813992098,0.9225481671693003,0.9203056348972344,0.0022425322720659446,0.20551897332181016,4.814162293495267e-06,1.2494797725172932e-05
0.20969605913298472,0.05869747356032612,0.9413025264396739,0.9760941045925903,0.9187998466958766,0.9163293660740659,0.0024704806218106556,0.2106284284192546,5.066033216601459e-06,1.2808292532685226e-05
0.21486367070547516,0.061570453264189307,0.9384295467358107,0.9749013443958582,0.9148762267335377,0.9121547053855037,0.0027215213480340505,0.21586724320372133,5.331718878412758e-06,1.3129950191956093e-05
0.22015862949409604,0.0645811089540072,0.9354188910459927,0.9736490726492485,0.9107697358055193,0.9077717542723698,0.002997981533149563,0.22123887355280009,5.61204502206274e-06,1.3460006938159762e-05
0.22558407375976913,0.06773573410099312,0.9322642658990069,0.9723343200848575,0.9064725411223198,0.9031701202970015,0.0033024208253182863,0.2267468817411763,5.9078940160628305e-06,1.3798707751998656e-05
0.23114321910065136,0.07104087793330746,0.9289591220666925,0.9709539692861971,0.9019765468752761,0.8983388925016901,0.0036376543735859856,0.23239494079591047,6.220209505661989e-06,1.4146306834161287e-05
0.23683936035798273,0.07450335233972134,0.9254966476602786,0.9695047472964723,0.8972733935136108,0.8932666155376532,0.004006777975957609,0.23818683910741612,6.550001526119726e-06,1.450306811651889e-05
0.24267587356890089,0.07813023853464142,0.9218697614653586,0.967983217858057,0.8923544581492772,0.8879412625031993,0.004413195646077894,0.2441264853160648,6.898352132150637e-06,1.4869265813686782e-05
0.24865621796737886,0.08192889341549331,0.9180711065845066,0.9663857732647658,0.8872108562487077,0.8823502064266802,0.004860649822027496,0.25021791349621286,7.266421605130071e-06,1.5245185019002991e-05
0.25478393803447374,0.08590695553458688,0.9140930444654132,0.964708625807604,0.8818334447865177,0.876480190326614,0.005353254459903756,0.2564652886615194,7.655455308099285e-06,1.56311223494635e-05
0.2610626655990992,0.0900723505977749,0.9099276494022251,0.9629477987937111,0.8762128270534083,0.8703172957779888,0.00589553127541953,0.2628729126177145,8.066791268365168e-06,1.602738664470692e-05
0.2674961219905689,0.09443329639139288,0.9055667036086071,0.9610991171172042,0.8703393593289692,0.8638469099102146,0.006492449418754598,0.26944523019153827,8.501868578778644e-06,1.6434299725776444e-05
0.27408812024418466,0.0989983070270246,0.9010016929729754,0.9591581973595635,0.8642031596498739,0.8570536907584722,0.007149468891401778,0.27618683586740267,8.962236721865512e-06,1.6852197220095273e-05
0.2808425673611795,0.1037761963804915,0.8962238036195085,0.9571204373960861,0.857794118925088,0.8499215308863013,0.007872588038786654,0.28310248086650514,9.449565936196549e-06,1.7281429459968895e-05
0.2877634666243514,0.10877608058699259,0.8912239194130074,0.9549810054837647,0.8511019146722156,0.8424335191931767,0.00866839547903897,0.29019708070664674,9.96565876209991e-06,1.7722362462821995e-05
0.294854919970763,0.11400737943842498,0.885992620561575,0.9527348288047177,0.8441160276729753,0.8345719008165119,0.009544126856463442,0.29747572328496613,1.0512462924503286e-05,1.8175379002530326e-05
0.3021211304229125,0.11947981651146258,0.8805201834885374,0.950376581438004,0.8368257618710002,0.8263180350330137,0.010507726837986509,0.30494367753022555,1.1092085734882896e-05,1.8640879782466498e-05
0.30956640457981593,0.12520341783583785,0.8747965821641621,0.9479006717313055,0.8292202678616596,0.8176523510595693,0.011567916802090239,0.3126064026762462,1.170681022271521e-05,1.911928472236388e-05
0.3171951551694795,0.13118850889132477,0.8688114911086753,0.945301229042532,0.8212885703513056,0.8085543016488621,0.01273426870244354,0.3204695582136749,1.2359113240156016e-05,1.961103437282786e-05
0.3250119036642719,0.13744570969901268,0.8625542903009873,0.9425720898199114,0.8130195999921321,0.7990023143696898,0.01401728562244231,0.3285390145835428,1.3051685823078032e-05,2.0116591473335098e-05
0.33302128296074934,0.143985927747448,0.856014072252552,0.9397067829875606,0.804402230028527,0.7889737404564622,0.015428489572064774,0.33682086468316424,1.3787456138090156e-05,2.06364426719177e-05
0.34122804012551883,0.15082034846694553,0.8491796515330544,0.9366985146018856,0.7954253182211589,0.7784448011065996,0.01698051711455928,0.34532143626293205,1.4569615400317886e-05,2.1171100427493894e-05
0.3496370392087708,0.15796042293568077,0.8420395770643192,0.9335401517424262,0.7860777545457529,0.7673905310984918,0.018687223447261148,0.3540473053016399,1.5401647212278647e-05,2.17211051190657e-05
0.35825326412714503,0.16541785246889798,0.834582147531102,0.9302242055989526,0.7763485151941872,0.755784719596334,0.020563795597853263,0.36300531045825246,1.6287360852342983e-05,2.2287027389855512e-05
0.36708182161764036,0.17320456970755962,0.8267954302924404,0.9267428137147092,0.7662267234356799,0.7435998480014823,0.022626875434197613,0.3722025687097547,1.7230929134738382e-05,2.2869470759023507e-05
0.37612794426431917,0.18133271578485138,0.8186672842151486,0.9230877213437036,0.7557017179247998,0.7308070247029628,0.024894693221837016,0.38164649229806213,1.823693157517537e-05,2.3469074539050464e-05
0.3853969935995985,0.18981461310799247,0.8101853868920075,0.9192502618778366,0.7447631290700742,0.717375916572428,0.027387212497646196,0.3913448071242214,1.9310403731116843e-05,2.4086517103376035e-05
0.3948944632819698,0.19866273324865252,0.8013372667513475,0.9152213362974629,0.7334009641011248,0.7032746770411201,0.030126287060004642,0.4013055727456056,2.045689374866248e-05,2.472251955669285e-05
0.40462598235202596,0.20788965938779908,0.7921103406122009,0.9109913915966602,0.7216057014924134,0.6884698705883106,0.03313583090410288,0.41153720415186246,2.168252734547999e-05,2.5377849869709595e-05
0.41459731856872883,0.21750804270991847,0.7824919572900815,0.906550398132048,0.7093683954164488,0.6729263934621676,0.036442001954281156,0.4220484955184787,2.299408269933054e-05,2.605332755159252e-05
0.4248143818278936,0.22753055208717893,0.772469447912821,0.9018878258414488,0.6966807909070384,0.6566073904450705,0.040073400461967834,0.43284864616347957,2.439907700509133e-05,2.67498289471552e-05
0.43528322766491506,0.23796981633622863,0.7620301836637714,0.8969926192760052,0.6835354504119415,0.6394741674660178,0.04406128294592371,0.4439472889636567,2.5905866821813394e-05,2.7468293262801645e-05
0.44601006084381445,0.2488383582689825,0.7511616417310175,0.8918531713865476,0.6699258924017336,0.6214860998529167,0.04843979254881692,0.45535452152256234,2.7523764774454974e-05,2.8209729446026535e-05
0.457001239034731,0.2601485196940499,0.7398514803059502,0.8864572960020622,0.6558467426751355,0.6026005360072176,0.053246206667917906,0.4670809404242483,2.9263175720104795e-05,2.8975224068943168e-05
0.4682632765820397,0.27191237645762956,0.7280876235423704,0.8807921989349976,0.6412938989572411,0.5827726962724915,0.058521202684749585,0.47913767895551584,3.113575616708344e-05,2.9765950398175537e-05
0.4798028483653273,0.2841416425420641,0.7158583574579359,0.8748444476449031,0.6262647093222755,0.561955566757161,0.06430914256511455,0.4915364487366196,3.315460158034355e-05,3.0583178873201334e-05
0.4916267937555173,0.2968475621673239,0.7031524378326761,0.8685999393884627,0.6107581648823123,0.5400997878596195,0.07065837702269273,0.5042895857676468,3.533446726549836e-05,3.142828926514137e-05
0.503742120668486,0.31004078876616376,0.6899592112338362,0.8620438677804092,0.5947751070627365,0.517153537231432,0.07762156983130453,0.5174101014772176,3.7692029857242707e-05,3.230278485101759e-05
0.5161560097185727,0.32373124962852795,0.676268750371472,0.8551606876860285,0.5783184496282392,0.4930624069010997,0.08525604272713949,0.5309117394542726,4.024619812451685e-05,3.3208309018605705e-05
0.5288758184744475,0.3379279949362328,0.6620720050637672,0.8479340783620121,0.5613934154230348,0.4677692742670423,0.09362414115599249,0.544809038655755,4.301848395350029e-05,3.414666481948817e-05
0.5419090858198563,0.3526390298366709,0.647360970163329,0.8403469047582598,0.5440077875380578,0.4412141666539091,0.10279362088414867,0.5591174040168001,4.6033447116156204e-05,3.511983811991747e-05
0.5552635364218317,0.36787112813641987,0.6321288718635801,0.8323811768888744,0.5261721743072433,0.4133341191110602,0.11283805519618306,0.5738531855506678,4.931923097186729e-05,3.6130025170346725e-05
0.5689470853090125,0.38362962613490104,0.616370373865099,0.8240180071760157,0.5079002871546545,0.3840630251160547,0.1238372620385998,0.5890337672192824,5.290821083456352e-05,3.7179665638270005e-05
0.582967842562791,0.3999181950681516,0.6000818049318484,0.8152375656654679,0.48920922985278026,0.3533314798291375,0.13587775002364277,0.6046776670898169,5.683778271911298e-05,3.827148244367428e-05
0.5973341181240627,0.41673859059769136,0.5832614094023086,0.8060190330077354,0.4701197971971776,0.3210666155270737,0.1490531816701039,0.6208046505783616,6.115132803620182e-05,3.9408530127390214e-05
0.6120544267184347,0.4340903777650076,0.5659096222349923,0.796340551093176,0.4506567804395449,0.2871919288261159,0.163464851613429,0.6374358589313417,6.589940020312484e-05,4.059425400552038e-05
0.6271374929028034,0.45197062984525327,0.5480293701547467,0.7861791712241273,0.4308492760347392,0.25162709928444515,0.17922217675029406,0.654593955525725,7.114119300001694e-05,4.183256306797043e-05
0.6425922562362996,0.47037359958318753,0.5296264004168124,0.7755107997011319,0.410730993330074,0.21428779895396144,0.19644319437611257,0.6723032931021014,7.694636914602956e-05,4.312792053671017e-05
0.6584278765786616,0.4892903613911142,0.5107096386088859,0.764310140694245,0.39034055573906445,0.17508549242985716,0.2152550633092073,0.6905901057089834,8.339735285781819e-05,4.448545731033671e-05
0.6746537395191775,0.5087084232463699,0.49129157675363005,0.7525506362639637,0.36972178867707023,0.13392722692387282,0.2357945617531974,0.7094827299701726,9.059222476685118e-05,4.5911115329105384e-05
0.6912794619394171,0.5286113072620786,0.47138869273792133,0.7402044033895604,0.3489239860726579,0.09071541186346121,0.2582085742091967,0.7290118613402924,9.864840544902323e-05,4.74118304030248e-05
0.7083148977130459,0.54897809824102,0.45102190175898,0.7272421678555114,0.3280021455855161,0.04534758749428991,0.2826545580912262,0.749210852354723,0.0001077073806737439,4.8995767544776876e-05
0.7257701435461016,0.5697829599859685,0.4302170400140315,0.7136331948392562,0.30701716073950147,-0.002283818062603471,0.30930097880210494,0.7701160616018219,0.00011794081596258595,5.067262674731683e-05
0.7436555449611963,0.5909946197650863,0.40900538023491373,0.6993452160357019,0.28603595600015014,-0.05229174387504365,0.3383276998751938,0.7917672643746859,0.00012955854311884647,5.245404400690093e-05
0.7619817024291866,0.6125758221616252,0.3874241778383748,0.6843443531456831,0.2651315483758007,-0.10479476399010923,0.36992631236590995,0.8142081388735476,0.0001428190969945784,5.435412197718763e-05
0.7807594776519522,0.6344827546288964,0.36551724537110364,0.6685950375469529,0.24438301639295185,-0.1599173685856652,0.40430038497861703,0.8374868456767378,0.0001580437679558874,5.639013792158119e-05
0.8,0.6566644484953172,0.3433355515046828,0.6520599259572423,0.22387535429263244,-0.2177902591496521,0.44166561344228455,0.8616567233317961,0.00017563556346249074,5.858349477914026e-05
