factor,radius_vary_r0_m,radius_vary_u0_introductory_ceiling_m,air_kn_crossing_speed_m_s
0.1,3.33564095198152e-11,4.675021630105557e-11,14.858841010401187
0.10394574653722628,3.467256889338633e-11,4.855800144358792e-11,15.445133215041055
0.10804718223181288,3.604066057986451e-11,5.0435691869563566e-11,16.05455902404352
0.11231045018329522,3.7462733696688e-11,5.2385990747925535e-11,16.688031230801663
0.11674193588234581,3.894091821427536e-11,5.441170577651672e-11,17.34649864522226
0.1213482767749144,4.0477428146279247e-11,5.651575322410912e-11,18.030947514846122
0.12613637220374432,4.207456486571931e-11,5.870116212873599e-11,18.74240300204225
0.13111339374215644,4.373472055196146e-11,6.097107865836958e-11,19.48193071948833
0.1362867959355774,4.546038177370606e-11,6.332877064022023e-11,20.250638326237357
0.1416643274669021,4.7254133213351916e-11,6.57776322651799e-11,21.049677186761084
0.14725404276241227,4.911866153831404e-11,6.83211889741841e-11,21.880244095455016
0.15306431405563586,5.105675942509396e-11,7.096310253352065e-11,22.743583069188094
0.15910384392721524,5.307132974212955e-11,7.370717630639836e-11,23.640987210581763
0.16538167833956727,5.5165389897689574e-11,7.655736072836243e-11,24.573800644809406
0.17190722018585747,5.7342076359325044e-11,7.951775899443629e-11,25.543420532816857
0.17869024337358286,5.960464935164675e-11,8.259263296618197e-11,26.55129916397962
0.18574090746385719,6.19564977394652e-11,8.578640930718086e-11,27.59894613133093
0.193069772888325,6.440114410360683e-11,8.910368585576484e-11,28.687930592618876
0.20068781676649675,6.694225001700901e-11,9.25492382441774e-11,29.81988362057902
0.20860644934719577,6.958362152899649e-11,9.61280267736913e-11,30.996500645942906
0.2168375310987434,7.23292148659535e-11,9.984520355557727e-11,32.21954399684151
0.22539339047347906,7.518314235692981e-11,1.0370611992821014e-10,33.490845538406994
0.23428684237322328,7.814967859305628e-11,1.0771633416098713e-10,34.812309416526496
0.2435312073433415,8.123326682999526e-11,1.1188161945614599e-10,36.18591490985758
0.25314033152415677,8.443852564301559e-11,1.1620797226000869e-10,37.61371939437694
0.2631286073895943,8.77702558446598e-11,1.2070162089561343e-10,39.097861424902575
0.27351099530412093,9.12334476753651e-11,1.253690345291571e-10,40.64056393820519
0.28430304593026634,9.483328827780794e-11,1.3021693248316713e-10,42.24413758250615
0.2955209235202887,9.857516946616739e-11,1.3525229390980277e-10,43.91098417834898
0.30718143012686966,1.0246469580194363e-10,1.4048236783821023e-10,45.64360031602818
0.31930203076910274,1.0650769298842826e-10,1.4591468361040318e-10,47.444581094963254
0.33190087959146775,1.1071021659639874e-10,1.5155706172068886e-10,49.31662401061929
0.34499684705497163,1.1507856113410685e-10,1.5741762507423892e-10,51.2625329947952
0.35860954820118307,1.196192694751457e-10,1.6350481068102535e-10,53.2852226153318
0.372759372031494,1.2433914265831664e-10,1.6982738180194303e-10,55.38772244152958
0.38746751204561314,1.2924525007417401e-10,1.7639444056461604e-10,57.57318158181475
0.40275599798502965,1.3434494005350515e-10,1.8321544106704225e-10,59.84487340045017
0.41864772882899515,1.3964585087360506e-10,1.903002029879409e-10,62.2062004203559
0.4351665070924416,1.451559221988305e-10,1.976589257234057e-10,64.66069941938208
0.4523370744772102,1.5088340697256974e-10,2.0530220307020183e-10,67.21204672766866
0.4701851489299853,1.568368837784389e-10,2.132410384768537e-10,69.86406373402458
0.4887374631624425,1.6302526968922028e-10,2.214868608844797e-10,72.62072260957544
0.508021804691302,1.6945783362278644e-10,2.3005154118017348e-10,75.48615225725142
0.5280670574582635,1.7614421022501622e-10,2.3894740928662324e-10,78.46464449602729
0.5489032450921556,1.8309441430049436e-10,2.4818727191256745e-10,81.56066048917614
0.5705615758781021,1.9031885581261087e-10,2.5778443098964845e-10,84.77883742616672
0.5930744895010559,1.9782835547552563e-10,2.677527028221939e-10,88.12399546821041
0.6164757056337162,2.0563416096135286e-10,2.7810643797750943e-10,91.60114496786271
0.6408002744415999,2.1374796374683977e-10,2.888605419453018e-10,95.2154939734918
0.6660846290809157,2.2218191662477236e-10,3.0003049659598743e-10,98.97245602985377
0.6923666402678725,2.3094865190633732e-10,3.1163238246877125e-10,102.87765828645956
0.7196856730011519,2.4006130034170236e-10,3.236829019215825e-10,106.93694992587696
0.7480826455225086,2.4953351078715545e-10,3.3619940317619494e-10,111.15641092459268
0.7776000906038036,2.593794706482588e-10,3.491999052931534e-10,115.54236115955473
0.8082822192522716,2.696139271296383e-10,3.627031241124514e-10,120.10136987403737
0.8401749869294337,2.802522093232358e-10,3.7672849919730894e-10,124.84026551700356
0.8733261623828433,2.913102511681075e-10,3.9129622181984563e-10,129.76614597070474
0.9077853991937553,3.0280461531615826e-10,4.064272640289271e-10,134.88638918183585
0.9436043101478888,3.1475251793955697e-10,4.221434088420363e-10,140.20866421216775
0.9808365445406668,3.2717185451698945e-10,4.3846728160463833e-10,145.7409427252105
1.01953786853273,3.400812266373726e-10,4.554223825621823e-10,151.49151092611146
1.0597662486760708,3.5349996986117334e-10,4.730331206916221e-10,157.46898197267032
1.1015819387358996,3.674481826810665e-10,4.91324848841181e-10,163.6823088760623
1.1450475699382818,3.8194675662530566e-10,5.103239002289279e-10,170.14079791059163
1.190228244778715,3.9701740754889663e-10,5.300576263527179e-10,176.85412255255798
1.23719163453216,4.1268270815944274e-10,5.50554436366081e-10,183.83233796911736
1.2860080806105665,4.2896612182637576e-10,5.718438379767298e-10,191.08589607883596
1.3367506999197079,4.458920377242138e-10,5.939564799265727e-10,198.6256612064945
1.3894954943731375,4.6348580736248454e-10,6.169241961143967e-10,206.46292635559243
1.4443214647272804,4.817737825570249e-10,6.407800514247204e-10,214.60943012292432
1.5013107289081735,5.00783354899533e-10,6.655583893288076e-10,223.07737428056072
1.560548645007074,5.205429967844868e-10,6.912948813263679e-10,231.8794420515711
1.622123939129172,5.410823040548845e-10,7.180265782991195e-10,241.02881710686063
1.6861288382868795,5.624320403306741e-10,7.457919638501416e-10,250.5392033115719
1.7526592085367585,5.846241830862731e-10,7.746310097058034e-10,260.42484525063287
1.8218146985669748,6.07691971546187e-10,8.045852332600453e-10,270.7005495641864
1.8936988889503603,6.316699564704727e-10,8.356977573438221e-10,281.3817071248679
1.9684194472866112,6.565940519046049e-10,8.680133723057914e-10,292.4843160901354
2.046088289466012,6.82501588971265e-10,9.015786004935888e-10,304.02500586419194
2.1268217472962094,7.094313717846128e-10,9.364417632285286e-10,316.0210620053804
2.2107407427431247,7.37423735570801e-10,9.726530503701692e-10,328.49045211636314
2.2979709690469625,7.665206070817707e-10,1.010264592570847e-09,341.4518527558636
2.388643078984598,7.967655673928254e-10,1.0493305363242398e-09,354.9246774122732
2.4828928805603274,8.28203917178039e-10,1.0899071219159846e-09,368.92910558102926
2.580861540418074,8.608827445612637e-10,1.1320527643885593e-09,383.4861129893127
2.682695795279726,8.948509956443687e-10,1.1758281376370058e-09,398.6175030133322
2.78854817172629,9.30159547818341e-10,1.221296261756542e-09,414.34593933525844
2.8985772146510667,9.668612859670628e-10,1.2685225937678427e-09,430.69497988871717
3.0129477247269905,1.0050111816778895e-09,1.3175751218505464e-09,447.68911214368336
3.1318310052438445,1.0446663755776818e-09,1.3685244632207118e-09,465.35378978363235
3.255405118685032,1.0858862629176053e-09,1.4214439657930797e-09,483.715470829871
3.3838551534282333,1.1287325825348925e-09,1.476409813774514e-09,502.80165727016856
3.5173735009693803,1.1732695093248075e-09,1.5335011373406495e-09,522.6409362510223
3.6561601440851956,1.2195637503613235e-09,1.592800126553632e-09,543.2630228952742
3.800422956365884,1.267684644810472e-09,1.6543921496849163e-09,564.6988048091954
3.9503780135666426,1.3177042677860303e-09,1.7183658761135336e-09,586.980388345712
4.106249917244298,1.3696975383030809e-09,1.7848134039766824e-09,610.141146693061
4.268272131163821,1.4237423314911479e-09,1.8538303927564463e-09,634.2157698608947
4.436687330978611,1.4799195952349844e-09,1.925516200993534e-09,659.2403166387236
4.611747767708256,1.538313471417702e-09,1.9999740293262527e-09,685.2522686044957
4.793715645558216,1.5990114219478517e-09,2.0773110690606497e-09,712.2905862642224
4.9828635146473035,1.6621043597592115e-09,2.1576386564857553e-09,740.3957674067319
5.17947467923121,1.7276867849794972e-09,2.241072433156015e-09,769.6099077609524
5.383843622033487,1.7958569264719415e-09,2.3277325123716612e-09,799.9767640465808
5.596276445319552,1.866716888961747e-09,2.4177436520968e-09,831.5418195125638
5.817091329374358,1.9403728059677728e-09,2.511235434563993e-09,864.3523520615687
6.046619009070436,2.0169349987685265e-09,2.6083424528239885e-09,898.4575050624721
6.285203269240097,2.09651814164054e-09,2.709204504509189e-09,933.9083609569237
6.533201459593774,2.1792414336166433e-09,2.8139667930897197e-09,970.7580177702484
6.79098502995571,2.265228777021372e-09,2.922780136911872e-09,1009.0616686412648
7.058940086618741,2.354608963050945e-09,3.0358011863199023e-09,1048.8766844901545
7.337467970651377,2.447515864675747e-09,3.1531926491736693e-09,1090.2626999481988
7.626985859023444,2.5440886371542553e-09,3.2751235250868503e-09,1133.281702678075
7.9279273894505975,2.6444719264587358e-09,3.4017693487228903e-09,1177.9981262185133
8.240743309893658,2.7488160859249023e-09,3.533312442499e-09,1224.4789464923713
8.565902153685496,2.857277401450004e-09,3.6699421790619487e-09,1272.7937821226592
8.90389094129673,2.970018325576666e-09,3.811855253913558e-09,1323.0149987067946
9.25521590979135,3.087207720813093e-09,3.959255968578342e-09,1375.2178172052525
9.620403271064756,3.2090211125540574e-09,4.1123565247209355e-09,1429.480426606948
10.0,3.33564095198152e-09,4.271377329636831e-09,1485.8841010401195
