speed_ratio,radius_ratio,h
1.0,1.0,0
1.0541990878478096,0.9485874267274702,0
1.1113357168191536,0.8998181061454438,0
1.171569098963443,0.8535561418312924,0
1.2350670754779418,0.8096726241471732,0
1.302006584399708,0.7680452710314453,0
1.372574153646014,0.7285580872579211,0
1.4469664207771071,0.6911010412134793,0
1.525390680929636,0.6555697582933696,0
1.6080654644475714,0.6218652300598572,0
1.6952211458201936,0.5898935383537662,0
1.7871005856239666,0.5595655935901614,0
1.8839598072570718,0.5307968865089207,0
1.98606871035234,0.5035072526884501,0
2.093711822856512,0.4776206491663551,0
2.2071890938715093,0.45306494254461677,0
2.3268167294669784,0.42977170798882713,0
2.452928073793112,0.4076760385613913,0
2.585874537948983,0.3867163643573991,0
2.7260265791946936,0.3668342809391881,0
2.8737747332359302,0.3479743865915263,0
3.0295307024573996,0.3300841279439259,0
3.1937285031375247,0.3131136535299097,0
3.366825674841128,0.29701567487517383,0
3.549304555360103,0.281745334727564,0
3.741673624754695,0.2672600820616898,0
3.9444689222406075,0.25351955350987077,0
4.15825553987008,0.24048546088902556,0
4.383629197169139,0.22812148451009046,0
4.621217901118732,0.21639317197267716,0
4.871683696105335,0.20526784216295682,0
5.13572450871729,0.1947144941872597,0
5.414076092527406,0.18470372098763366,0
5.707514078281023,0.17520762739864812,0
6.016856135202387,0.16619975241710902,0
6.342964249441852,0.15765499546808812,0
6.686747126012867,0.14954954646180466,0
7.049162720911725,0.14186081944646356,0
7.431220910475923,0.13456738967217113,0
7.833986305419287,0.12764893389055756,0
8.258581217385242,0.12108617372374901,0
8.706188786284576,0.11486082194488649,0
9.178056277132026,0.10895553152050205,0
9.675498555568444,0.1033538472727568,0
10.199901751753053,0.09804016002684833,0
10.75272712283534,0.09299966311581748,0
11.335515124769415,0.08821831112155495,0
11.949889704816972,0.08368278073703914,0
12.59756282669998,0.0793804336407471,0
13.28033924101259,0.075299281279787,0
14.00012151418494,0.07142795146362114,0
14.758915330012256,0.06775565667529104,0
15.558835078521978,0.06427216401184424,0
16.40210974775237,0.06096776667020126,0
17.29108913486021,0.05783325689900704,0
18.2282503938648,0.05485990034109782,0
19.216204938273744,0.05203941169508747,0
20.257705717824763,0.049363931628254414,0
21.355654889620215,0.04682600487639665,0
22.513111905030243,0.04441855946962907,0
23.73330203489854,0.04213488702623656,0
25.0196253568066,0.0399686240596704,0
26.375666229439453,0.0379137342466004,0
27.805203280453338,0.035964491606611845,0
29.312219935676826,0.034115464546677625,0
30.900915518984885,0.03236150072594518,0
32.57571695377608,0.03069771269866351,0
34.341291098659184,0.02911946429524439,0
36.20255775172261,0.02762235770350832,0
38.16470335962361,0.02620222121411668,0
40.233195469697435,0.02485509759604288,0
42.41379796535765,0.023577233069690447,0
44.712587127241335,0.022365066846931472,0
47.13596856485352,0.02121522120891858,0
49.690695065891596,0.02012449209402213,0
52.38388541298656,0.019089840169665778,0
55.2230442202946,0.018108382363181953,0
58.21608284521383,0.017177383828087874,0
61.37134143349693,0.016294250323395938,0
64.69761215918894,0.015456520984723414,0
68.20416372414832,0.014661861467057925,0
71.9007671854198,0.013908057440071127,0
75.79772318242729,0.013193008417854916,0
79.90589063985561,0.012514721905886848,0
84.2367170262026,0.011871307848915106,0
88.8022702523168,0.011260973364292009,0
93.61527229880703,0.010682017746080338,0
98.68913466602672,0.010132827726011519,0
104.03799574541499,0.00961187297809003,0
109.67676021633075,0.009117701854317734,0
115.62114057815879,0.008648937339655542,0
121.88770093341833,0.008204273214950982,0
128.4939031438762,0.007782470417139461,0
135.45815548827903,0.007382353586576989,0
142.79986395729065,0.007002807791883369,0
150.53948632856708,0.006642775423169722,0
158.6985891726532,0.006301253244993048,0
167.2999079485452,0.005977289600826082,0
176.36741035637883,0.0056699817612524805,0
185.92636312377485,0.005378473408498184,0
196.00340241194402,0.0051019522502894175,0
206.62660803773852,0.004839647756388465,0
217.82558171847077,0.0045908290114999115,0
229.63152955753037,0.004354802678564517,0
242.07734900064602,0.004130911066765406,0
255.19772050509684,0.0039185302988630245,0
269.0292041773133,0.003717068572752101,0
283.6103416481457,0.003525964512396469,0
298.9817634696808,0.0033446856035465452,0
315.186302332867,0.0031727267098806355,0
332.2691124214323,0.003009608665435185,0
350.2777952346751,0.0028548769394018576,0
369.2625322297363,0.002708100369570804,0
389.2762246529603,0.0025688699608908817,0
410.37464094999007,0.0024367977457989765,0
432.6165721653518,0.0023115157031427507,0
456.0639957645599,0.002192674732684323,0
480.7822483352262,0.002079943682327365,0
506.84020764841443,0.001973008425356974,0
534.3104845875528,0.0018715709851209914,0
563.2696254797191,0.0017753487047137174,0
593.7983253930971,0.0016840734593483325,0
625.9816529949597,0.0015974909092232635,0
659.9092875967505,0.0015153597908006235,0
695.6757690467928,0.0014374512445218396,0
733.3807611669522,0.0013635481770871713,0
773.1293294673332,0.0012934446565220537,0
815.0322339128511,0.0012269453383446515,0
859.20623755749,0.001163864921235618,0
905.7744319062542,0.0011040276306932646,0
954.8665799114409,0.0010472667292353505,0
1006.6194775589984,0.0009934240517826553,0
1061.1773350525345,0.0009423495649296861,0
1118.6921786571522,0.000893900948874402,0
1179.3242743228484,0.0008479432008420128,0
1243.2425742679266,0.0008043482588977794,0
1310.6251877668105,0.0007629946451005654,0
1381.6598774541355,0.0007237671270027854,0
1456.5445825280658,0.0006865563965535062,0
1535.4879703107551,0.000651258765509975,0
1618.7100177028824,0.0006177758765088166,0
1706.44262415249,0.0005860144289918058,0
1798.930257846177,0.0005558859192225047,0
1896.4306369232663,0.0005273063936693101,0
1999.2154476111475,0.0005001962150677133,0
2107.5711012829215,0.00047447984050990233,0
2221.799532546859,0.00045008561094334867,0
2342.219040591588,0.0004269455514918128,0
2469.1651761314233,0.0004049951820423593,0
2602.991676423322,0.0003841733375705849,0
2744.071450960906,0.0003644219977033852,0
2892.797620592202,0.0003456861250443382,0
3049.5846129566125,0.00032791351181119926,0
3214.869317293579,0.00031105463435815336,0
3389.1123018408007,0.0002950625151774548,0
3572.7990972143616,0.000279892591995917,0
3766.441549346857,0.0002655025936014886,0
3970.5792457535463,0.00025185242205390533,0
4185.781019100831,0.00023890404095119522,0
4412.646532266771,0.00022662136944068845,0
4651.807949310429,0.00021497018167919798,0
4903.931697006243,0.00020391801146220717,0
5169.720321851941,0.00019343406175631784,0
5449.9144477246045,0.0001834891188828681,0
5745.294839639876,0.00017405547111359068,0
6056.684579365084,0.0001651068314514785,0
6384.951358948564,0.00015661826438168413,0
6731.009898556207,0.00014856611638834434,0
7095.82449535253,0.00014092795004371362,0
7480.411710528779,0.0001336824814859438,0
7885.84320196551,0.0001268095211112941,0
8313.24871042289,0.00012028991731550525,0
8763.819207579787,0.00011410550312757528,0
9238.810214693733,0.00010823904558722992,0
9739.545301129157,0.00010267419772502777,0
10267.419772502775,9.739545301129156e-05,0
10823.904558722988,9.23881021469373e-05,0
11410.55031275752,8.76381920757979e-05,0
12028.991731550514,8.313248710422904e-05,0
12680.95211112939,7.885843201965522e-05,0
13368.248148594357,7.480411710528788e-05,0
14092.795004371337,7.095824495352537e-05,0
14856.611638834429,6.731009898556213e-05,0
15661.826438168404,6.384951358948567e-05,0
16510.683145147836,6.056684579365085e-05,0
17405.54711135905,5.745294839639886e-05,0
18348.91188828678,5.4499144477246127e-05,0
19343.40617563175,5.1697203218519517e-05,0
20391.801146220718,4.903931697006243e-05,0
21497.018167919792,4.6518079493104276e-05,0
22662.136944068832,4.412646532266768e-05,0
23890.404095119506,4.1857810191008286e-05,0
25185.24220539055,3.970579245753549e-05,0
26550.25936014887,3.766441549346859e-05,0
27989.259199591703,3.5727990972143624e-05,0
29506.251517745477,3.3891123018408006e-05,0
31105.463435815323,3.2148693172935776e-05,0
32791.3511811199,3.0495846129566137e-05,0
34568.61250443379,2.8927976205922023e-05,0
36442.19977033848,2.7440714509609104e-05,0
38417.33375705847,2.6029916764233254e-05,0
40499.518204235894,2.469165176131426e-05,0
42694.55514918123,2.3422190405915898e-05,0
45008.561094334844,2.22179953254686e-05,0
47447.98405099019,2.107571101282922e-05,0
50019.62150677127,1.999215447611151e-05,0
52730.63936693094,1.896430636923269e-05,0
55588.591922250496,1.7989302578461777e-05,0
58601.442899180576,1.7064426241524902e-05,0
61777.58765088165,1.618710017702882e-05,0
65125.87655099753,1.5354879703107545e-05,0
68655.63965535063,1.4565445825280647e-05,0
72376.71270027853,1.3816598774541366e-05,0
76299.46451005658,1.310625187766811e-05,0
80434.82588977795,1.2432425742679267e-05,0
84794.32008420127,1.1793242743228483e-05,0
89390.09488744017,1.1186921786571517e-05,0
94234.95649296856,1.061177335052535e-05,0
99342.40517826544,1.0066194775590003e-05,0
104726.67292353493,9.548665799114425e-06,0
110402.7630693264,9.057744319062554e-06,0
116386.49212356171,8.59206237557491e-06,0
122694.533834465,8.150322339128516e-06,0
129344.46565220518,7.731293294673336e-06,0
136354.81770871702,7.333807611669523e-06,0
143745.1244521838,6.95675769046794e-06,0
151535.979080062,6.5990928759675206e-06,0
159749.0909223264,6.2598165299496e-06,0
168407.34593483325,5.937983253930972e-06,0
177534.87047137172,5.632696254797191e-06,0
187157.09851209904,5.343104845875526e-06,0
197300.84253569742,5.068402076484141e-06,0
207994.36823273648,4.807822483352266e-06,0
219267.4732684322,4.560639957645601e-06,0
231151.57031427513,4.326165721653519e-06,0
243679.7745798976,4.1037464094999005e-06,0
256886.99608908786,3.8927622465296055e-06,0
270810.0369570802,3.6926253222973642e-06,0
285487.6939401855,3.502777952346758e-06,0
300960.86654351815,3.322691124214328e-06,0
317272.6709880631,3.1518630233286743e-06,0
334468.56035465427,2.9898176346968116e-06,0
352596.45123964647,2.83610341648146e-06,0
371706.8572752099,2.6902920417731345e-06,0
391853.02988630213,2.551977205050969e-06,0
413091.1066765401,2.4207734900064645e-06,0
435480.2678564507,2.2963152955753095e-06,0
459082.90114999097,2.1782558171847088e-06,0
483964.7756388465,2.0662660803773856e-06,0
510195.2250289417,1.96003402411944e-06,0
537847.3408498182,1.8592636312377478e-06,0
566998.1761252482,1.7636741035637872e-06,0
597728.9600826082,1.6729990794854535e-06,0
630125.3244993052,1.5869858917265325e-06,0
664277.5423169724,1.505394863285671e-06,0
700280.7791883369,1.4279986395729064e-06,0
738235.3586576979,1.3545815548827914e-06,0
778247.0417139456,1.2849390314387624e-06,0
820427.3214950975,1.2188770093341835e-06,0
864893.7339655532,1.15621140578159e-06,0
911770.1854317721,1.096767602163309e-06,0
961187.2978090021,1.0403799574541512e-06,0
1013282.7726011508,9.86891346660268e-07,0
1068201.7746080323,9.361527229880713e-07,0
1126097.336429199,8.880227025231687e-07,0
1187130.7848915092,8.423671702620278e-07,0
1251472.1905886857,7.990589063985563e-07,0
1319300.8417854921,7.579772318242729e-07,0
1390805.744007113,7.190076718541981e-07,0
1466186.1467057923,6.820416372414831e-07,0
1545652.0984723407,6.46976121591889e-07,0
1629425.032339594,6.137134143349689e-07,0
1717738.3828087873,5.821608284521389e-07,0
1810838.2363181948,5.522304422029466e-07,0
1908984.0169665767,5.23838854129866e-07,0
2012449.2094022122,4.969069506589162e-07,0
2121522.1208918574,4.713596856485353e-07,0
2236506.684693146,4.471258712724133e-07,0
2357723.3069690424,4.2413797965357736e-07,0
2485509.7596042855,4.0233195469697505e-07,0
2620222.1214116653,3.8164703359623667e-07,0
2762235.7703508297,3.620255775172265e-07,0
2911946.4295244357,3.434129109865921e-07,0
3069771.2698663455,3.257571695377612e-07,0
3236150.072594513,3.090091551898491e-07,0
3411546.4546677577,2.9312219935676896e-07,0
3596449.1606611856,2.780520328045335e-07,0
3791373.4246600415,2.637566622943945e-07,0
3996862.405967041,2.5019625356806605e-07,0
4213488.702623655,2.3733302034898537e-07,0
4441855.946962907,2.2513111905030236e-07,0
4682600.487639664,2.1355654889620203e-07,0
4936393.162825441,2.025770571782478e-07,0
5203941.169508743,1.9216204938273768e-07,0
5485990.034109779,1.8228250393864815e-07,0
5783325.689900702,1.7291089134860221e-07,0
6096776.6670201225,1.6402109747752374e-07,0
6427216.40118442,1.555883507852198e-07,0
6775565.667529096,1.475891533001226e-07,0
7142795.146362106,1.4000121514184964e-07,0
7529928.127978693,1.328033924101261e-07,0
7938043.3640747005,1.2597562826699994e-07,0
8368278.073703906,1.194988970481698e-07,0
8821831.11215548,1.1335515124769429e-07,0
9299966.311581733,1.075272712283535e-07,0
9804016.002684819,1.0199901751753077e-07,0
10335384.727275684,9.675498555568448e-08,0
10895553.152050206,9.178056277132013e-08,0
11486082.19448865,8.706188786284576e-08,0
12108617.3723749,8.258581217385257e-08,0
12764893.389055759,7.833986305419284e-08,0
13456738.967217112,7.431220910475933e-08,0
14186081.944646353,7.04916272091172e-08,0
14954954.646180462,6.686747126012873e-08,0
15765499.546808802,6.342964249441846e-08,0
16619975.24171089,6.016856135202391e-08,0
17520762.739864796,5.707514078281037e-08,0
18470372.098763354,5.414076092527408e-08,0
19471449.418725956,5.1357245087172995e-08,0
20526784.21629566,4.871683696105335e-08,0
21639317.197267696,4.6212179011187384e-08,0
22812148.45100902,4.383629197169137e-08,0
24048546.088902526,4.1582555398700846e-08,0
25351955.350987047,3.944468922240618e-08,0
26726008.206168935,3.7416736247546986e-08,0
28174533.472756416,3.549304555360099e-08,0
29701567.487517387,3.3668256748411296e-08,0
31311365.352990977,3.19372850313752e-08,0
33008412.794392593,3.0295307024574004e-08,0
34797438.659152634,2.8737747332359252e-08,0
36683428.0939188,2.726026579194693e-08,0
38671636.435739905,2.5858745379489867e-08,0
40767603.856139116,2.4529280737931107e-08,0
42977170.79888269,2.326816729466981e-08,0
45306494.254461646,2.2071890938715074e-08,0
47762064.91663548,2.0937118228565136e-08,0
50350725.268844984,1.9860687103523445e-08,0
53079688.65089203,1.8839598072570725e-08,0
55956559.35901609,1.7871005856239702e-08,0
58989353.83537657,1.6952211458201936e-08,0
62186523.00598565,1.6080654644475737e-08,0
65556975.82933689,1.5253906809296354e-08,0
69110104.12134783,1.446966420777109e-08,0
72855808.72579202,1.372574153646018e-08,0
76804527.1031444,1.3020065843997091e-08,0
80967262.41471736,1.2350670754779406e-08,0
85355614.18312925,1.1715690989634437e-08,0
89981810.6145444,1.111335716819152e-08,0
94858742.67274705,1.0541990878478097e-08,0
100000000.0,9.999999999999982e-09,0
1.0,1.0,0.01
1.0541990878478096,0.9495696544501897,0.01
1.1113357168191536,0.9016825286526529,0.01
1.171569098963443,0.856210367156473,0.01
1.2350670754779418,0.8130313824774422,0.01
1.302006584399708,0.7720299289162649,0.01
1.372574153646014,0.7330961928262222,0.01
1.4469664207771071,0.6961258985007456,0.01
1.525390680929636,0.6610200288931808,0.01
1.6080654644475714,0.6276845604207523,0.01
1.6952211458201936,0.596030211142453,0.01
1.7871005856239666,0.5659722016364128,0.01
1.8839598072570718,0.5374300279363016,0.01
1.98606871035234,0.5103272459186298,0.01
2.093711822856512,0.48459126656347035,0.01
2.2071890938715093,0.4601531615402544,0.01
2.3268167294669784,0.4369474785979417,0.01
2.452928073793112,0.4149120662651292,0.01
2.585874537948983,0.393987907390593,0.01
2.7260265791946936,0.3741189610784387,0.01
2.8737747332359302,0.35525201259451716,0.01
3.0295307024573996,0.33733653084211007,0.01
3.1937285031375247,0.3203245330251682,0.01
3.366825674841128,0.3041704561366275,0.01
3.549304555360103,0.28883103492761397,0.01
3.741673624754695,0.2742651860307051,0.01
3.9444689222406075,0.26043389792689364,0.01
4.15825553987008,0.2473001264615564,0.01
4.383629197169139,0.23482869562958839,0.01
4.621217901118732,0.22298620336397695,0.01
4.871683696105335,0.2117409320754914,0.01
5.13572450871729,0.20106276370388546,0.01
5.414076092527406,0.1909230990530987,0.01
5.707514078281023,0.18129478119441034,0.01
6.016856135202387,0.17215202273239896,0.01
6.342964249441852,0.16347033673890532,0.01
6.686747126012867,0.15522647117001848,0.01
7.049162720911725,0.14739834659043677,0.01
7.431220910475923,0.13996499703841037,0.01
7.833986305419287,0.13290651387288518,0.01
8.258581217385242,0.12620399245245498,0.01
8.706188786284576,0.11983948150331196,0.01
9.178056277132026,0.1137959350405899,0.01
9.675498555568444,0.10805716671432918,0.01
10.199901751753053,0.10260780645779209,0.01
10.75272712283534,0.09743325932201762,0.01
11.335515124769415,0.09251966638636402,0.01
11.949889704816972,0.08785386764034649,0.01
12.59756282669998,0.08342336673735655,0.01
13.28033924101259,0.07921629752586311,0.01
14.00012151418494,0.07522139226845727,0.01
14.758915330012256,0.07142795146362117,0.01
15.558835078521978,0.06782581518939565,0.01
16.40210974775237,0.06440533589219688,0.01
17.29108913486021,0.06115735254790179,0.01
18.2282503938648,0.058073166125999554,0.01
19.216204938273744,0.05514451629109388,0.01
20.257705717824763,0.052363559279356826,0.01
21.355654889620215,0.049722846890680905,0.01
22.513111905030243,0.047215306540263555,0.01
23.73330203489854,0.044834222316197866,0.01
25.0196253568066,0.04257321699233499,0.01
26.375666229439453,0.04042623494824448,0.01
27.805203280453338,0.038387525950526705,0.01
29.312219935676826,0.03645162975203933,0.01
30.900915518984885,0.03461336146779026,0.01
32.57571695377608,0.03286779768832912,0.01
34.341291098659184,0.031210263293445412,0.01
36.20255775172261,0.029636318930856397,0.01
38.16470335962361,0.02814174912634894,0.01
40.233195469697435,0.0267225509935311,0.01
42.41379796535765,0.025374923512954898,0.01
44.712587127241335,0.024095257351896576,0.01
47.13596856485352,0.022880125197528824,0.01
49.690695065891596,0.021726272577594522,0.01
52.38388541298656,0.020630609143997072,0.01
55.2230442202946,0.019590200395962223,0.01
58.21608284521383,0.018602259820603817,0.01
61.37134143349693,0.017664141429843423,0.01
64.69761215918894,0.016773332673695705,0.01
68.20416372414832,0.01592744771093931,0.01
71.9007671854198,0.015124221019150102,0.01
75.79772318242729,0.014361501326982651,0.01
79.90589063985561,0.013637245852448862,0.01
84.2367170262026,0.012949514831762142,0.01
88.8022702523168,0.012296466324094,0.01
93.61527229880703,0.011676351278328329,0.01
98.68913466602672,0.011087508848601267,0.01
104.03799574541499,0.01052836194607972,0.01
109.67676021633075,0.00999741301506546,0.01
115.62114057815879,0.009493240022111533,0.01
121.88770093341833,0.009014492647409163,0.01
128.4939031438762,0.00855988866824409,0.01
135.45815548827903,0.008128210524836647,0.01
142.79986395729065,0.0077183020593675185,0.01
150.53948632856708,0.007329065419455805,0.01
158.6985891726532,0.006959458117795481,0.01
167.2999079485452,0.00660849024007563,0.01
176.36741035637883,0.0062752217937060645,0.01
185.92636312377485,0.00595876019024777,0.01
196.00340241194402,0.005658257854805124,0.01
206.62660803773852,0.0053729099559773705,0.01
217.82558171847077,0.005101952250289422,0.01
229.63152955753037,0.0048446590353286925,0.01
242.07734900064602,0.004600341206106053,0.01
255.19772050509684,0.004368344409435092,0.01
269.0292041773133,0.0041480472913867,0.01
283.6103416481457,0.003938859833125116,0.01
298.9817634696808,0.0037402217706683496,0.01
315.186302332867,0.0035516010943406227,0.01
332.2691124214323,0.003372492623897942,0.01
350.2777952346751,0.0032024166555105807,0.01
369.2625322297363,0.003040917676978716,0.01
389.2762246529603,0.002887563147740154,0.01
410.37464094999007,0.0027419423404027162,0.01
432.6165721653518,0.002603665240698553,0.01
456.0639957645599,0.002472361502914096,0.01
480.7822483352262,0.0023476794579980905,0.01
506.84020764841443,0.0022292851716910543,0.01
534.3104845875528,0.002116861550153609,0.01
563.2696254797191,0.0020101074906982547,0.01
593.7983253930971,0.0019087370753500803,0.01
625.9816529949597,0.0018124788050764406,0.01
659.9092875967505,0.0017210748726347307,0.01
695.6757690467928,0.0016342804720906631,0.01
733.3807611669522,0.0015518631431578247,0.01
773.1293294673332,0.0014736021486023614,0.01
815.0322339128511,0.001399287883045402,0.01
859.20623755749,0.0013287213115797591,0.01
905.7744319062542,0.0012617134366973953,0.01
954.8665799114409,0.0011980847920999075,0.01
1006.6194775589984,0.0011376649620363358,0.01
1061.1773350525345,0.001080292124880932,0.01
1118.6921786571522,0.0010258126197284475,0.01
1179.3242743228484,0.000974080534846186,0.01
1243.2425742679266,0.0009249573168805484,0.01
1310.6251877668105,0.0008783113997714373,0.01
1381.6598774541355,0.0008340178523806265,0.01
1456.5445825280658,0.0007919580438903611,0.01
1535.4879703107551,0.0007520193260760181,0.01
1618.7100177028824,0.00071409473160187,0.01
1706.44262415249,0.0006780826875318883,0.01
1798.930257846177,0.0006438867432883114,0.01
1896.4306369232663,0.0006114153123293395,0.01
1999.2154476111475,0.000580581426854126,0.01
2107.5711012829215,0.0005513025048780703,0.01
2221.799532546859,0.0005235001290545934,0.01
2342.219040591588,0.0004970998366510002,0.01
2469.1651761314233,0.0004720309201159358,0.01
2602.991676423322,0.00044822623770429437,0.01
2744.071450960906,0.0004256220336523756,0.01
2892.797620592202,0.00040415776742167345,0.01
3049.5846129566125,0.00038377595155395845,0.01
3214.869317293579,0.0003644219977033852,0.01
3389.1123018408007,0.00034604407043325113,0.01
3572.7990972143616,0.00032859294838583926,0.01
3766.441549346857,0.0003120218924535108,0.01
3970.5792457535463,0.00029628652059797433,0.01
4185.781019100831,0.00028134468898246786,0.01
4412.646532266771,0.000267156379098478,0.01
4651.807949310429,0.00025368359058470597,0.01
4903.931697006243,0.00024089023945120252,0.01
5169.720321851941,0.00022874206143610172,0.01
5449.9144477246045,0.00021720652023610306,0.01
5745.294839639876,0.00020625272036492443,0.01
6056.684579365084,0.00019585132440633316,0.01
6384.951358948564,0.00018597447444013368,0.01
6731.009898556207,0.00017659571743067329,0.01
7095.82449535253,0.000167689934378028,0.01
7480.411710528779,0.00015923327304211924,0.01
7885.84320196551,0.0001512030840595778,0.01
8313.24871042289,0.00014357786028225622,0.01
8763.819207579787,0.00013633717917491958,0.01
9238.810214693733,0.00012946164811784215,0.01
9739.545301129157,0.00012293285246781137,0.01
10267.419772502775,0.00011673330623843574,0.01
10823.904558722988,0.00011084640526765955,0.01
11410.55031275752,0.0001052563827470573,0.01
12028.991731550514,9.994826699380024e-05,0.01
12680.95211112939,9.490784135219815e-05,0.01
13368.248148594357,9.012160611742017e-05,0.01
14092.795004371337,8.557674237941473e-05,0.01
14856.611638834429,8.126107769019386e-05,0.01
15661.826438168404,7.716305346252737e-05,0.01
16510.683145147836,7.327169401273359e-05,0.01
17405.54711135905,6.957657716465156e-05,0.01
18348.91188828678,6.606780633606524e-05,0.01
19343.40617563175,6.273598403281948e-05,0.01
20391.801146220718,5.957218667963688e-05,0.01
21497.018167919792,5.656794072022496e-05,0.01
22662.136944068832,5.37151999226629e-05,0.01
23890.404095119506,5.100632382928584e-05,0.01
25185.24220539055,4.84340572933495e-05,0.01
26550.25936014887,4.599151104766655e-05,0.01
27989.259199591703,4.3672143253174864e-05,0.01
29506.251517745477,4.146974197801642e-05,0.01
31105.463435815323,3.937840856020356e-05,0.01
32791.3511811199,3.739254180931087e-05,0.01
34568.61250443379,3.550682300488157e-05,0.01
36442.19977033848,3.3716201651369546e-05,0.01
38417.33375705847,3.2015881951463884e-05,0.01
40499.518204235894,3.0401309961569607e-05,0.01
42694.55514918123,2.886816139504075e-05,0.01
45008.561094334844,2.7412330040501186e-05,0.01
47447.98405099019,2.6029916764233254e-05,0.01
50019.62150677127,2.4717219067180202e-05,0.01
52730.63936693094,2.3470721168591933e-05,0.01
55588.591922250496,2.2287084589756585e-05,0.01
58601.442899180576,2.1163139212597298e-05,0.01
61777.58765088165,2.0095874789187266e-05,0.01
65125.87655099753,1.9082432879442823e-05,0.01
68655.63965535063,1.8120099195401482e-05,0.01
72376.71270027853,1.720629633158057e-05,0.01
76299.46451005658,1.6338576861946518e-05,0.01
80434.82588977795,1.5514616785006414e-05,0.01
84794.32008420127,1.4732209299465646e-05,0.01
89390.09488744017,1.3989258893781484e-05,0.01
94234.95649296856,1.328377573378232e-05,0.01
99342.40517826544,1.261387033332151e-05,0.01
104726.67292353493,1.1977748493691598e-05,0.01
110402.7630693264,1.1373706498246027e-05,0.01
116386.49212356171,1.0800126549357351e-05,0.01
122694.533834465,1.0255472435491575e-05,0.01
129344.46565220518,9.738285416793175e-06,0.01
136354.81770871702,9.247180318161628e-06,0.01
143745.1244521838,8.780841819355346e-06,0.01
151535.979080062,8.338020932187026e-06,0.01
159749.0909223264,7.917531655375265e-06,0.01
168407.34593483325,7.518247798093126e-06,0.01
177534.87047137172,7.1390999637061976e-06,0.01
187157.09851209904,6.7790726856218526e-06,0.01
197300.84253569742,6.437201707578659e-06,0.01
207994.36823273648,6.112571401091646e-06,0.01
219267.4732684322,5.804312313136714e-06,0.01
231151.57031427513,5.511598837506209e-06,0.01
243679.7745798976,5.233647003598835e-06,0.01
256886.99608908786,4.9697123767216145e-06,0.01
270810.0369570802,4.71908806428038e-06,0.01
285487.6939401855,4.481102822518741e-06,0.01
300960.86654351815,4.255119258734889e-06,0.01
317272.6709880631,4.040532124161233e-06,0.01
334468.56035465427,3.836766692934679e-06,0.01
352596.45123964647,3.6432772228159783e-06,0.01
371706.8572752099,3.4595454935356135e-06,0.01
391853.02988630213,3.285079418851322e-06,0.01
413091.1066765401,3.119411728600084e-06,0.01
435480.2678564507,2.9620987172146545e-06,0.01
459082.90114999097,2.8127190553528633e-06,0.01
483964.7756388465,2.670872661456881e-06,0.01
510195.2250289417,2.5361796302200676e-06,0.01
537847.3408498182,2.408279215091683e-06,0.01
566998.1761252482,2.286828862094182e-06,0.01
597728.9600826082,2.171503292365496e-06,0.01
630125.3244993052,2.0619936309689522e-06,0.01
664277.5423169724,1.9580065796376824e-06,0.01
700280.7791883369,1.8592636312377512e-06,0.01
738235.3586576979,1.7655003238462353e-06,0.01
778247.0417139456,1.676465532446367e-06,0.01
820427.3214950975,1.591920796342752e-06,0.01
864893.7339655532,1.5116396804952597e-06,0.01
911770.1854317721,1.4354071690610784e-06,0.01
961187.2978090021,1.3630190895206525e-06,0.01
1013282.7726011508,1.2942815658451377e-06,0.01
1068201.7746080323,1.2290104992408194e-06,0.01
1126097.336429199,1.1670310750797593e-06,0.01
1187130.7848915092,1.108177294696122e-06,0.01
1251472.1905886857,1.0522915307941402e-06,0.01
1319300.8417854921,9.992241052770543e-07,0.01
1390805.744007113,9.488328883662318e-07,0.01
1466186.1467057923,9.009829179368977e-07,0.01
1545652.0984723407,8.555460380508632e-07,0.01
1629425.032339594,8.124005557181882e-07,0.01
1717738.3828087873,7.71430914968463e-07,0.01
1810838.2363181948,7.325273873587967e-07,0.01
1908984.0169665767,6.955857780895925e-07,0.01
2012449.2094022122,6.605071469410016e-07,0.01
2121522.1208918574,6.271975432826473e-07,0.01
2236506.684693146,5.95567754446911e-07,0.01
2357723.3069690424,5.655330667918294e-07,0.01
2485509.7596042855,5.370130388136733e-07,0.01
2620222.1214116653,5.099312857015466e-07,0.01
2762235.7703508297,4.842152747569584e-07,0.01
2911946.4295244357,4.597961311304684e-07,0.01
3069771.2698663455,4.366084533550928e-07,0.01
3236150.072594513,4.145901381824278e-07,0.01
3411546.4546677577,3.936822142523449e-07,0.01
3596449.1606611856,3.738286841507838e-07,0.01
3791373.4246600415,3.5497637443262874e-07,0.01
3996862.405967041,3.3707479320797286e-07,0.01
4213488.702623655,3.2007599491036377e-07,0.01
4441855.946962907,3.0393445188483465e-07,0.01
4682600.487639664,2.8860693245179015e-07,0.01
4936393.162825441,2.7405238512017594e-07,0.01
5203941.169508743,2.6023182863981614e-07,0.01
5485990.034109779,2.4710824759845105e-07,0.01
5783325.689900702,2.3464649328385298e-07,0.01
6096776.6670201225,2.2281318954549692e-07,0.01
6427216.40118442,2.115766434036624e-07,0.01
6775565.667529096,2.0090676016654663e-07,0.01
7142795.146362106,1.9077496282805505e-07,0.01
7529928.127978693,1.8115411553038395e-07,0.01
7938043.3640747005,1.7201845088641663e-07,0.01
8368278.073703906,1.633435009672715e-07,0.01
8821831.11215548,1.5510603177017616e-07,0.01
9299966.311581733,1.4728398099114625e-07,0.01
9804016.002684819,1.3985639893581147e-07,0.01
10335384.727275684,1.328033924101261e-07,0.01
10895553.152050206,1.261060714406961e-07,0.01
11486082.19448865,1.1974649868201288e-07,0.01
12108617.3723749,1.137076413750992e-07,0.01
12764893.389055759,1.0797332572889881e-07,0.01
13456738.967217112,1.0252819360222853e-07,0.01
14186081.944646353,9.735766137027025e-08,0.01
14954954.646180462,9.244788086544606e-08,0.01
15765499.546808802,8.778570228805388e-08,0.01
16619975.24171089,8.335863898733451e-08,0.01
17520762.739864796,7.915483401864158e-08,0.01
18470372.098763354,7.516302838714357e-08,0.01
19471449.418725956,7.137253089300969e-08,0.01
20526784.21629566,6.777318949731066e-08,0.01
21639317.197267696,6.435536413194872e-08,0.01
22812148.45100902,6.110990088079043e-08,0.01
24048546.088902526,5.8028107462857686e-08,0.01
25351955.350987047,5.5101729951904224e-08,0.01
26726008.206168935,5.2322930670037335e-08,0.01
28174533.472756416,4.968426719616856e-08,0.01
29701567.487517387,4.717867243307665e-08,0.01
31311365.352990977,4.479943567969527e-08,0.01
33008412.794392593,4.254018465793171e-08,0.01
34797438.659152634,4.039486844587946e-08,0.01
36683428.0939188,3.835774127171475e-08,0.01
38671636.435739905,3.6423347124871936e-08,0.01
40767603.856139116,3.4586505143283936e-08,0.01
42977170.79888269,3.284229573754794e-08,0.01
45306494.254461646,3.118604741485421e-08,0.01
47762064.91663548,2.9613324267390434e-08,0.01
50350725.268844984,2.811991409170734e-08,0.01
53079688.65089203,2.6701817107231543e-08,0.01
55956559.35901609,2.53552352437061e-08,0.01
58989353.83537657,2.4076561968869174e-08,0.01
62186523.00598565,2.2862372629127752e-08,0.01
65556975.82933689,2.1709415277352305e-08,0.01
69110104.12134783,2.0614601963231086e-08,0.01
72855808.72579202,1.9575000462853605e-08,0.01
76804527.1031444,1.8587826425374128e-08,0.01
80967262.41471736,1.7650435915722607e-08,0.01
85355614.18312925,1.6760318333387984e-08,0.01
89981810.6145444,1.5915089688310344e-08,0.01
94858742.67274705,1.5112486215872676e-08,0.01
100000000.0,1.4350358313889414e-08,0.01
1.0,1.0,4.5399929762484854e-05
1.0541990878478096,0.948591972465437,4.5399929762484854e-05
1.1113357168191536,0.8998267302258686,4.5399929762484854e-05
1.171569098963443,0.8535684129020814,4.5399929762484854e-05
1.2350670754779418,0.8096881444289781,4.5399929762484854e-05
1.302006584399708,0.768063674005764,4.5399929762484854e-05
1.372574153646014,0.7285790355041781,4.5399929762484854e-05
1.4469664207771071,0.6911242243858741,4.5399929762484854e-05
1.525390680929636,0.6555948912288416,4.5399929762484854e-05
1.6080654644475714,0.6218920510090306,4.5399929762484854e-05
1.6952211458201936,0.5899218073272325,4.5399929762484854e-05
1.7871005856239666,0.559595090812915,4.5399929762484854e-05
1.8839598072570718,0.5308274109761985,4.5399929762484854e-05
1.98606871035234,0.5035386208166334,4.5399929762484854e-05
2.093711822856512,0.477652693532976,4.5399929762484854e-05
2.2071890938715093,0.4530975107118747,4.5399929762484854e-05
2.3268167294669784,0.4298046614053567,4.5399929762484854e-05
2.452928073793112,0.40770925153734666,4.5399929762484854e-05
2.585874537948983,0.3867497231082187,4.5399929762484854e-05
2.7260265791946936,0.3668676826936868,4.5399929762484854e-05
2.8737747332359302,0.3480077387602285,4.5399929762484854e-05
3.0295307024573996,0.3301173473438017,4.5399929762484854e-05
3.1937285031375247,0.31314666566191457,4.5399929762484854e-05
3.366825674841128,0.29704841325121045,4.5399929762484854e-05
3.549304555360103,0.2817777402436939,4.5399929762484854e-05
3.741673624754695,0.2672921024146192,4.5399929762484854e-05
3.9444689222406075,0.2535511426539172,4.5399929762484854e-05
4.15825553987008,0.24051657853094474,4.5399929762484854e-05
4.383629197169139,0.22815209563930713,4.5399929762484854e-05
4.621217901118732,0.21642324642461333,4.5399929762484854e-05
4.871683696105335,0.20529735421329737,4.5399929762484854e-05
5.13572450871729,0.19474342217512725,4.5399929762484854e-05
5.414076092527406,0.1847320469657733,4.5399929762484854e-05
5.707514078281023,0.17523533680884068,4.5399929762484854e-05
6.016856135202387,0.16622683378914338,4.5399929762484854e-05
6.342964249441852,0.15768144014072788,4.5399929762484854e-05
6.686747126012867,0.14957534832428382,4.5399929762484854e-05
7.049162720911725,0.1418859746991372,4.5399929762484854e-05
7.431220910475923,0.13459189660503565,4.5399929762484854e-05
7.833986305419287,0.12767279267843493,4.5399929762484854e-05
8.258581217385242,0.12110938623700745,4.5399929762484854e-05
8.706188786284576,0.11488339157464131,4.5399929762484854e-05
9.178056277132026,0.10897746301730822,4.5399929762484854e-05
9.675498555568444,0.10337514659786762,4.5399929762484854e-05
10.199901751753053,0.09806083421517492,4.5399929762484854e-05
10.75272712283534,0.09301972014977904,4.5399929762484854e-05
11.335515124769415,0.08823775981506189,4.5399929762484854e-05
11.949889704816972,0.08370163062890097,4.5399929762484854e-05
12.59756282669998,0.07939869489684265,4.5399929762484854e-05
13.28033924101259,0.07531696460337739,4.5399929762484854e-05
14.00012151418494,0.07144506801322727,4.5399929762484854e-05
14.758915330012256,0.0677722179895946,4.5399929762484854e-05
15.558835078521978,0.06428818194110708,4.5399929762484854e-05
16.40210974775237,0.06098325331373168,4.5399929762484854e-05
17.29108913486021,0.05784822454823211,4.5399929762484854e-05
18.2282503938648,0.05487436142783104,4.5399929762484854e-05
19.216204938273744,0.05205337874460757,4.5399929762484854e-05
20.257705717824763,0.04937741721683771,4.5399929762484854e-05
21.355654889620215,0.04683902159296893,4.5399929762484854e-05
22.513111905030243,0.0444311198812256,4.5399929762484854e-05
23.73330203489854,0.04214700364698008,4.5399929762484854e-05
25.0196253568066,0.03998030932299681,4.5399929762484854e-05
26.375666229439453,0.037925000480479844,4.5399929762484854e-05
27.805203280453338,0.03597535101153102,4.5399929762484854e-05
29.312219935676826,0.03412592917616467,4.5399929762484854e-05
30.900915518984885,0.03237158246943386,4.5399929762484854e-05
32.57571695377608,0.030707423266507834,4.5399929762484854e-05
34.341291098659184,0.02912881520570771,4.5399929762484854e-05
36.20255775172261,0.02763136027156349,4.5399929762484854e-05
38.16470335962361,0.026210886541905537,4.5399929762484854e-05
40.233195469697435,0.024863436564853954,4.5399929762484854e-05
42.41379796535765,0.023585256333324083,4.5399929762484854e-05
44.712587127241335,0.022372784826330833,4.5399929762484854e-05
47.13596856485352,0.021222644087953955,4.5399929762484854e-05
49.690695065891596,0.020131629816324197,4.5399929762484854e-05
52.38388541298656,0.019096702436410984,4.5399929762484854e-05
55.2230442202946,0.018114978631740605,4.5399929762484854e-05
58.21608284521383,0.017183723311452063,4.5399929762484854e-05
61.37134143349693,0.016300341990310625,4.5399929762484854e-05
64.69761215918894,0.015462373560449959,4.5399929762484854e-05
68.20416372414832,0.01466748343470465,4.5399929762484854e-05
71.9007671854198,0.013913457042430594,4.5399929762484854e-05
75.79772318242729,0.013198193659692364,4.5399929762484854e-05
79.90589063985561,0.012519700556628405,4.5399929762484854e-05
84.2367170262026,0.01187608744568877,4.5399929762484854e-05
88.8022702523168,0.011265561215277933,4.5399929762484854e-05
93.61527229880703,0.010686420934130622,4.5399929762484854e-05
98.68913466602672,0.010137053112502896,4.5399929762484854e-05
104.03799574541499,0.00961592720697602,4.5399929762484854e-05
109.67676021633075,0.009121591356349452,4.5399929762484854e-05
115.62114057815879,0.008652668336743208,4.5399929762484854e-05
121.88770093341833,0.008207851724640471,4.5399929762484854e-05
128.4939031438762,0.007785902257180545,4.5399929762484854e-05
135.45815548827903,0.007385644379561998,4.5399929762484854e-05
142.79986395729065,0.007005962969936973,4.5399929762484854e-05
150.53948632856708,0.0066458002326723244,4.5399929762484854e-05
158.6985891726532,0.006304152751321901,4.5399929762484854e-05
167.2999079485452,0.005980068693099859,4.5399929762484854e-05
176.36741035637883,0.005672645157066404,4.5399929762484854e-05
185.92636312377485,0.005381025658638134,4.5399929762484854e-05
196.00340241194402,0.00510439774341467,4.5399929762484854e-05
206.62660803773852,0.004841990723673848,4.5399929762484854e-05
217.82558171847077,0.004593073531229129,4.5399929762484854e-05
229.63152955753037,0.004356952680667429,4.5399929762484854e-05
242.07734900064602,0.004132970337292887,4.5399929762484854e-05
255.19772050509684,0.003920502484393802,4.5399929762484854e-05
269.0292041773133,0.003718957184726763,4.5399929762484854e-05
283.6103416481457,0.003527772931374469,4.5399929762484854e-05
298.9817634696808,0.0033464170833826844,4.5399929762484854e-05
315.186302332867,0.0031743843818180183,4.5399929762484854e-05
332.2691124214323,0.0030111955421122313,4.5399929762484854e-05
350.2777952346751,0.002856395918771372,4.5399929762484854e-05
369.2625322297363,0.0027095542387295603,4.5399929762484854e-05
389.2762246529603,0.0025702613998185597,4.5399929762484854e-05
410.37464094999007,0.0024381293310056606,4.5399929762484854e-05
432.6165721653518,0.002312789911224496,4.5399929762484854e-05
456.0639957645599,0.0021938939437866098,4.5399929762484854e-05
480.7822483352262,0.002081110183516517,4.5399929762484854e-05
506.84020764841443,0.0019741244138998405,4.5399929762484854e-05
534.3104845875528,0.001872638571673426,4.5399929762484854e-05
563.2696254797191,0.0017763699164185525,4.5399929762484854e-05
593.7983253930971,0.0016850502428437382,4.5399929762484854e-05
625.9816529949597,0.0015984251335625053,4.5399929762484854e-05
659.9092875967505,0.001516253250284388,4.5399929762484854e-05
695.6757690467928,0.0014383056614443964,4.5399929762484854e-05
733.3807611669522,0.001364365204397745,4.5399929762484854e-05
773.1293294673332,0.0012942258804028663,4.5399929762484854e-05
815.0322339128511,0.0012276922807071718,4.5399929762484854e-05
859.20623755749,0.0011645790421366071,4.5399929762484854e-05
905.7744319062542,0.0011047103306722735,4.5399929762484854e-05
954.8665799114409,0.001047919351575358,4.5399929762484854e-05
1006.6194775589984,0.0009940478846955706,4.5399929762484854e-05
1061.1773350525345,0.0009429458436684659,4.5399929762484854e-05
1118.6921786571522,0.0008944708577735557,4.5399929762484854e-05
1179.3242743228484,0.0008484878752882686,4.5399929762484854e-05
1243.2425742679266,0.0008048687872327065,4.5399929762484854e-05
1310.6251877668105,0.0007634920704569372,4.5399929762484854e-05
1381.6598774541355,0.0007242424490764671,4.5399929762484854e-05
1456.5445825280658,0.0006870105733126449,4.5399929762484854e-05
1535.4879703107551,0.000651692714843252,4.5399929762484854e-05
1618.7100177028824,0.0006181904778145166,4.5399929762484854e-05
1706.44262415249,0.0005864105247094233,4.5399929762484854e-05
1798.930257846177,0.0005562643163086038,4.5399929762484854e-05
1896.4306369232663,0.0005276678650193162,4.5399929762484854e-05
1999.2154476111475,0.0005005415008852991,4.5399929762484854e-05
2107.5711012829215,0.0004748096496255958,4.5399929762484854e-05
2221.799532546859,0.000450400622083967,4.5399929762484854e-05
2342.219040591588,0.0004272464145022905,4.5399929762484854e-05
2469.1651761314233,0.00040528251906151347,4.5399929762484854e-05
2602.991676423322,0.00038444774416232215,4.5399929762484854e-05
2744.071450960906,0.00036468404394482526,4.5399929762484854e-05
2892.797620592202,0.0003459363565722939,4.5399929762484854e-05
3049.5846129566125,0.0003281524508284187,4.5399929762484854e-05
3214.869317293579,0.00031128278060069706,4.5399929762484854e-05
3389.1123018408007,0.00029528034684454113,4.5399929762484854e-05
3572.7990972143616,0.00028010056664354164,4.5399929762484854e-05
3766.441549346857,0.0002657011490010838,4.5399929762484854e-05
3970.5792457535463,0.00025204197701727106,4.5399929762484854e-05
4185.781019100831,0.00023908499612290194,4.5399929762484854e-05
4412.646532266771,0.00022679410805911493,4.5399929762484854e-05
4651.807949310429,0.0002151350703073353,4.5399929762484854e-05
4903.931697006243,0.00020407540068932532,4.5399929762484854e-05
5169.720321851941,0.0001935842868715615,4.5399929762484854e-05
5449.9144477246045,0.00018363250052180955,4.5399929762484854e-05
5745.294839639876,0.00017419231587874372,4.5399929762484854e-05
6056.684579365084,0.00016523743250773998,4.5399929762484854e-05
6384.951358948564,0.0001567429020276416,4.5399929762484854e-05
6731.009898556207,0.0001486850586043573,4.5399929762484854e-05
7095.82449535253,0.00014104145301764665,4.5399929762484854e-05
7480.411710528779,0.0001337907901174007,4.5399929762484854e-05
7885.84320196551,0.00012691286949517442,4.5399929762484854e-05
8313.24871042289,0.00012038852920567611,4.5399929762484854e-05
8763.819207579787,0.00011419959238142519,4.5399929762484854e-05
9238.810214693733,0.00010832881659184502,4.5399929762484854e-05
9739.545301129157,0.00010275984580570465,4.5399929762484854e-05
10267.419772502775,9.747716482307754e-05,4.5399929762484854e-05
10823.904558722988,9.246605604986163e-05,4.5399929762484854e-05
11410.55031275752,8.771255849443792e-05,4.5399929762484854e-05
12028.991731550514,8.320342887222903e-05,4.5399929762484854e-05
12680.95211112939,7.892610470979544e-05,4.5399929762484854e-05
13368.248148594357,7.486866934567847e-05,4.5399929762484854e-05
14092.795004371337,7.101981873047974e-05,4.5399929762484854e-05
14856.611638834429,6.736882993368357e-05,4.5399929762484854e-05
15661.826438168404,6.390553126948148e-05,4.5399929762484854e-05
16510.683145147836,6.0620273958369105e-05,4.5399929762484854e-05
17405.54711135905,5.750390524556462e-05,4.5399929762484854e-05
18348.91188828678,5.454774290135573e-05,4.5399929762484854e-05
19343.40617563175,5.174355103233448e-05,4.5399929762484854e-05
20391.801146220718,4.9083517136128086e-05,4.5399929762484854e-05
21497.018167919792,4.656023033570082e-05,4.5399929762484854e-05
22662.136944068832,4.416666073258752e-05,4.5399929762484854e-05
23890.404095119506,4.189613982153696e-05,4.5399929762484854e-05
25185.24220539055,3.974234191199956e-05,4.5399929762484854e-05
26550.25936014887,3.769926650469947e-05,4.5399929762484854e-05
27989.259199591703,3.5761221574193054e-05,4.5399929762484854e-05
29506.251517745477,3.392280771083733e-05,4.5399929762484854e-05
31105.463435815323,3.2178903077988925e-05,4.5399929762484854e-05
32791.3511811199,3.052464914252364e-05,4.5399929762484854e-05
34568.61250443379,2.895543713892191e-05,4.5399929762484854e-05
36442.19977033848,2.7466895229208954e-05,4.5399929762484854e-05
38417.33375705847,2.6054876322976778e-05,4.5399929762484854e-05
40499.518204235894,2.4715446523555557e-05,4.5399929762484854e-05
42694.55514918123,2.3444874168143594e-05,4.5399929762484854e-05
45008.561094334844,2.2239619431363304e-05,4.5399929762484854e-05
47447.98405099019,2.1096324463277578e-05,4.5399929762484854e-05
50019.62150677127,2.001180403439137e-05,4.5399929762484854e-05
52730.63936693094,1.8983036661575096e-05,4.5399929762484854e-05
55588.591922250496,1.8007156190187197e-05,4.5399929762484854e-05
58601.442899180576,1.7081443808942878e-05,4.5399929762484854e-05
61777.58765088165,1.620332047528265e-05,4.5399929762484854e-05
65125.87655099753,1.5370339730137973e-05,4.5399929762484854e-05
68655.63965535063,1.4580180882075454e-05,4.5399929762484854e-05
72376.71270027853,1.3830642541830836e-05,4.5399929762484854e-05
76299.46451005658,1.3119636489219675e-05,4.5399929762484854e-05
80434.82588977795,1.2445181855338414e-05,4.5399929762484854e-05
84794.32008420127,1.1805399603846533e-05,4.5399929762484854e-05
89390.09488744017,1.1198507295955472e-05,4.5399929762484854e-05
94234.95649296856,1.062281412453899e-05,4.5399929762484854e-05
99342.40517826544,1.0076716203530162e-05,4.5399929762484854e-05
104726.67292353493,9.558692099481108e-06,4.5399929762484854e-05
110402.7630693264,9.067298592836574e-06,4.5399929762484854e-05
116386.49212356171,8.601166657111926e-06,4.5399929762484854e-05
122694.533834465,8.158997644773752e-06,4.5399929762484854e-05
129344.46565220518,7.73955966919679e-06,4.5399929762484854e-05
136354.81770871702,7.341684172617328e-06,4.5399929762484854e-05
143745.1244521838,6.964262670521364e-06,4.5399929762484854e-05
151535.979080062,6.606243663397261e-06,4.5399929762484854e-05
159749.0909223264,6.266629707249292e-06,4.5399929762484854e-05
168407.34593483325,5.94447463471011e-06,4.5399929762484854e-05
177534.87047137172,5.638880919010421e-06,4.5399929762484854e-05
187157.09851209904,5.348997173461812e-06,4.5399929762484854e-05
197300.84253569742,5.074015779486188e-06,4.5399929762484854e-05
207994.36823273648,4.813170636583564e-06,4.5399929762484854e-05
219267.4732684322,4.565735027969526e-06,4.5399929762484854e-05
231151.57031427513,4.331019595936151e-06,4.5399929762484854e-05
243679.7745798976,4.108370421295533e-06,4.5399929762484854e-05
256886.99608908786,3.897167201555388e-06,4.5399929762484854e-05
270810.0369570802,3.6968215227510335e-06,4.5399929762484854e-05
285487.6939401855,3.5067752201190894e-06,4.5399929762484854e-05
300960.86654351815,3.3264988230456787e-06,4.5399929762484854e-05
317272.6709880631,3.1554900799568552e-06,4.5399929762484854e-05
334468.56035465427,2.9932725590413927e-06,4.5399929762484854e-05
352596.45123964647,2.839394320907741e-06,4.5399929762484854e-05
371706.8572752099,2.6934266594770343e-06,4.5399929762484854e-05
391853.02988630213,2.554962907604313e-06,4.5399929762484854e-05
413091.1066765401,2.4236173041004078e-06,4.5399929762484854e-05
435480.2678564507,2.299023918997971e-06,4.5399929762484854e-05
459082.90114999097,2.1808356340675007e-06,4.5399929762484854e-05
483964.7756388465,2.0687231757430026e-06,4.5399929762484854e-05
510195.2250289417,1.962374197763018e-06,4.5399929762484854e-05
537847.3408498182,1.8614924109713006e-06,4.5399929762484854e-05
566998.1761252482,1.765796757852705e-06,4.5399929762484854e-05
597728.9600826082,1.6750206295045742e-06,4.5399929762484854e-05
630125.3244993052,1.588911122862042e-06,4.5399929762484854e-05
664277.5423169724,1.5072283361079768e-06,4.5399929762484854e-05
700280.7791883369,1.4297447003044645e-06,4.5399929762484854e-05
738235.3586576979,1.3562443453838172e-06,4.5399929762484854e-05
778247.0417139456,1.2865224987327307e-06,4.5399929762484854e-05
820427.3214950975,1.2203849146940437e-06,4.5399929762484854e-05
864893.7339655532,1.157647333396689e-06,4.5399929762484854e-05
911770.1854317721,1.0981349674061186e-06,4.5399929762484854e-05
961187.2978090021,1.0416820147650386e-06,4.5399929762484854e-05
1013282.7726011508,9.881311970677386e-07,4.5399929762484854e-05
1068201.7746080323,9.373333212811196e-07,4.5399929762484854e-05
1126097.336429199,8.891468640916348e-07,4.5399929762484854e-05
1187130.7848915092,8.434375776201433e-07,4.5399929762484854e-05
1251472.1905886857,8.000781154061605e-07,4.5399929762484854e-05
1319300.8417854921,7.589476776195594e-07,4.5399929762484854e-05
1390805.744007113,7.199316745112005e-07,4.5399929762484854e-05
1466186.1467057923,6.829214071649247e-07,4.5399929762484854e-05
1545652.0984723407,6.478137646614477e-07,4.5399929762484854e-05
1629425.032339594,6.145109368104632e-07,4.5399929762484854e-05
1717738.3828087873,5.829201416506219e-07,4.5399929762484854e-05
1810838.2363181948,5.529533669581954e-07,4.5399929762484854e-05
1908984.0169665767,5.245271250442791e-07,4.5399929762484854e-05
2012449.2094022122,4.975622201573777e-07,4.5399929762484854e-05
2121522.1208918574,4.71983527843369e-07,4.5399929762484854e-05
2236506.684693146,4.477197856481361e-07,4.5399929762484854e-05
2357723.3069690424,4.2470339457976887e-07,4.5399929762484854e-05
2485509.7596042855,4.028702307771898e-07,4.5399929762484854e-05
2620222.1214116653,3.8215946686054026e-07,4.5399929762484854e-05
2762235.7703508297,3.6251340246557975e-07,4.5399929762484854e-05
2911946.4295244357,3.4387730348998113e-07,4.5399929762484854e-05
3069771.2698663455,3.261992496036569e-07,4.5399929762484854e-05
3236150.072594513,3.094299895982783e-07,4.5399929762484854e-05
3411546.4546677577,2.93522804172991e-07,4.5399929762484854e-05
3596449.1606611856,2.784333757740433e-07,4.5399929762484854e-05
3791373.4246600415,2.6411966512571e-07,4.5399929762484854e-05
3996862.405967041,2.5054179410850795e-07,4.5399929762484854e-05
4213488.702623655,2.3766193465841896e-07,4.5399929762484854e-05
4441855.946962907,2.2544420337758107e-07,4.5399929762484854e-05
4682600.487639664,2.1385456156283876e-07,4.5399929762484854e-05
4936393.162825441,2.0286072037362483e-07,4.5399929762484854e-05
5203941.169508743,1.9243205087497625e-07,4.5399929762484854e-05
5485990.034109779,1.8253949870506305e-07,4.5399929762484854e-05
5783325.689900702,1.7315550312948785e-07,4.5399929762484854e-05
6096776.6670201225,1.6425392025684605e-07,4.5399929762484854e-05
6427216.40118442,1.558099502016222e-07,4.5399929762484854e-05
6775565.667529096,1.4780006799149833e-07,4.5399929762484854e-05
7142795.146362106,1.4020195802658136e-07,4.5399929762484854e-05
7529928.127978693,1.3299445190795121e-07,4.5399929762484854e-05
7938043.3640747005,1.2615746946232315e-07,4.5399929762484854e-05
8368278.073703906,1.1967196279851327e-07,4.5399929762484854e-05
8821831.11215548,1.135198632398519e-07,4.5399929762484854e-05
9299966.311581733,1.0768403098469777e-07,4.5399929762484854e-05
9804016.002684819,1.0214820735480388e-07,4.5399929762484854e-05
10335384.727275684,9.689696949850171e-08,4.5399929762484854e-05
10895553.152050206,9.191568742250687e-08,4.5399929762484854e-05
11486082.19448865,8.719048323263251e-08,4.5399929762484854e-05
12108617.3723749,8.270819246985763e-08,4.5399929762484854e-05
12764893.389055759,7.845632743403312e-08,4.5399929762484854e-05
13456738.967217112,7.44230423930438e-08,4.5399929762484854e-05
14186081.944646353,7.059710058049614e-08,4.5399929762484854e-05
14954954.646180462,6.69678428899938e-08,4.5399929762484854e-05
15765499.546808802,6.35251581787746e-08,4.5399929762484854e-05
16619975.24171089,6.025945509798279e-08,4.5399929762484854e-05
17520762.739864796,5.716163537108804e-08,4.5399929762484854e-05
18470372.098763354,5.42230684460104e-08,4.5399929762484854e-05
19471449.418725956,5.1435567450329496e-08,4.5399929762484854e-05
20526784.21629566,4.8791366382587e-08,4.5399929762484854e-05
21639317.197267696,4.6283098476142104e-08,4.5399929762484854e-05
22812148.45100902,4.3903775675295626e-08,4.5399929762484854e-05
24048546.088902526,4.1646769166508676e-08,4.5399929762484854e-05
25351955.350987047,3.9505790910471284e-08,4.5399929762484854e-05
26726008.206168935,3.7474876123571026e-08,4.5399929762484854e-05
28174533.472756416,3.5548366659956085e-08,4.5399929762484854e-05
29701567.487517387,3.372089524789238e-08,4.5399929762484854e-05
31311365.352990977,3.1987370536498565e-08,4.5399929762484854e-05
33008412.794392593,3.034296291120003e-08,4.5399929762484854e-05
34797438.659152634,2.8783091038380786e-08,4.5399929762484854e-05
36683428.0939188,2.7303409101749923e-08,4.5399929762484854e-05
38671636.435739905,2.5899794694859773e-08,4.5399929762484854e-05
40767603.856139116,2.4568337336046852e-08,4.5399929762484854e-05
42977170.79888269,2.3305327573796967e-08,4.5399929762484854e-05
45306494.254461646,2.2107246652181164e-08,4.5399929762484854e-05
47762064.91663548,2.0970756707572498e-08,4.5399929762484854e-05
50350725.268844984,1.9892691469329024e-08,4.5399929762484854e-05
53079688.65089203,1.887004743853716e-08,4.5399929762484854e-05
55956559.35901609,1.7899975520238365e-08,4.5399929762484854e-05
58989353.83537657,1.697977308582592e-08,4.5399929762484854e-05
62186523.00598565,1.6106876443499175e-08,4.5399929762484854e-05
65556975.82933689,1.527885369579594e-08,4.5399929762484854e-05
69110104.12134783,1.449339796430593e-08,4.5399929762484854e-05
72855808.72579202,1.3748320962687537e-08,4.5399929762484854e-05
76804527.1031444,1.3041546900083664e-08,4.5399929762484854e-05
80967262.41471736,1.2371106697950847e-08,4.5399929762484854e-05
85355614.18312925,1.1735132504189595e-08,4.5399929762484854e-05
89981810.6145444,1.1131852489292452e-08,4.5399929762484854e-05
94858742.67274705,1.0559585910012194e-08,4.5399929762484854e-05
100000000.0,1.0016738426796687e-08,4.5399929762484854e-05
