time,phase,vorticity_ratio,wx,wy
0.0,0.0,1.0,-0.0,0.0
0.0,0.02454369260617026,0.9996988186962042,-0.023808488795856057,0.005952122198964014
0.0,0.04908738521234052,0.9987954562051724,-0.04760263624831823,0.011900659062079558
0.0,0.07363107781851078,0.9972904566786902,-0.07136810965268163,0.017842027413170407
0.0,0.09817477042468103,0.9951847266721969,-0.09509059357641576,0.02377264839410394
0.0,0.1227184630308513,0.99247953459871,-0.11875579848224577,0.02968894962056144
0.0,0.14726215563702155,0.989176509964781,-0.1423494693356354,0.03558736733390885
0.0,0.1718058482431918,0.9852776423889412,-0.16585739419148673,0.041464348547871684
0.0,0.19634954084936207,0.9807852804032304,-0.18926541275488454,0.047316353188721134
0.0,0.22089323345553233,0.9757021300385286,-0.21255942491072846,0.053139856227682115
0.0,0.2454369260617026,0.970031253194544,-0.23572539921711494,0.058931349804278735
0.0,0.2699806186678728,0.9637760657954398,-0.2587493813573535,0.06468734533933837
0.0,0.2945243112740431,0.9569403357322088,-0.2816175025455248,0.0704043756363812
0.0,0.3190680038802134,0.9495281805930367,-0.30431598788051956,0.07607899697012989
0.0,0.3436116964863836,0.9415440651830208,-0.3268311646435227,0.08170779116088067
0.0,0.36815538909255385,0.932992798834739,-0.3491494705339489,0.08728736763348723
0.0,0.39269908169872414,0.9238795325112867,-0.3712574618388652,0.0928143654597163
0.0,0.4172427743048944,0.9142097557035307,-0.3931418215309804,0.0982854553827451
0.0,0.44178646691106466,0.9039892931234433,-0.41478936729032484,0.10369734182258121
0.0,0.4663301595172349,0.8932243011955153,-0.436187059444787,0.10904676486119674
0.0,0.4908738521234052,0.881921264348355,-0.4573220088247244,0.1143305022061811
0.0,0.5154175447295755,0.8700869911087115,-0.47818148452691706,0.11954537113172926
0.0,0.5399612373357456,0.8577286100002721,-0.49875292158318807,0.12468823039579702
0.0,0.5645049299419159,0.8448535652497071,-0.5190239285290703,0.12975598213226758
0.0,0.5890486225480862,0.8314696123025452,-0.5389822948679615,0.13474557371699036
0.0,0.6135923151542565,0.8175848131515837,-0.5586159984262703,0.13965399960656757
0.0,0.6381360077604268,0.8032075314806449,-0.5779132125951246,0.14447830314878116
0.0,0.662679700366597,0.7883464276266062,-0.5968623134542785,0.14921557836356963
0.0,0.6872233929727672,0.773010453362737,-0.615451886773927,0.15386297169348176
0.0,0.7117670855789375,0.7572088465064846,-0.6336707348902112,0.1584176837225528
0.0,0.7363107781851077,0.7409511253549592,-0.6515078834502724,0.1628769708625681
0.0,0.760854470791278,0.724247082951467,-0.6689525880227921,0.16723814700569803
0.0,0.7853981633974483,0.7071067811865476,-0.6859943405700354,0.17149858514250885
0.0,0.8099418560036186,0.6895405447370669,-0.7026228757774997,0.17565571894437493
0.0,0.8344855486097889,0.6715589548470183,-0.7188281772373573,0.17970704430933931
0.0,0.859029241215959,0.6531728429537769,-0.7346004834819638,0.18365012087049096
0.0,0.8835729338221293,0.6343932841636455,-0.749930293863802,0.1874825734659505
0.0,0.9081166264282996,0.6152315905806268,-0.7648083742783167,0.19120209356957918
0.0,0.9326603190344698,0.5956993044924335,-0.7792257627261931,0.1948064406815483
0.0,0.9572040116406401,0.5758081914178453,-0.7931737747117314,0.19829344367793286
0.0,0.9817477042468103,0.5555702330196023,-0.806644008474061,0.20166100211851526
0.0,1.0062913968529805,0.5349976198870973,-0.819628350048048,0.204907087512012
0.0,1.030835089459151,0.5141027441932217,-0.8321189781518443,0.20802974453796108
0.0,1.055378782065321,0.4928981922297841,-0.8441083688981343,0.21102709222453359
0.0,1.0799224746714913,0.4713967368259978,-0.8555893003262453,0.2138973250815613
0.0,1.1044661672776617,0.4496113296546066,-0.8665548567523842,0.21663871418809605
0.0,1.1290098598838318,0.4275550934302822,-0.8769984329353886,0.21924960823384715
0.0,1.1535535524900022,0.40524131400498986,-0.8869137380554764,0.2217284345138691
0.0,1.1780972450961724,0.38268343236508984,-0.8962947995036001,0.22407369987590003
0.0,1.2026409377023426,0.3598950365349883,-0.9051359664791242,0.22628399161978105
0.0,1.227184630308513,0.33688985339222005,-0.9134319133936551,0.2283579783484138
0.0,1.2517283229146832,0.3136817403988916,-0.9211776430789768,0.2302944107697442
0.0,1.2762720155208536,0.29028467725446233,-0.9283684897971585,0.23209212244928962
0.0,1.3008157081270237,0.2667127574748984,-0.9350001220510199,0.23375003051275497
0.0,1.325359400733194,0.24298017990326398,-0.9410685451932643,0.23526713629831608
0.0,1.3499030933393643,0.21910124015686977,-0.9465701038327038,0.23664252595817595
0.0,1.3744467859455345,0.19509032201612833,-0.9515014840361303,0.23787537100903258
0.0,1.3989904785517047,0.17096188876030136,-0.9558597153245056,0.2389649288311264
0.0,1.423534171157875,0.14673047445536175,-0.9596421724622665,0.23991054311556662
0.0,1.4480778637640452,0.12241067519921628,-0.9628465770386679,0.24071164425966698
0.0,1.4726215563702154,0.09801714032956077,-0.9654709988402138,0.24136774971005345
0.0,1.4971652489763858,0.07356456359966745,-0.9675138570133444,0.2418784642533361
0.0,1.521708941582556,0.049067674327418126,-0.9689739210166833,0.24224348025417083
0.0,1.5462526341887264,0.024541228522912264,-0.9698503113622704,0.2424625778405676
0.0,1.5707963267948966,6.123233995736766e-17,-0.9701425001453319,0.24253562503633297
0.0,1.5953400194010667,-0.024541228522912142,-0.9698503113622704,0.2424625778405676
0.0,1.6198837120072371,-0.04906767432741801,-0.9689739210166833,0.24224348025417083
0.0,1.6444274046134073,-0.07356456359966733,-0.9675138570133444,0.2418784642533361
0.0,1.6689710972195777,-0.09801714032956065,-0.9654709988402139,0.24136774971005348
0.0,1.6935147898257479,-0.12241067519921615,-0.9628465770386679,0.24071164425966698
0.0,1.718058482431918,-0.14673047445536164,-0.9596421724622665,0.23991054311556662
0.0,1.7426021750380885,-0.17096188876030124,-0.9558597153245056,0.2389649288311264
0.0,1.7671458676442586,-0.1950903220161282,-0.9515014840361303,0.23787537100903258
0.0,1.7916895602504288,-0.21910124015686966,-0.9465701038327038,0.23664252595817595
0.0,1.8162332528565992,-0.24298017990326387,-0.9410685451932643,0.23526713629831608
0.0,1.8407769454627694,-0.2667127574748983,-0.9350001220510199,0.23375003051275497
0.0,1.8653206380689396,-0.29028467725446216,-0.9283684897971585,0.23209212244928962
0.0,1.88986433067511,-0.3136817403988914,-0.9211776430789768,0.2302944107697442
0.0,1.9144080232812801,-0.33688985339221994,-0.9134319133936551,0.2283579783484138
0.0,1.9389517158874505,-0.35989503653498817,-0.9051359664791242,0.22628399161978105
0.0,1.9634954084936207,-0.3826834323650897,-0.8962947995036001,0.22407369987590003
0.0,1.9880391010997909,-0.40524131400498975,-0.8869137380554764,0.2217284345138691
0.0,2.012582793705961,-0.42755509343028186,-0.8769984329353887,0.21924960823384718
0.0,2.0371264863121317,-0.4496113296546067,-0.8665548567523841,0.21663871418809602
0.0,2.061670178918302,-0.4713967368259977,-0.8555893003262454,0.21389732508156134
0.0,2.086213871524472,-0.492898192229784,-0.8441083688981345,0.2110270922245336
0.0,2.110757564130642,-0.5141027441932216,-0.8321189781518443,0.20802974453796108
0.0,2.1353012567368124,-0.534997619887097,-0.8196283500480482,0.20490708751201206
0.0,2.1598449493429825,-0.555570233019602,-0.8066440084740611,0.2016610021185153
0.0,2.184388641949153,-0.5758081914178453,-0.7931737747117314,0.19829344367793286
0.0,2.2089323345553233,-0.5956993044924334,-0.7792257627261933,0.19480644068154832
0.0,2.2334760271614935,-0.6152315905806267,-0.7648083742783168,0.1912020935695792
0.0,2.2580197197676637,-0.6343932841636454,-0.7499302938638023,0.18748257346595057
0.0,2.282563412373834,-0.6531728429537765,-0.7346004834819639,0.18365012087049098
0.0,2.3071071049800045,-0.6715589548470184,-0.7188281772373571,0.1797070443093393
0.0,2.3316507975861747,-0.6895405447370669,-0.7026228757774997,0.17565571894437493
0.0,2.356194490192345,-0.7071067811865475,-0.6859943405700354,0.17149858514250885
0.0,2.380738182798515,-0.7242470829514668,-0.6689525880227923,0.16723814700569808
0.0,2.405281875404685,-0.7409511253549589,-0.6515078834502727,0.16287697086256817
0.0,2.429825568010856,-0.7572088465064847,-0.6336707348902111,0.15841768372255277
0.0,2.454369260617026,-0.773010453362737,-0.615451886773927,0.15386297169348176
0.0,2.478912953223196,-0.7883464276266062,-0.5968623134542786,0.14921557836356966
0.0,2.5034566458293663,-0.8032075314806448,-0.5779132125951247,0.14447830314878118
0.0,2.5280003384355365,-0.8175848131515836,-0.5586159984262704,0.1396539996065676
0.0,2.552544031041707,-0.8314696123025453,-0.5389822948679615,0.13474557371699036
0.0,2.5770877236478773,-0.8448535652497071,-0.5190239285290703,0.12975598213226758
0.0,2.6016314162540475,-0.857728610000272,-0.4987529215831882,0.12468823039579705
0.0,2.6261751088602177,-0.8700869911087113,-0.47818148452691717,0.11954537113172929
0.0,2.650718801466388,-0.8819212643483549,-0.45732200882472457,0.11433050220618114
0.0,2.675262494072558,-0.8932243011955152,-0.4361870594447873,0.10904676486119683
0.0,2.6998061866787286,-0.9039892931234433,-0.4147893672903248,0.1036973418225812
0.0,2.724349879284899,-0.9142097557035307,-0.39314182153098043,0.09828545538274511
0.0,2.748893571891069,-0.9238795325112867,-0.3712574618388653,0.09281436545971633
0.0,2.773437264497239,-0.9329927988347388,-0.3491494705339491,0.08728736763348728
0.0,2.7979809571034093,-0.9415440651830207,-0.32683116464352296,0.08170779116088074
0.0,2.82252464970958,-0.9495281805930367,-0.30431598788051945,0.07607899697012986
0.0,2.84706834231575,-0.9569403357322088,-0.28161750254552487,0.07040437563638122
0.0,2.8716120349219203,-0.9637760657954398,-0.25874938135735354,0.06468734533933838
0.0,2.8961557275280905,-0.970031253194544,-0.23572539921711513,0.05893134980427878
0.0,2.9206994201342606,-0.9757021300385285,-0.21255942491072868,0.05313985622768217
0.0,2.945243112740431,-0.9807852804032304,-0.1892654127548849,0.047316353188721225
0.0,2.9697868053466014,-0.9852776423889412,-0.16585739419148673,0.041464348547871684
0.0,2.9943304979527716,-0.989176509964781,-0.14234946933563544,0.03558736733390886
0.0,3.018874190558942,-0.99247953459871,-0.11875579848224592,0.02968894962056148
0.0,3.043417883165112,-0.9951847266721968,-0.09509059357641597,0.023772648394103993
0.0,3.067961575771282,-0.9972904566786902,-0.07136810965268194,0.017842027413170484
0.0,3.0925052683774528,-0.9987954562051724,-0.04760263624831818,0.011900659062079546
0.0,3.117048960983623,-0.9996988186962042,-0.023808488795856095,0.005952122198964024
0.0,3.141592653589793,-1.0,-1.1880819075197913e-16,2.970204768799478e-17
0.0,3.1661363461959633,-0.9996988186962042,0.023808488795855856,-0.005952122198963964
0.0,3.1906800388021335,-0.9987954562051724,0.047602636248317946,-0.011900659062079487
0.0,3.215223731408304,-0.9972904566786902,0.0713681096526817,-0.017842027413170425
0.0,3.2397674240144743,-0.9951847266721969,0.09509059357641575,-0.023772648394103937
0.0,3.2643111166206444,-0.99247953459871,0.11875579848224568,-0.02968894962056142
0.0,3.2888548092268146,-0.989176509964781,0.14234946933563525,-0.03558736733390881
0.0,3.313398501832985,-0.9852776423889413,0.16585739419148648,-0.04146434854787162
0.0,3.3379421944391554,-0.9807852804032304,0.18926541275488465,-0.04731635318872116
0.0,3.3624858870453256,-0.9757021300385286,0.21255942491072846,-0.053139856227682115
0.0,3.3870295796514958,-0.970031253194544,0.23572539921711488,-0.05893134980427872
0.0,3.411573272257666,-0.96377606579544,0.25874938135735337,-0.06468734533933834
0.0,3.436116964863836,-0.9569403357322089,0.28161750254552465,-0.07040437563638116
0.0,3.4606606574700063,-0.9495281805930368,0.3043159878805192,-0.0760789969701298
0.0,3.485204350076177,-0.9415440651830208,0.32683116464352274,-0.08170779116088069
0.0,3.509748042682347,-0.932992798834739,0.3491494705339489,-0.08728736763348723
0.0,3.5342917352885173,-0.9238795325112868,0.3712574618388651,-0.09281436545971627
0.0,3.5588354278946874,-0.9142097557035307,0.3931418215309802,-0.09828545538274505
0.0,3.5833791205008576,-0.9039892931234434,0.41478936729032456,-0.10369734182258114
0.0,3.6079228131070282,-0.8932243011955153,0.4361870594447871,-0.10904676486119677
0.0,3.6324665057131984,-0.881921264348355,0.4573220088247244,-0.1143305022061811
0.0,3.6570101983193686,-0.8700869911087115,0.478181484526917,-0.11954537113172925
0.0,3.6815538909255388,-0.8577286100002721,0.49875292158318796,-0.12468823039579699
0.0,3.706097583531709,-0.8448535652497072,0.5190239285290701,-0.12975598213226752
0.0,3.730641276137879,-0.8314696123025455,0.5389822948679612,-0.1347455737169903
0.0,3.7551849687440497,-0.8175848131515837,0.5586159984262703,-0.13965399960656757
0.0,3.77972866135022,-0.8032075314806449,0.5779132125951245,-0.14447830314878113
0.0,3.80427235395639,-0.7883464276266063,0.5968623134542784,-0.1492155783635696
0.0,3.8288160465625602,-0.7730104533627371,0.6154518867739268,-0.1538629716934817
0.0,3.8533597391687304,-0.7572088465064848,0.633670734890211,-0.15841768372255274
0.0,3.877903431774901,-0.7409511253549591,0.6515078834502726,-0.16287697086256814
0.0,3.902447124381071,-0.724247082951467,0.6689525880227921,-0.16723814700569803
0.0,3.9269908169872414,-0.7071067811865477,0.6859943405700353,-0.17149858514250882
0.0,3.9515345095934116,-0.689540544737067,0.7026228757774996,-0.1756557189443749
0.0,3.9760782021995817,-0.6715589548470187,0.718828177237357,-0.17970704430933926
0.0,4.000621894805752,-0.6531728429537771,0.7346004834819635,-0.18365012087049087
0.0,4.025165587411922,-0.6343932841636459,0.7499302938638018,-0.18748257346595046
0.0,4.049709280018092,-0.6152315905806273,0.7648083742783164,-0.1912020935695791
0.0,4.074252972624263,-0.5956993044924331,0.7792257627261934,-0.19480644068154834
0.0,4.0987966652304335,-0.5758081914178452,0.7931737747117316,-0.1982934436779329
0.0,4.123340357836604,-0.5555702330196022,0.806644008474061,-0.20166100211851526
0.0,4.147884050442774,-0.5349976198870973,0.8196283500480481,-0.20490708751201203
0.0,4.172427743048944,-0.5141027441932218,0.8321189781518442,-0.20802974453796105
0.0,4.196971435655114,-0.4928981922297842,0.8441083688981343,-0.21102709222453359
0.0,4.221515128261284,-0.47139673682599786,0.8555893003262453,-0.2138973250815613
0.0,4.246058820867455,-0.44961132965460693,0.8665548567523841,-0.21663871418809602
0.0,4.270602513473625,-0.4275550934302825,0.8769984329353884,-0.2192496082338471
0.0,4.295146206079795,-0.40524131400499036,0.8869137380554761,-0.22172843451386903
0.0,4.319689898685965,-0.38268343236509034,0.8962947995035999,-0.22407369987589998
0.0,4.344233591292136,-0.35989503653498794,0.9051359664791243,-0.22628399161978108
0.0,4.368777283898306,-0.33688985339221994,0.9134319133936551,-0.2283579783484138
0.0,4.3933209765044765,-0.31368174039889146,0.9211776430789768,-0.2302944107697442
0.0,4.417864669110647,-0.29028467725446244,0.9283684897971584,-0.2320921224492896
0.0,4.442408361716817,-0.26671275747489853,0.9350001220510199,-0.23375003051275497
0.0,4.466952054322987,-0.24298017990326412,0.9410685451932643,-0.23526713629831608
0.0,4.491495746929157,-0.2191012401568701,0.9465701038327037,-0.23664252595817592
0.0,4.516039439535327,-0.19509032201612866,0.9515014840361302,-0.23787537100903255
0.0,4.540583132141498,-0.1709618887603017,0.9558597153245055,-0.23896492883112638
0.0,4.565126824747668,-0.1467304744553623,0.9596421724622664,-0.2399105431155666
0.0,4.589670517353839,-0.12241067519921596,0.962846577038668,-0.240711644259667
0.0,4.614214209960009,-0.09801714032956045,0.9654709988402139,-0.24136774971005348
0.0,4.638757902566179,-0.07356456359966736,0.9675138570133444,-0.2418784642533361
0.0,4.663301595172349,-0.04906767432741803,0.9689739210166833,-0.24224348025417083
0.0,4.6878452877785195,-0.02454122852291239,0.9698503113622704,-0.2424625778405676
0.0,4.71238898038469,-1.8369701987210297e-16,0.9701425001453319,-0.24253562503633297
0.0,4.73693267299086,0.02454122852291202,0.9698503113622704,-0.2424625778405676
0.0,4.76147636559703,0.04906767432741766,0.9689739210166833,-0.24224348025417083
0.0,4.7860200582032,0.07356456359966698,0.9675138570133444,-0.2418784642533361
0.0,4.81056375080937,0.09801714032956009,0.9654709988402139,-0.24136774971005348
0.0,4.8351074434155406,0.1224106751992156,0.962846577038668,-0.240711644259667
0.0,4.859651136021712,0.14673047445536194,0.9596421724622664,-0.2399105431155666
0.0,4.884194828627882,0.17096188876030133,0.9558597153245056,-0.2389649288311264
0.0,4.908738521234052,0.1950903220161283,0.9515014840361303,-0.23787537100903258
0.0,4.933282213840222,0.21910124015686974,0.9465701038327038,-0.23664252595817595
0.0,4.957825906446392,0.24298017990326376,0.9410685451932643,-0.23526713629831608
0.0,4.9823695990525625,0.2667127574748982,0.93500012205102,-0.233750030512755
0.0,5.006913291658733,0.29028467725446205,0.9283684897971585,-0.23209212244928962
0.0,5.031456984264903,0.31368174039889113,0.9211776430789769,-0.23029441076974422
0.0,5.056000676871073,0.3368898533922196,0.9134319133936553,-0.22835797834841381
0.0,5.080544369477243,0.3598950365349876,0.9051359664791244,-0.2262839916197811
0.0,5.105088062083414,0.38268343236509,0.8962947995036,-0.2240736998759
0.0,5.129631754689584,0.40524131400499,0.8869137380554762,-0.22172843451386906
0.0,5.154175447295755,0.42755509343028214,0.8769984329353886,-0.21924960823384715
0.0,5.178719139901925,0.4496113296546066,0.8665548567523842,-0.21663871418809605
0.0,5.203262832508095,0.4713967368259976,0.8555893003262454,-0.21389732508156134
0.0,5.227806525114265,0.49289819222978387,0.8441083688981345,-0.2110270922245336
0.0,5.252350217720435,0.5141027441932216,0.8321189781518444,-0.2080297445379611
0.0,5.2768939103266055,0.5349976198870969,0.8196283500480482,-0.20490708751201206
0.0,5.301437602932776,0.5555702330196018,0.8066440084740613,-0.20166100211851531
0.0,5.325981295538946,0.5758081914178449,0.7931737747117317,-0.19829344367793292
0.0,5.350524988145116,0.5956993044924328,0.7792257627261936,-0.1948064406815484
0.0,5.375068680751287,0.615231590580627,0.7648083742783166,-0.19120209356957915
0.0,5.399612373357457,0.6343932841636456,0.749930293863802,-0.1874825734659505
0.0,5.424156065963627,0.6531728429537768,0.7346004834819638,-0.18365012087049096
0.0,5.448699758569798,0.6715589548470183,0.7188281772373573,-0.17970704430933931
0.0,5.473243451175968,0.6895405447370668,0.7026228757774997,-0.17565571894437493
0.0,5.497787143782138,0.7071067811865474,0.6859943405700355,-0.17149858514250887
0.0,5.522330836388308,0.7242470829514667,0.6689525880227924,-0.1672381470056981
0.0,5.546874528994478,0.7409511253549589,0.6515078834502728,-0.1628769708625682
0.0,5.5714182216006485,0.7572088465064842,0.6336707348902115,-0.15841768372255288
0.0,5.595961914206819,0.7730104533627365,0.6154518867739275,-0.15386297169348187
0.0,5.620505606812989,0.7883464276266059,0.5968623134542791,-0.14921557836356977
0.0,5.64504929941916,0.803207531480645,0.5779132125951245,-0.14447830314878113
0.0,5.66959299202533,0.8175848131515837,0.5586159984262702,-0.13965399960656755
0.0,5.6941366846315,0.8314696123025452,0.5389822948679615,-0.13474557371699036
0.0,5.71868037723767,0.844853565249707,0.5190239285290704,-0.1297559821322676
0.0,5.743224069843841,0.857728610000272,0.4987529215831883,-0.12468823039579707
0.0,5.767767762450011,0.8700869911087113,0.4781814845269173,-0.11954537113172932
0.0,5.792311455056181,0.8819212643483548,0.4573220088247247,-0.11433050220618117
0.0,5.816855147662351,0.8932243011955151,0.4361870594447874,-0.10904676486119685
0.0,5.841398840268521,0.9039892931234431,0.41478936729032523,-0.10369734182258131
0.0,5.8659425328746915,0.9142097557035305,0.3931418215309809,-0.09828545538274522
0.0,5.890486225480862,0.9238795325112865,0.3712574618388658,-0.09281436545971646
0.0,5.915029918087033,0.932992798834739,0.3491494705339488,-0.0872873676334872
0.0,5.939573610693203,0.9415440651830208,0.32683116464352263,-0.08170779116088066
0.0,5.964117303299373,0.9495281805930367,0.30431598788051956,-0.07607899697012989
0.0,5.988660995905543,0.9569403357322088,0.281617502545525,-0.07040437563638124
0.0,6.013204688511713,0.9637760657954398,0.25874938135735365,-0.06468734533933841
0.0,6.037748381117884,0.970031253194544,0.23572539921711524,-0.05893134980427881
0.0,6.062292073724054,0.9757021300385285,0.2125594249107288,-0.0531398562276822
0.0,6.086835766330224,0.9807852804032303,0.189265412754885,-0.04731635318872125
0.0,6.111379458936394,0.9852776423889411,0.16585739419148726,-0.041464348547871815
0.0,6.135923151542564,0.9891765099647809,0.14234946933563603,-0.035587367333909006
0.0,6.160466844148735,0.99247953459871,0.11875579848224561,-0.029688949620561404
0.0,6.1850105367549055,0.9951847266721969,0.09509059357641567,-0.023772648394103917
0.0,6.209554229361076,0.9972904566786902,0.07136810965268162,-0.017842027413170404
0.0,6.234097921967246,0.9987954562051724,0.0476026362483183,-0.011900659062079575
0.0,6.258641614573416,0.9996988186962042,0.023808488795856213,-0.005952122198964053
4.0,0.0,0.8810272994231082,-0.0,0.0
4.0,0.02454369260617026,0.8807619504723883,-0.0,0.08914769649542316
4.0,0.04908738521234052,0.8799660634565144,-0.0,0.17824169375192456
4.0,0.07363107781851078,0.8786401177880647,-0.0,0.26722832487699605
4.0,0.09817477042468103,0.8767849121671297,-0.0,0.3560539876514722
4.0,0.1227184630308513,0.8744015641002048,-0.0,0.44466517681750334
4.0,0.14726215563702155,0.8714915092270463,-0.0,0.5330085163081215
4.0,0.1718058482431918,0.8680565004558959,-0.0,0.6210307913989878
4.0,0.19634954084936207,0.864098606907594,-0.0,0.7086789807629522
4.0,0.22089323345553233,0.8596202126692192,-0.0,0.7959002884081192
4.0,0.2454369260617026,0.8546240153580024,-0.0,0.8826421754801775
4.0,0.2699806186678728,0.8491130244963843,-0.0,0.9688523919098435
4.0,0.2945243112740431,0.8430905596991904,-0.0,1.0544790078863473
4.0,0.3190680038802134,0.8365602486740205,-0.0,1.1394704451380102
4.0,0.3436116964863836,0.8295260250360518,-0.0,1.2237755080010662
4.0,0.36815538909255385,0.8219921259385773,-0.0,1.3073434142580158
4.0,0.39269908169872414,0.8139630895207026,-0.0,1.3901238257269355
4.0,0.4172427743048944,0.8054437521737411,-0.0,1.472066878583315
4.0,0.44178646691106466,0.7964392456279519,-0.0,1.553123213396162
4.0,0.4663301595172349,0.7869549938613779,-0.0,1.6332440048602765
4.0,0.4908738521234052,0.7769967098326443,-0.0,1.7123809912067907
4.0,0.5154175447295755,0.766570392039686,-0.0,1.790486503274251
4.0,0.5399612373357456,0.7556823209064761,-0.0,1.867513493222741
4.0,0.5645049299419159,0.7443390549999342,-0.0,1.9434155628737415
4.0,0.5890486225480862,0.7325474270792902,-0.0,2.0181469916586554
4.0,0.6135923151542565,0.7203145399802863,-0.0,2.091662764159171
4.0,0.6381360077604268,0.7076477623366938,-0.0,2.1639185972228647
4.0,0.662679700366597,0.6945547241417237,-0.0,2.2348709666377196
4.0,0.6872233929727672,0.6810433121520048,-0.0,2.3044771333494802
4.0,0.7117670855789375,0.667121665136895,-0.0,2.3726951692060614
4.0,0.7363107781851077,0.6527981689759926,-0.0,2.439483982213499
4.0,0.760854470791278,0.6380814516077948,-0.0,2.504803341288233
4.0,0.7853981633974483,0.6229803778325507,-0.0,2.5686139004908055
4.0,0.8099418560036186,0.607504043972437,-0.0,2.6308772227263812
4.0,0.8344855486097889,0.5916617723922736,-0.0,2.691555802897823
4.0,0.859029241215959,0.57546310588408,-0.0,2.7506130904973527
4.0,0.8835729338221293,0.5589178019188531,-0.0,2.8080135116232148
4.0,0.9081166264282996,0.5420358267690331,-0.0,2.863722490408063
4.0,0.9326603190344698,0.5248273495051925,-0.0,2.9177064698461708
4.0,0.9572040116406401,0.5073027358705684,-0.0,2.9699329320069157
4.0,0.9817477042468103,0.48947254203712715,-0.0,3.0203704176223645
4.0,1.0062913968529805,0.47134750824691984,-0.0,3.0689885450371617
4.0,1.030835089459151,0.4529385523425631,-0.0,3.115758028509302
4.0,1.055378782065321,0.43425676319073875,-0.0,3.1606506958507645
4.0,1.0799224746714913,0.41531339400267453,-0.0,3.2036395053973887
4.0,1.1044661672776617,0.3961198555556309,-0.0,3.2446985622977587
4.0,1.1290098598838318,0.37668770931947626,-0.0,3.283803134111294
4.0,1.1535535524900022,0.357028660492488,-0.0,3.320929665706149
4.0,1.1780972450961724,0.3371545509505808,-0.0,3.3560557934479407
4.0,1.2026409377023426,0.31707735211420157,-0.0,3.389160358670768
4.0,1.227184630308513,0.29680915773719446,-0.0,3.4202234204224014
4.0,1.2517283229146832,0.27636217662197593,-0.0,3.449226267475963
4.0,1.2762720155208536,0.2557487252654075,-0.0,3.4761514296008746
4.0,1.3008157081270237,0.23498122043980016,-0.0,3.500982688086268
4.0,1.325359400733194,0.21407217171351364,-0.0,3.5237050855105334
4.0,1.3499030933393643,0.19303417391566083,-0.0,3.544304934751107
4.0,1.3744467859455345,0.1718798995494541,-0.0,3.5627698272290846
4.0,1.3989904785517047,0.15062209115876213,-0.0,3.5790886403836835
4.0,1.423534171157875,0.12927355365247872,-0.0,3.59325154437206
4.0,1.4480778637640452,0.10784714659132477,-0.0,3.6052500079904357
4.0,1.4726215563702154,0.08635577644172875,-0.0,3.6150768038129786
4.0,1.4971652489763858,0.0648123888014545,-0.0,3.6227260125453333
4.0,1.521708941582556,0.04322996060165777,-0.0,3.6281930265901816
4.0,1.5462526341887264,0.021621492290066747,-0.0,3.6314745528226875
4.0,1.5707963267948966,5.394736310999731e-17,-0.0,3.6325686145741525
4.0,1.5953400194010667,-0.02162149229006664,-0.0,3.6314745528226875
4.0,1.6198837120072371,-0.043229960601657666,-0.0,3.6281930265901816
4.0,1.6444274046134073,-0.0648123888014544,-0.0,3.6227260125453333
4.0,1.6689710972195777,-0.08635577644172863,-0.0,3.615076803812979
4.0,1.6935147898257479,-0.10784714659132466,-0.0,3.6052500079904357
4.0,1.718058482431918,-0.12927355365247864,-0.0,3.59325154437206
4.0,1.7426021750380885,-0.15062209115876204,-0.0,3.5790886403836835
4.0,1.7671458676442586,-0.17187989954945398,-0.0,3.5627698272290846
4.0,1.7916895602504288,-0.19303417391566075,-0.0,3.544304934751107
4.0,1.8162332528565992,-0.21407217171351356,-0.0,3.5237050855105334
4.0,1.8407769454627694,-0.23498122043980008,-0.0,3.500982688086268
4.0,1.8653206380689396,-0.2557487252654074,-0.0,3.4761514296008746
4.0,1.88986433067511,-0.2763621766219758,-0.0,3.449226267475963
4.0,1.9144080232812801,-0.2968091577371944,-0.0,3.4202234204224014
4.0,1.9389517158874505,-0.31707735211420146,-0.0,3.389160358670768
4.0,1.9634954084936207,-0.33715455095058067,-0.0,3.3560557934479407
4.0,1.9880391010997909,-0.35702866049248794,-0.0,3.320929665706149
4.0,2.012582793705961,-0.3766877093194759,-0.0,3.2838031341112943
4.0,2.0371264863121317,-0.396119855555631,-0.0,3.244698562297758
4.0,2.061670178918302,-0.4153133940026744,-0.0,3.203639505397389
4.0,2.086213871524472,-0.43425676319073864,-0.0,3.160650695850765
4.0,2.110757564130642,-0.45293855234256303,-0.0,3.115758028509302
4.0,2.1353012567368124,-0.4713475082469197,-0.0,3.068988545037162
4.0,2.1598449493429825,-0.48947254203712687,-0.0,3.020370417622365
4.0,2.184388641949153,-0.5073027358705684,-0.0,2.9699329320069157
4.0,2.2089323345553233,-0.5248273495051924,-0.0,2.917706469846171
4.0,2.2334760271614935,-0.542035826769033,-0.0,2.8637224904080636
4.0,2.2580197197676637,-0.558917801918853,-0.0,2.808013511623215
4.0,2.282563412373834,-0.5754631058840797,-0.0,2.750613090497353
4.0,2.3071071049800045,-0.5916617723922737,-0.0,2.6915558028978226
4.0,2.3316507975861747,-0.607504043972437,-0.0,2.6308772227263812
4.0,2.356194490192345,-0.6229803778325506,-0.0,2.5686139004908055
4.0,2.380738182798515,-0.6380814516077946,-0.0,2.504803341288234
4.0,2.405281875404685,-0.6527981689759923,-0.0,2.4394839822135
4.0,2.429825568010856,-0.6671216651368951,-0.0,2.372695169206061
4.0,2.454369260617026,-0.6810433121520048,-0.0,2.3044771333494802
4.0,2.478912953223196,-0.6945547241417237,-0.0,2.23487096663772
4.0,2.5034566458293663,-0.7076477623366937,-0.0,2.163918597222865
4.0,2.5280003384355365,-0.7203145399802862,-0.0,2.0916627641591714
4.0,2.552544031041707,-0.7325474270792903,-0.0,2.0181469916586554
4.0,2.5770877236478773,-0.7443390549999342,-0.0,1.9434155628737415
4.0,2.6016314162540475,-0.755682320906476,-0.0,1.8675134932227415
4.0,2.6261751088602177,-0.7665703920396859,-0.0,1.7904865032742512
4.0,2.650718801466388,-0.7769967098326442,-0.0,1.7123809912067913
4.0,2.675262494072558,-0.7869549938613778,-0.0,1.6332440048602779
4.0,2.6998061866787286,-0.7964392456279519,-0.0,1.5531232133961619
4.0,2.724349879284899,-0.8054437521737411,-0.0,1.4720668785833153
4.0,2.748893571891069,-0.8139630895207026,-0.0,1.390123825726936
4.0,2.773437264497239,-0.8219921259385772,-0.0,1.3073434142580165
4.0,2.7979809571034093,-0.8295260250360517,-0.0,1.223775508001067
4.0,2.82252464970958,-0.8365602486740205,-0.0,1.13947044513801
4.0,2.84706834231575,-0.8430905596991904,-0.0,1.0544790078863475
4.0,2.8716120349219203,-0.8491130244963843,-0.0,0.9688523919098438
4.0,2.8961557275280905,-0.8546240153580024,-0.0,0.8826421754801783
4.0,2.9206994201342606,-0.8596202126692191,-0.0,0.7959002884081201
4.0,2.945243112740431,-0.864098606907594,-0.0,0.7086789807629535
4.0,2.9697868053466014,-0.8680565004558959,-0.0,0.6210307913989878
4.0,2.9943304979527716,-0.8714915092270463,-0.0,0.5330085163081217
4.0,3.018874190558942,-0.8744015641002048,-0.0,0.4446651768175039
4.0,3.043417883165112,-0.8767849121671296,-0.0,0.35605398765147306
4.0,3.067961575771282,-0.8786401177880647,-0.0,0.26722832487699716
4.0,3.0925052683774528,-0.8799660634565144,-0.0,0.1782416937519244
4.0,3.117048960983623,-0.8807619504723883,-0.0,0.0891476964954233
4.0,3.141592653589793,-0.8810272994231082,-0.0,4.448613526521371e-16
4.0,3.1661363461959633,-0.8807619504723883,0.0,-0.08914769649542241
4.0,3.1906800388021335,-0.8799660634565144,0.0,-0.1782416937519235
4.0,3.215223731408304,-0.8786401177880647,0.0,-0.26722832487699627
4.0,3.2397674240144743,-0.8767849121671297,0.0,-0.3560539876514722
4.0,3.2643111166206444,-0.8744015641002048,0.0,-0.444665176817503
4.0,3.2888548092268146,-0.8714915092270463,0.0,-0.5330085163081208
4.0,3.313398501832985,-0.8680565004558959,0.0,-0.6210307913989869
4.0,3.3379421944391554,-0.864098606907594,0.0,-0.7086789807629527
4.0,3.3624858870453256,-0.8596202126692192,0.0,-0.7959002884081192
4.0,3.3870295796514958,-0.8546240153580024,0.0,-0.8826421754801773
4.0,3.411573272257666,-0.8491130244963843,0.0,-0.9688523919098431
4.0,3.436116964863836,-0.8430905596991906,0.0,-1.0544790078863464
4.0,3.4606606574700063,-0.8365602486740206,0.0,-1.139470445138009
4.0,3.485204350076177,-0.8295260250360518,0.0,-1.2237755080010664
4.0,3.509748042682347,-0.8219921259385773,0.0,-1.3073434142580158
4.0,3.5342917352885173,-0.8139630895207027,0.0,-1.3901238257269353
4.0,3.5588354278946874,-0.8054437521737411,0.0,-1.4720668785833144
4.0,3.5833791205008576,-0.796439245627952,0.0,-1.5531232133961612
4.0,3.6079228131070282,-0.7869549938613779,0.0,-1.633244004860277
4.0,3.6324665057131984,-0.7769967098326443,0.0,-1.7123809912067907
4.0,3.6570101983193686,-0.766570392039686,0.0,-1.7904865032742505
4.0,3.6815538909255388,-0.7556823209064761,0.0,-1.8675134932227406
4.0,3.706097583531709,-0.7443390549999342,0.0,-1.9434155628737408
4.0,3.730641276137879,-0.7325474270792904,0.0,-2.0181469916586545
4.0,3.7551849687440497,-0.7203145399802863,0.0,-2.091662764159171
4.0,3.77972866135022,-0.7076477623366938,0.0,-2.1639185972228643
4.0,3.80427235395639,-0.6945547241417238,0.0,-2.2348709666377196
4.0,3.8288160465625602,-0.6810433121520048,0.0,-2.3044771333494793
4.0,3.8533597391687304,-0.6671216651368952,0.0,-2.3726951692060605
4.0,3.877903431774901,-0.6527981689759925,0.0,-2.4394839822134995
4.0,3.902447124381071,-0.6380814516077948,0.0,-2.504803341288233
4.0,3.9269908169872414,-0.6229803778325508,0.0,-2.568613900490805
4.0,3.9515345095934116,-0.6075040439724371,0.0,-2.630877222726381
4.0,3.9760782021995817,-0.5916617723922739,0.0,-2.691555802897822
4.0,4.000621894805752,-0.5754631058840802,0.0,-2.7506130904973514
4.0,4.025165587411922,-0.5589178019188534,0.0,-2.808013511623214
4.0,4.049709280018092,-0.5420358267690334,0.0,-2.8637224904080623
4.0,4.074252972624263,-0.5248273495051922,0.0,-2.9177064698461717
4.0,4.0987966652304335,-0.5073027358705683,0.0,-2.969932932006916
4.0,4.123340357836604,-0.48947254203712703,0.0,-3.0203704176223645
4.0,4.147884050442774,-0.47134750824691984,0.0,-3.068988545037162
4.0,4.172427743048944,-0.4529385523425632,0.0,-3.1157580285093016
4.0,4.196971435655114,-0.43425676319073886,0.0,-3.1606506958507645
4.0,4.221515128261284,-0.41531339400267453,0.0,-3.2036395053973887
4.0,4.246058820867455,-0.3961198555556312,0.0,-3.244698562297758
4.0,4.270602513473625,-0.3766877093194765,0.0,-3.283803134111293
4.0,4.295146206079795,-0.35702866049248844,0.0,-3.320929665706148
4.0,4.319689898685965,-0.3371545509505812,0.0,-3.35605579344794
4.0,4.344233591292136,-0.3170773521142013,0.0,-3.3891603586707686
4.0,4.368777283898306,-0.2968091577371944,0.0,-3.4202234204224014
4.0,4.3933209765044765,-0.2763621766219758,0.0,-3.449226267475963
4.0,4.417864669110647,-0.2557487252654076,0.0,-3.476151429600874
4.0,4.442408361716817,-0.23498122043980027,0.0,-3.500982688086268
4.0,4.466952054322987,-0.21407217171351378,0.0,-3.5237050855105334
4.0,4.491495746929157,-0.19303417391566113,0.0,-3.544304934751107
4.0,4.516039439535327,-0.17187989954945437,0.0,-3.562769827229084
4.0,4.540583132141498,-0.15062209115876243,0.0,-3.579088640383683
4.0,4.565126824747668,-0.12927355365247922,0.0,-3.5932515443720594
4.0,4.589670517353839,-0.10784714659132448,0.0,-3.6052500079904357
4.0,4.614214209960009,-0.08635577644172847,0.0,-3.615076803812979
4.0,4.638757902566179,-0.06481238880145442,0.0,-3.6227260125453333
4.0,4.663301595172349,-0.04322996060165768,0.0,-3.6281930265901816
4.0,4.6878452877785195,-0.021621492290066855,0.0,-3.6314745528226875
4.0,4.71238898038469,-1.618420893299919e-16,0.0,-3.6325686145741525
4.0,4.73693267299086,0.021621492290066532,0.0,-3.6314745528226875
4.0,4.76147636559703,0.04322996060165736,0.0,-3.6281930265901816
4.0,4.7860200582032,0.06481238880145408,0.0,-3.6227260125453333
4.0,4.81056375080937,0.08635577644172815,0.0,-3.615076803812979
4.0,4.8351074434155406,0.10784714659132416,0.0,-3.6052500079904357
4.0,4.859651136021712,0.1292735536524789,0.0,-3.5932515443720594
4.0,4.884194828627882,0.15062209115876213,0.0,-3.5790886403836835
4.0,4.908738521234052,0.17187989954945407,0.0,-3.5627698272290846
4.0,4.933282213840222,0.19303417391566083,0.0,-3.544304934751107
4.0,4.957825906446392,0.21407217171351345,0.0,-3.5237050855105334
4.0,4.9823695990525625,0.23498122043979996,0.0,-3.5009826880862684
4.0,5.006913291658733,0.25574872526540726,0.0,-3.4761514296008746
4.0,5.031456984264903,0.27636217662197554,0.0,-3.4492262674759635
4.0,5.056000676871073,0.2968091577371941,0.0,-3.420223420422402
4.0,5.080544369477243,0.317077352114201,0.0,-3.389160358670769
4.0,5.105088062083414,0.33715455095058094,0.0,-3.3560557934479402
4.0,5.129631754689584,0.35702866049248816,0.0,-3.3209296657061484
4.0,5.154175447295755,0.3766877093194762,0.0,-3.283803134111294
4.0,5.178719139901925,0.3961198555556309,0.0,-3.2446985622977587
4.0,5.203262832508095,0.4153133940026743,0.0,-3.203639505397389
4.0,5.227806525114265,0.4342567631907385,0.0,-3.160650695850765
4.0,5.252350217720435,0.45293855234256303,0.0,-3.1157580285093025
4.0,5.2768939103266055,0.47134750824691957,0.0,-3.068988545037162
4.0,5.301437602932776,0.48947254203712676,0.0,-3.0203704176223654
4.0,5.325981295538946,0.5073027358705681,0.0,-2.9699329320069165
4.0,5.350524988145116,0.5248273495051919,0.0,-2.9177064698461725
4.0,5.375068680751287,0.5420358267690332,0.0,-2.863722490408063
4.0,5.399612373357457,0.5589178019188532,0.0,-2.8080135116232148
4.0,5.424156065963627,0.5754631058840799,0.0,-2.7506130904973527
4.0,5.448699758569798,0.5916617723922736,0.0,-2.691555802897823
4.0,5.473243451175968,0.607504043972437,0.0,-2.6308772227263817
4.0,5.497787143782138,0.6229803778325506,0.0,-2.568613900490806
4.0,5.522330836388308,0.6380814516077945,0.0,-2.5048033412882345
4.0,5.546874528994478,0.6527981689759923,0.0,-2.4394839822135004
4.0,5.5714182216006485,0.6671216651368946,0.0,-2.3726951692060627
4.0,5.595961914206819,0.6810433121520043,0.0,-2.304477133349482
4.0,5.620505606812989,0.6945547241417234,0.0,-2.234870966637722
4.0,5.64504929941916,0.7076477623366939,0.0,-2.1639185972228643
4.0,5.66959299202533,0.7203145399802863,0.0,-2.0916627641591705
4.0,5.6941366846315,0.7325474270792902,0.0,-2.0181469916586554
4.0,5.71868037723767,0.7443390549999341,0.0,-1.943415562873742
4.0,5.743224069843841,0.755682320906476,0.0,-1.867513493222742
4.0,5.767767762450011,0.7665703920396859,0.0,-1.7904865032742516
4.0,5.792311455056181,0.7769967098326441,0.0,-1.7123809912067915
4.0,5.816855147662351,0.7869549938613777,0.0,-1.6332440048602783
4.0,5.841398840268521,0.7964392456279517,0.0,-1.5531232133961637
4.0,5.8659425328746915,0.805443752173741,0.0,-1.472066878583317
4.0,5.890486225480862,0.8139630895207024,0.0,-1.3901238257269377
4.0,5.915029918087033,0.8219921259385773,0.0,-1.3073434142580154
4.0,5.939573610693203,0.8295260250360518,0.0,-1.223775508001066
4.0,5.964117303299373,0.8365602486740205,0.0,-1.1394704451380102
4.0,5.988660995905543,0.8430905596991904,0.0,-1.0544790078863477
4.0,6.013204688511713,0.8491130244963843,0.0,-0.9688523919098443
4.0,6.037748381117884,0.8546240153580024,0.0,-0.8826421754801786
4.0,6.062292073724054,0.8596202126692191,0.0,-0.7959002884081205
4.0,6.086835766330224,0.8640986069075939,0.0,-0.708678980762954
4.0,6.111379458936394,0.8680565004558958,0.0,-0.6210307913989898
4.0,6.135923151542564,0.8714915092270462,0.0,-0.5330085163081238
4.0,6.160466844148735,0.8744015641002048,0.0,-0.4446651768175027
4.0,6.1850105367549055,0.8767849121671297,0.0,-0.3560539876514719
4.0,6.209554229361076,0.8786401177880647,0.0,-0.267228324876996
4.0,6.234097921967246,0.8799660634565144,0.0,-0.17824169375192483
4.0,6.258641614573416,0.8807619504723883,0.0,-0.08914769649542374
12.0,0.0,0.3605949401730783,0.0,0.0
12.0,0.02454369260617026,0.3604863357188548,0.004490730771698555,0.0005613413464623194
12.0,0.04908738521234052,0.3601605877754466,0.008978756495099478,0.0011223445618874347
12.0,0.07363107781851078,0.3596178925612342,0.013461373751325084,0.0016826717189156355
12.0,0.09817477042468103,0.35885857697552215,0.017935882379356078,0.0022419852974195098
12.0,0.1227184630308513,0.3578830984016264,0.022399587102507584,0.002799948387813448
12.0,0.14726215563702155,0.3566920444313646,0.02684979915196305,0.0033562248939953813
12.0,0.1718058482431918,0.3552861325111119,0.031283837886388034,0.003910479735798504
12.0,0.19634954084936207,0.35366620950963873,0.0356990324066483,0.004462379050831037
12.0,0.22089323345553233,0.35183325120798825,0.0400927231646596,0.00501159039558245
12.0,0.2454369260617026,0.34978836171170274,0.044462263565399986,0.005557782945674998
12.0,0.2699806186678728,0.3475327727857514,0.048805021561119696,0.006100627695139962
12.0,0.2945243112740431,0.34506784311256133,0.05311838123678829,0.006639797654598536
12.0,0.3190680038802134,0.34239505747359794,0.05739974438582406,0.007174968048228008
12.0,0.3436116964863836,0.3395160258549883,0.06164653207515648,0.00770581650939456
12.0,0.36815538909255385,0.33643248247772556,0.06585618619867913,0.00823202327483489
12.0,0.39269908169872414,0.333146284753039,0.07002617101815713,0.00875327137726964
12.0,0.4172427743048944,0.3296594121635592,0.07415397469066096,0.00926924683633262
12.0,0.44178646691106466,0.3259739650709514,0.07823711078160685,0.009779638847700856
12.0,0.4663301595172349,0.32209216345073655,0.0822731197624919,0.010284139970311487
12.0,0.4908738521234052,0.31801634555506064,0.08625957049242212,0.010782446311552766
12.0,0.5154175447295755,0.3137489665042195,0.09019406168254081,0.011274257710317601
12.0,0.5399612373357456,0.30929259680778576,0.09407422334247512,0.01175927791780939
12.0,0.5645049299419159,0.30464992081623005,0.09789771820792971,0.012237214775991214
12.0,0.5890486225480862,0.2998237351039689,0.1016622431485673,0.012707780393570912
12.0,0.6135923151542565,0.29481694678481274,0.10536553055532834,0.013170691319416042
12.0,0.6381360077604268,0.28963257176082907,0.10900534970635377,0.013625668713294221
12.0,0.662679700366597,0.2842737329056761,0.11257950811068866,0.014072438513836083
12.0,0.6872233929727672,0.2787436581835003,0.11608585282895663,0.014510731603619579
12.0,0.7117670855789375,0.27304567870453145,0.11952227177021005,0.014940283971276256
12.0,0.7363107781851077,0.26718322671854655,0.12288669496417469,0.015360836870521836
12.0,0.760854470791278,0.26115983354741074,0.12617709580812242,0.015772136976015302
12.0,0.7853981633974483,0.2549791274579411,0.12939149228762084,0.016173936535952605
12.0,0.8099418560036186,0.24864483147637448,0.1325279481704247,0.01656599352130309
12.0,0.8344855486097889,0.24216076114575558,0.1355845741727899,0.01694807177159874
12.0,0.859029241215959,0.23553082222759664,0.13855952909750718,0.017319941137188398
12.0,0.8835729338221293,0.2287590083491924,0.1414510209429706,0.017681377617871325
12.0,0.9081166264282996,0.22184939859800892,0.14425730798261235,0.018032163497826544
12.0,0.9326603190344698,0.2148061550645934,0.14697669981405354,0.018372087476756692
12.0,0.9572040116406401,0.20763352033548635,0.14960755837733955,0.018700944797167444
12.0,0.9817477042468103,0.20033581493764666,0.15214829894164597,0.019018537367705746
12.0,1.0062913968529805,0.19291743473592712,0.15459739105986126,0.019324673882482657
12.0,1.030835089459151,0.18538284828517015,0.15695335949047093,0.019619169936308866
12.0,1.055378782065321,0.17773659413851745,0.1592147850861876,0.01990184813577345
12.0,1.0799224746714913,0.16998327811355501,0.16138030564879266,0.020172538206099083
12.0,1.1044661672776617,0.16212757051794105,0.1634486167496732,0.02043107709370915
12.0,1.1290098598838318,0.1541742033361875,0.16541847251556116,0.020677309064445145
12.0,1.1535535524900022,0.14612796737928896,0.16728868637900085,0.020911085797375106
12.0,1.1780972450961724,0.13799370939891784,0.1690581317930927,0.021132266474136588
12.0,1.2026409377023426,0.12977632916792192,0.1707257429100831,0.021340717863760388
12.0,1.227184630308513,0.12148077652888471,0.1722905152233912,0.0215363144029239
12.0,1.2517283229146832,0.11311204841252538,0.17375150617268603,0.021718938271585754
12.0,1.2762720155208536,0.10467518582773419,0.17510783571164973,0.021888479463956216
12.0,1.3008157081270237,0.09617527082505774,0.17635868683808442,0.022044835854760553
12.0,1.325359400733194,0.08761742343546128,0.1775033060860439,0.022187913260755487
12.0,1.3499030933393643,0.07900679858621372,0.1785410039796933,0.022317625497461663
12.0,1.3744467859455345,0.07034858299575238,0.17947115544862344,0.02243389443107793
12.0,1.3989904785517047,0.06164799204939734,0.1802932002043701,0.02253665002554626
12.0,1.423534171157875,0.05291026665779856,0.18100664307791065,0.02262583038473883
12.0,1.4480778637640452,0.044140670100007516,0.18161105431793534,0.022701381789741917
12.0,1.4726215563702154,0.03534448485307418,0.18210606984971364,0.022763258731214205
12.0,1.4971652489763858,0.0265270094100807,0.18249139149439905,0.02281142393679988
12.0,1.521708941582556,0.017693555088527428,0.18276678714864086,0.022845848393580108
12.0,1.5462526341887264,0.008849442830993391,0.1829320909243947,0.022866511365549336
12.0,1.5707963267948966,2.2080071963584583e-17,0.18298720324884712,0.02287340040610589
12.0,1.5953400194010667,-0.008849442830993346,0.1829320909243947,0.022866511365549336
12.0,1.6198837120072371,-0.017693555088527387,0.18276678714864086,0.022845848393580108
12.0,1.6444274046134073,-0.026527009410080654,0.18249139149439905,0.02281142393679988
12.0,1.6689710972195777,-0.03534448485307414,0.18210606984971367,0.02276325873121421
12.0,1.6935147898257479,-0.04414067010000747,0.18161105431793534,0.022701381789741917
12.0,1.718058482431918,-0.05291026665779852,0.18100664307791065,0.02262583038473883
12.0,1.7426021750380885,-0.0616479920493973,0.1802932002043701,0.02253665002554626
12.0,1.7671458676442586,-0.07034858299575232,0.17947115544862344,0.02243389443107793
12.0,1.7916895602504288,-0.07900679858621368,0.1785410039796933,0.022317625497461663
12.0,1.8162332528565992,-0.08761742343546124,0.1775033060860439,0.022187913260755487
12.0,1.8407769454627694,-0.0961752708250577,0.17635868683808442,0.022044835854760553
12.0,1.8653206380689396,-0.10467518582773414,0.17510783571164973,0.021888479463956216
12.0,1.88986433067511,-0.11311204841252533,0.17375150617268603,0.021718938271585754
12.0,1.9144080232812801,-0.12148077652888467,0.1722905152233912,0.0215363144029239
12.0,1.9389517158874505,-0.1297763291679219,0.1707257429100831,0.021340717863760388
12.0,1.9634954084936207,-0.13799370939891778,0.1690581317930927,0.021132266474136588
12.0,1.9880391010997909,-0.14612796737928893,0.16728868637900085,0.020911085797375106
12.0,2.012582793705961,-0.1541742033361874,0.1654184725155612,0.02067730906444515
12.0,2.0371264863121317,-0.1621275705179411,0.16344861674967318,0.020431077093709147
12.0,2.061670178918302,-0.169983278113555,0.1613803056487927,0.020172538206099086
12.0,2.086213871524472,-0.17773659413851742,0.15921478508618764,0.019901848135773455
12.0,2.110757564130642,-0.1853828482851701,0.15695335949047093,0.019619169936308866
12.0,2.1353012567368124,-0.19291743473592704,0.1545973910598613,0.019324673882482664
12.0,2.1598449493429825,-0.20033581493764654,0.152148298941646,0.01901853736770575
12.0,2.184388641949153,-0.20763352033548635,0.14960755837733955,0.018700944797167444
12.0,2.2089323345553233,-0.21480615506459336,0.14697669981405356,0.018372087476756695
12.0,2.2334760271614935,-0.2218493985980089,0.14425730798261235,0.018032163497826544
12.0,2.2580197197676637,-0.22875900834919236,0.14145102094297063,0.01768137761787133
12.0,2.282563412373834,-0.23553082222759653,0.13855952909750718,0.017319941137188398
12.0,2.3071071049800045,-0.2421607611457556,0.13558457417278988,0.016948071771598735
12.0,2.3316507975861747,-0.24864483147637448,0.1325279481704247,0.01656599352130309
12.0,2.356194490192345,-0.25497912745794105,0.12939149228762084,0.016173936535952605
12.0,2.380738182798515,-0.2611598335474106,0.12617709580812245,0.015772136976015306
12.0,2.405281875404685,-0.26718322671854644,0.12288669496417473,0.015360836870521841
12.0,2.429825568010856,-0.2730456787045315,0.11952227177021003,0.014940283971276254
12.0,2.454369260617026,-0.2787436581835003,0.11608585282895663,0.014510731603619579
12.0,2.478912953223196,-0.2842737329056761,0.11257950811068868,0.014072438513836084
12.0,2.5034566458293663,-0.289632571760829,0.1090053497063538,0.013625668713294225
12.0,2.5280003384355365,-0.2948169467848127,0.10536553055532835,0.013170691319416044
12.0,2.552544031041707,-0.2998237351039689,0.1016622431485673,0.012707780393570912
12.0,2.5770877236478773,-0.30464992081623005,0.09789771820792971,0.012237214775991214
12.0,2.6016314162540475,-0.3092925968077857,0.09407422334247513,0.011759277917809391
12.0,2.6261751088602177,-0.31374896650421946,0.09019406168254084,0.011274257710317604
12.0,2.650718801466388,-0.31801634555506064,0.08625957049242215,0.010782446311552769
12.0,2.675262494072558,-0.3220921634507365,0.08227311976249195,0.010284139970311494
12.0,2.6998061866787286,-0.3259739650709514,0.07823711078160683,0.009779638847700854
12.0,2.724349879284899,-0.3296594121635592,0.07415397469066097,0.009269246836332621
12.0,2.748893571891069,-0.333146284753039,0.07002617101815714,0.008753271377269643
12.0,2.773437264497239,-0.33643248247772556,0.06585618619867917,0.008232023274834896
12.0,2.7979809571034093,-0.3395160258549883,0.06164653207515653,0.007705816509394566
12.0,2.82252464970958,-0.34239505747359794,0.05739974438582404,0.007174968048228005
12.0,2.84706834231575,-0.34506784311256133,0.0531183812367883,0.006639797654598537
12.0,2.8716120349219203,-0.3475327727857514,0.04880502156111972,0.006100627695139965
12.0,2.8961557275280905,-0.34978836171170274,0.04446226356540002,0.0055577829456750025
12.0,2.9206994201342606,-0.35183325120798825,0.040092723164659644,0.0050115903955824555
12.0,2.945243112740431,-0.35366620950963873,0.03569903240664836,0.004462379050831045
12.0,2.9697868053466014,-0.3552861325111119,0.031283837886388034,0.003910479735798504
12.0,2.9943304979527716,-0.3566920444313646,0.02684979915196306,0.0033562248939953826
12.0,3.018874190558942,-0.3578830984016264,0.022399587102507612,0.0027999483878134515
12.0,3.043417883165112,-0.3588585769755221,0.017935882379356116,0.0022419852974195145
12.0,3.067961575771282,-0.3596178925612342,0.01346137375132514,0.0016826717189156425
12.0,3.0925052683774528,-0.3601605877754466,0.00897875649509947,0.0011223445618874337
12.0,3.117048960983623,-0.3604863357188548,0.004490730771698562,0.0005613413464623202
12.0,3.141592653589793,-0.3605949401730783,2.240946927436268e-17,2.801183659295335e-18
12.0,3.1661363461959633,-0.3604863357188548,-0.004490730771698517,-0.0005613413464623146
12.0,3.1906800388021335,-0.3601605877754466,-0.008978756495099426,-0.0011223445618874282
12.0,3.215223731408304,-0.3596178925612342,-0.013461373751325096,-0.001682671718915637
12.0,3.2397674240144743,-0.35885857697552215,-0.017935882379356075,-0.0022419852974195093
12.0,3.2643111166206444,-0.3578830984016264,-0.022399587102507567,-0.002799948387813446
12.0,3.2888548092268146,-0.3566920444313646,-0.02684979915196302,-0.0033562248939953774
12.0,3.313398501832985,-0.35528613251111196,-0.031283837886387986,-0.003910479735798498
12.0,3.3379421944391554,-0.35366620950963873,-0.03569903240664832,-0.00446237905083104
12.0,3.3624858870453256,-0.35183325120798825,-0.0400927231646596,-0.00501159039558245
12.0,3.3870295796514958,-0.34978836171170274,-0.04446226356539998,-0.005557782945674997
12.0,3.411573272257666,-0.34753277278575145,-0.048805021561119676,-0.0061006276951399594
12.0,3.436116964863836,-0.34506784311256133,-0.05311838123678825,-0.006639797654598531
12.0,3.4606606574700063,-0.342395057473598,-0.057399744385824,-0.007174968048228
12.0,3.485204350076177,-0.3395160258549883,-0.06164653207515649,-0.007705816509394561
12.0,3.509748042682347,-0.33643248247772556,-0.06585618619867913,-0.00823202327483489
12.0,3.5342917352885173,-0.33314628475303903,-0.0700261710181571,-0.008753271377269637
12.0,3.5588354278946874,-0.3296594121635592,-0.07415397469066093,-0.009269246836332616
12.0,3.5833791205008576,-0.32597396507095144,-0.0782371107816068,-0.00977963884770085
12.0,3.6079228131070282,-0.32209216345073655,-0.08227311976249191,-0.010284139970311489
12.0,3.6324665057131984,-0.31801634555506064,-0.08625957049242212,-0.010782446311552766
12.0,3.6570101983193686,-0.3137489665042195,-0.0901940616825408,-0.0112742577103176
12.0,3.6815538909255388,-0.30929259680778576,-0.09407422334247509,-0.011759277917809386
12.0,3.706097583531709,-0.3046499208162301,-0.09789771820792967,-0.012237214775991209
12.0,3.730641276137879,-0.299823735103969,-0.10166224314856726,-0.012707780393570907
12.0,3.7551849687440497,-0.29481694678481274,-0.10536553055532834,-0.013170691319416042
12.0,3.77972866135022,-0.28963257176082907,-0.10900534970635375,-0.01362566871329422
12.0,3.80427235395639,-0.2842737329056761,-0.11257950811068863,-0.01407243851383608
12.0,3.8288160465625602,-0.27874365818350033,-0.11608585282895659,-0.014510731603619573
12.0,3.8533597391687304,-0.2730456787045315,-0.11952227177021,-0.01494028397127625
12.0,3.877903431774901,-0.2671832267185465,-0.12288669496417472,-0.01536083687052184
12.0,3.902447124381071,-0.26115983354741074,-0.12617709580812242,-0.015772136976015302
12.0,3.9269908169872414,-0.25497912745794116,-0.12939149228762084,-0.016173936535952605
12.0,3.9515345095934116,-0.2486448314763745,-0.1325279481704247,-0.01656599352130309
12.0,3.9760782021995817,-0.2421607611457557,-0.13558457417278988,-0.016948071771598735
12.0,4.000621894805752,-0.23553082222759672,-0.13855952909750713,-0.01731994113718839
12.0,4.025165587411922,-0.22875900834919258,-0.14145102094297055,-0.017681377617871318
12.0,4.049709280018092,-0.2218493985980091,-0.14425730798261227,-0.018032163497826534
12.0,4.074252972624263,-0.21480615506459327,-0.14697669981405356,-0.018372087476756695
12.0,4.0987966652304335,-0.20763352033548632,-0.14960755837733958,-0.018700944797167447
12.0,4.123340357836604,-0.20033581493764663,-0.15214829894164597,-0.019018537367705746
12.0,4.147884050442774,-0.19291743473592712,-0.15459739105986128,-0.01932467388248266
12.0,4.172427743048944,-0.18538284828517018,-0.1569533594904709,-0.019619169936308863
12.0,4.196971435655114,-0.17773659413851747,-0.1592147850861876,-0.01990184813577345
12.0,4.221515128261284,-0.16998327811355504,-0.16138030564879266,-0.020172538206099083
12.0,4.246058820867455,-0.16212757051794116,-0.16344861674967318,-0.020431077093709147
12.0,4.270602513473625,-0.15417420333618762,-0.16541847251556113,-0.02067730906444514
12.0,4.295146206079795,-0.14612796737928913,-0.1672886863790008,-0.0209110857973751
12.0,4.319689898685965,-0.137993709398918,-0.16905813179309265,-0.02113226647413658
12.0,4.344233591292136,-0.1297763291679218,-0.1707257429100831,-0.021340717863760388
12.0,4.368777283898306,-0.12148077652888467,-0.1722905152233912,-0.0215363144029239
12.0,4.3933209765044765,-0.11311204841252534,-0.17375150617268603,-0.021718938271585754
12.0,4.417864669110647,-0.10467518582773423,-0.1751078357116497,-0.021888479463956213
12.0,4.442408361716817,-0.09617527082505778,-0.17635868683808442,-0.022044835854760553
12.0,4.466952054322987,-0.08761742343546133,-0.1775033060860439,-0.022187913260755487
12.0,4.491495746929157,-0.07900679858621383,-0.17854100397969327,-0.02231762549746166
12.0,4.516039439535327,-0.0703485829957525,-0.17947115544862344,-0.02243389443107793
12.0,4.540583132141498,-0.06164799204939746,-0.1802932002043701,-0.02253665002554626
12.0,4.565126824747668,-0.052910266657798764,-0.18100664307791062,-0.022625830384738827
12.0,4.589670517353839,-0.0441406701000074,-0.18161105431793537,-0.02270138178974192
12.0,4.614214209960009,-0.03534448485307407,-0.18210606984971367,-0.02276325873121421
12.0,4.638757902566179,-0.026527009410080665,-0.18249139149439905,-0.02281142393679988
12.0,4.663301595172349,-0.017693555088527393,-0.18276678714864086,-0.022845848393580108
12.0,4.6878452877785195,-0.008849442830993436,-0.1829320909243947,-0.022866511365549336
12.0,4.71238898038469,-6.624021589075375e-17,-0.18298720324884712,-0.02287340040610589
12.0,4.73693267299086,0.008849442830993303,-0.1829320909243947,-0.022866511365549336
12.0,4.76147636559703,0.01769355508852726,-0.18276678714864086,-0.022845848393580108
12.0,4.7860200582032,0.02652700941008053,-0.18249139149439905,-0.02281142393679988
12.0,4.81056375080937,0.03534448485307394,-0.18210606984971367,-0.02276325873121421
12.0,4.8351074434155406,0.044140670100007266,-0.18161105431793537,-0.02270138178974192
12.0,4.859651136021712,0.05291026665779863,-0.18100664307791062,-0.022625830384738827
12.0,4.884194828627882,0.061647992049397325,-0.1802932002043701,-0.02253665002554626
12.0,4.908738521234052,0.07034858299575236,-0.17947115544862344,-0.02243389443107793
12.0,4.933282213840222,0.0790067985862137,-0.1785410039796933,-0.022317625497461663
12.0,4.957825906446392,0.0876174234354612,-0.1775033060860439,-0.022187913260755487
12.0,4.9823695990525625,0.09617527082505765,-0.17635868683808442,-0.022044835854760553
12.0,5.006913291658733,0.1046751858277341,-0.17510783571164973,-0.021888479463956216
12.0,5.031456984264903,0.11311204841252523,-0.17375150617268603,-0.021718938271585754
12.0,5.056000676871073,0.12148077652888455,-0.17229051522339123,-0.021536314402923903
12.0,5.080544369477243,0.1297763291679217,-0.17072574291008313,-0.02134071786376039
12.0,5.105088062083414,0.1379937093989179,-0.16905813179309268,-0.021132266474136584
12.0,5.129631754689584,0.14612796737928901,-0.16728868637900082,-0.020911085797375103
12.0,5.154175447295755,0.1541742033361875,-0.16541847251556116,-0.020677309064445145
12.0,5.178719139901925,0.16212757051794105,-0.1634486167496732,-0.02043107709370915
12.0,5.203262832508095,0.16998327811355493,-0.1613803056487927,-0.020172538206099086
12.0,5.227806525114265,0.17773659413851736,-0.15921478508618764,-0.019901848135773455
12.0,5.252350217720435,0.1853828482851701,-0.15695335949047096,-0.01961916993630887
12.0,5.2768939103266055,0.192917434735927,-0.1545973910598613,-0.019324673882482664
12.0,5.301437602932776,0.2003358149376465,-0.152148298941646,-0.01901853736770575
12.0,5.325981295538946,0.2076335203354862,-0.14960755837733958,-0.018700944797167447
12.0,5.350524988145116,0.21480615506459316,-0.14697669981405362,-0.018372087476756702
12.0,5.375068680751287,0.221849398598009,-0.14425730798261233,-0.01803216349782654
12.0,5.399612373357457,0.22875900834919244,-0.1414510209429706,-0.017681377617871325
12.0,5.424156065963627,0.2355308222275966,-0.13855952909750718,-0.017319941137188398
12.0,5.448699758569798,0.24216076114575558,-0.1355845741727899,-0.01694807177159874
12.0,5.473243451175968,0.24864483147637445,-0.13252794817042474,-0.016565993521303092
12.0,5.497787143782138,0.254979127457941,-0.12939149228762087,-0.01617393653595261
12.0,5.522330836388308,0.2611598335474106,-0.12617709580812247,-0.01577213697601531
12.0,5.546874528994478,0.26718322671854644,-0.12288669496417476,-0.015360836870521845
12.0,5.5714182216006485,0.27304567870453134,-0.11952227177021012,-0.014940283971276265
12.0,5.595961914206819,0.2787436581835001,-0.11608585282895671,-0.014510731603619589
12.0,5.620505606812989,0.284273732905676,-0.11257950811068876,-0.014072438513836095
12.0,5.64504929941916,0.2896325717608291,-0.10900534970635375,-0.01362566871329422
12.0,5.66959299202533,0.29481694678481274,-0.10536553055532831,-0.013170691319416039
12.0,5.6941366846315,0.2998237351039689,-0.1016622431485673,-0.012707780393570912
12.0,5.71868037723767,0.30464992081623,-0.09789771820792972,-0.012237214775991215
12.0,5.743224069843841,0.3092925968077857,-0.09407422334247516,-0.011759277917809395
12.0,5.767767762450011,0.31374896650421946,-0.09019406168254085,-0.011274257710317606
12.0,5.792311455056181,0.3180163455550606,-0.08625957049242218,-0.010782446311552773
12.0,5.816855147662351,0.32209216345073644,-0.08227311976249198,-0.010284139970311497
12.0,5.841398840268521,0.32597396507095133,-0.07823711078160693,-0.009779638847700866
12.0,5.8659425328746915,0.3296594121635591,-0.07415397469066105,-0.009269246836332632
12.0,5.890486225480862,0.3331462847530389,-0.07002617101815724,-0.008753271377269655
12.0,5.915029918087033,0.33643248247772556,-0.06585618619867911,-0.008232023274834889
12.0,5.939573610693203,0.3395160258549883,-0.06164653207515647,-0.0077058165093945585
12.0,5.964117303299373,0.34239505747359794,-0.05739974438582406,-0.007174968048228008
12.0,5.988660995905543,0.34506784311256133,-0.05311838123678832,-0.00663979765459854
12.0,6.013204688511713,0.3475327727857514,-0.04880502156111974,-0.006100627695139967
12.0,6.037748381117884,0.34978836171170274,-0.04446226356540004,-0.005557782945675005
12.0,6.062292073724054,0.35183325120798825,-0.040092723164659665,-0.005011590395582458
12.0,6.086835766330224,0.3536662095096387,-0.03569903240664838,-0.0044623790508310475
12.0,6.111379458936394,0.35528613251111185,-0.03128383788638813,-0.003910479735798516
12.0,6.135923151542564,0.35669204443136454,-0.02684979915196317,-0.003356224893995396
12.0,6.160466844148735,0.3578830984016264,-0.022399587102507553,-0.002799948387813444
12.0,6.1850105367549055,0.35885857697552215,-0.017935882379356057,-0.002241985297419507
12.0,6.209554229361076,0.3596178925612342,-0.013461373751325082,-0.0016826717189156353
12.0,6.234097921967246,0.3601605877754466,-0.008978756495099492,-0.0011223445618874365
12.0,6.258641614573416,0.3604863357188548,-0.0044907307716985844,-0.0005613413464623231
