xi,radius,tau,velocity,pressure,radial_transport,radial_pressure_gradient,angular_time,angular_minus_viscosity,angular_normalized_residual
4.0,0.8944271909999159,0.1,1.581139707556151,-1.2499992956148283,-2.7950880742074693,2.7950880742074693,4.385179140491099e-06,-4.3851791404910336e-06,7.436587520034292e-15
4.213444143819343,0.9179808433534268,0.1,1.540570594690272,-1.1866768788876743,-2.585410985870197,2.585410985870197,4.139207459653055e-06,-4.139207459652994e-06,7.366914173398536e-15
4.438277888271379,0.9421547524978452,0.1,1.5010424093596022,-1.1265622460588265,-2.3914630889698056,2.3914630889698056,3.905102004334192e-06,-3.905102004334135e-06,7.266290023032885e-15
4.675108994244981,0.9669652521414595,0.1,1.462528443339232,-1.069492897418569,-2.212064438550642,2.212064438550642,3.682426145536817e-06,-3.6824261455367635e-06,7.245640994280163e-15
4.924577653379665,0.9924291061209023,0.1,1.4250026736859243,-1.0153145651536097,-2.046123604686632,2.046123604686632,3.4707511561975003e-06,-3.470751156197452e-06,6.955393201740112e-15
5.187358218604039,1.018563519728057,0.1,1.3884397451550894,-0.9638807963365649,-1.8926310324181035,1.8926310324181035,3.2696564547766767e-06,-3.2696564547766314e-06,6.929820197455663e-15
5.464161027017582,1.0453861513352454,0.1,1.3528149530689098,-0.9150525570403073,-1.750652899800983,1.750652899800983,3.078729840325493e-06,-3.078729840325451e-06,6.8093228479988e-15
5.75573432004328,1.07291512432655,0.1,1.3181042266240366,-0.8686978565070439,-1.6193254367018868,1.6193254367018868,2.8975677169876237e-06,-2.897567716987585e-06,6.650405247498059e-15
6.062866266041592,1.1011690393433329,0.1,1.2842841126275841,-0.8246913903561865,-1.4978496697756865,1.4978496697756865,2.7257753060284813e-06,-2.7257753060284457e-06,6.525736678661716e-15
6.3863870908532006,1.1301669868522262,0.1,1.251331759650426,-0.7829142018665523,-1.3854865616549552,1.3854865616549552,2.5629668436333405e-06,-2.5629668436333057e-06,6.775029283678632e-15
6.727171322029715,1.1599285600440845,0.1,1.2192249025870925,-0.7432533604172881,-1.281552514779021,1.281552514779021,2.408765762877394e-06,-2.4087657628773633e-06,6.329628760732911e-15
7.086140152818885,1.1904738680726163,0.1,1.1879418476118304,-0.7056016562182964,-1.185415212508746,1.185415212508746,2.2628048584428617e-06,-2.262804858442833e-06,6.363588998669636e-15
7.464263932294459,1.2218235496416379,0.1,1.1574614575206692,-0.669857310504966,-1.0964897722251403,1.0964897722251403,2.1247264328388683e-06,-2.1247264328388416e-06,6.27881722233322e-15
7.8625647883620084,1.2539987869501317,0.1,1.127763137449575,-0.635923700413823,-1.0142351870079496,1.0142351870079496,1.9941824230669014e-06,-1.9941824230668764e-06,6.265091812807471e-15
8.282119390731019,1.2870213200045304,0.1,1.0988268209590604,-0.6037090977953983,-0.9381510342460719,0.9381510342460719,1.8708345068659353e-06,-1.8708345068659129e-06,5.999026910146577e-15
8.72406186132206,1.320913461307898,0.1,1.0706329564758292,-0.5731264212582792,-0.8677744311555539,0.8677744311555539,1.7543541878646383e-06,-1.7543541878646174e-06,5.974866873963763e-15
9.18958683997628,1.3556981109359327,0.1,1.0431624940823108,-0.5440930007740831,-0.8026772186831294,0.8026772186831294,1.644422859161324e-06,-1.6444228591613042e-06,6.052358780340755e-15
9.67995271375434,1.3913987720099756,0.1,1.0163968726451484,-0.5165303542070456,-0.7424633566626659,0.7424633566626659,1.5407318450432344e-06,-1.5407318450432158e-06,6.047361485889133e-15
10.196485018554098,1.4280395665774879,0.1,0.9903180072739451,-0.490363975164143,-0.6867665143771222,0.6867665143771222,1.4429824207433751e-06,-1.4429824207433584e-06,5.7966405091942734e-15
10.74058002224211,1.4656452519107146,0.1,0.9649082771017985,-0.4655231315922806,-0.6352478418674532,0.6352478418674532,1.3508858103135714e-06,-1.3508858103135555e-06,5.878316153654645e-15
11.31370849898476,1.5042412372345575,0.1,0.9401505133793627,-0.44194067457811964,-0.5875939084294993,0.5875939084294993,1.264163162864742e-06,-1.2641631628647271e-06,5.862801975403046e-15
11.91741970498162,1.5438536008949566,0.1,0.9160279878743945,-0.419552856833699,-0.5435147957570522,0.5435147957570522,1.1825455075881842e-06,-1.1825455075881711e-06,5.551165091827418e-15
12.55334556634801,1.5845091079793774,0.1,0.8925244015689456,-0.39829916037719404,-0.5027423341301314,0.5027423341301314,1.1057736881233336e-06,-1.105773688123321e-06,5.745069875182931e-15
13.223205090467388,1.6262352284013153,0.1,0.8696238736465652,-0.3781221329430009,-0.4650284709177596,0.4650284709177596,1.0335982769768478e-06,-1.0335982769768365e-06,5.429182111228952e-15
13.928809012737991,1.6690601554610303,0.1,0.8473109307620672,-0.3589672326789421,-0.43014376146950284,0.43014376146950284,9.657794708240315e-07,-9.65779470824021e-07,5.481537017785693e-15
14.67206469127474,1.7130128248950585,0.1,0.8255704965866183,-0.34078268071078255,-0.39787597321463675,0.39787597321463675,9.020869676356233e-07,-9.020869676356133e-07,5.5751366606084105e-15
15.454981262797524,1.7581229344273697,0.1,0.8043878816210758,-0.3235193211755163,-0.36802879447652864,0.36802879447652864,8.422998266704663e-07,-8.42299826670457e-07,5.468054848000333e-15
16.27967507364298,1.8044209638353785,0.1,0.7837487732706989,-0.30713048834507173,-0.34042064014689977,0.34042064014689977,7.862063124570795e-07,-7.862063124570712e-07,5.31950088774751e-15
17.148375400580694,1.8519381955443706,0.1,0.7636392261745213,-0.29157188048125066,-0.31488354695390275,0.31488354695390275,7.336037239546409e-07,-7.336037239546329e-07,5.412277515237982e-15
18.063430476898105,1.900706735764258,0.1,0.7440456527828548,-0.27680144008090884,-0.2912621516030273,0.2912621516030273,6.842982101364535e-07,-6.842982101364464e-07,5.183340266110174e-15
19.027313840043536,1.9507595361829473,0.1,0.7249548141765555,-0.2627792401876647,-0.2694127455740274,0.2694127455740274,6.381045732769089e-07,-6.38104573276902e-07,5.392644861561496e-15
20.042631017986043,2.002130416230973,0.1,0.7063538111218487,-0.24946737646281747,-0.24920240082342432,0.24920240082342432,5.948460612467521e-07,-5.94846061246746e-07,5.1618303185219575e-15
21.112126572366307,2.0548540859324445,0.1,0.6882300753546715,-0.23682986472372602,-0.2305081610735201,0.2305081610735201,5.543541501317659e-07,-5.543541501317601e-07,5.252374777918752e-15
22.238691517477395,2.108966169357745,0.1,0.6705713610886402,-0.22483254367267835,-0.2132162937678658,0.2132162937678658,5.164683184875606e-07,-5.164683184875552e-07,5.227653706387268e-15
23.425371135130003,2.164503228693827,0.1,0.6533657367409073,-0.21344298255331232,-0.19722159814221857,0.19722159814221857,4.810358145289539e-07,-4.810358145289489e-07,5.172503184603849e-15
24.675373206527045,2.221502788948375,0.1,0.6366015768703152,-0.2026303934849677,-0.18242676520141407,0.18242676520141407,4.47911417527356e-07,-4.4791141752735143e-07,5.082257242542636e-15
25.99207668339953,2.2800033633045165,0.1,0.6202675543224037,-0.19236554823799823,-0.16874178570837106,0.16874178570837106,4.169571946548142e-07,-4.1695719465481e-07,5.015173296782254e-15
27.379040821843272,2.3400444791432182,0.1,0.6043526325759582,-0.1826206992250707,-0.15608340258353573,0.15608340258353573,3.8804225446991037e-07,-3.8804225446990635e-07,5.184237609579617e-15
28.840014803546573,2.401666704750956,0.1,0.5888460582859312,-0.1733695044948802,-0.14437460438326472,0.14437460438326472,3.610424981898119e-07,-3.6104249818980824e-07,5.0587252239676455e-15
30.378947870416614,2.4649116767306944,0.1,0.5737373540176971,-0.16458695652552682,-0.13354415677555836,0.13354415677555836,3.3584036983551027e-07,-3.3584036983550693e-07,4.965442706377666e-15
31.99999999999999,2.529822128134703,0.1,0.5590163111677314,-0.1562493146250714,-0.12352616916272723,0.12352616916272723,3.1232460627482393e-07,-3.1232460627482075e-07,5.085051719249835e-15
33.707553150554745,2.5964419173382156,0.1,0.5446729830659314,-0.14833404075653825,-0.11425969381440083,0.11425969381440083,2.9038998812119316e-07,-2.9038998812119025e-07,5.013388676078418e-15
35.50622310617104,2.664816057673439,0.1,0.5306976782549171,-0.14081973861388958,-0.10568835507207575,0.10568835507207575,2.6993709237672387e-07,-2.6993709237672117e-07,5.001012449976853e-15
37.400871953959864,2.7349907478439435,0.1,0.5170809539417717,-0.1336860957842839,-0.09776000636934831,0.09776000636934831,2.508720476363363e-07,-2.508720476363338e-07,4.959020556499685e-15
39.39662122703732,2.807013403139975,0.1,0.5038136096177962,-0.12691382884027438,-0.09042641298120502,0.09042641298120502,2.3310629259722292e-07,-2.3310629259722056e-07,5.053081918774209e-15
41.498865748832294,2.8809326874757866,0.1,0.49088668084197035,-0.12048463121352229,-0.08364295857227373,0.08364295857227373,2.1655633854493897e-07,-2.165563385449368e-07,5.011448618689905e-15
43.713288216140654,2.9567985462706337,0.1,0.47829143318391404,-0.11438112370911967,-0.07736837375872548,0.07736837375872548,2.011435364151604e-07,-2.0114353641515843e-07,4.869069435278023e-15
46.04587456034625,3.0346622401956447,0.1,0.46601935632226393,-0.10858680752675445,-0.07156448503244828,0.07156448503244828,1.8679384895913654e-07,-1.8679384895913472e-07,4.8888515406003676e-15
48.50293012833276,3.114576379809388,0.1,0.45406215829447033,-0.10308601966172488,-0.06619598251998893,0.06619598251998893,1.7343762847174e-07,-1.7343762847173832e-07,4.88378995214594e-15
51.09109672682557,3.1965949611055064,0.1,0.44241175989413417,-0.09786389056524732,-0.061230205163351266,0.061230205163351266,1.610094004743358e-07,-1.6100940047433422e-07,4.931969100633261e-15
53.817370576237714,3.280773401996478,0.1,0.43106028921209655,-0.09290630394960393,-0.056636942015727734,0.056636942015727734,1.4944765368085105e-07,-1.4944765368084962e-07,4.78216975404675e-15
56.68912122255107,3.3671685797581055,0.1,0.42000007631759334,-0.08819985862948007,-0.052388248443283075,0.052388248443283075,1.3869463651483395e-07,-1.3869463651483262e-07,4.7712334569740126e-15
59.71411145835569,3.455838869460082,0.1,0.4092236480758798,-0.08373183229633936,-0.048458276114793225,0.048458276114793225,1.2869616038817985e-07,-1.2869616038817863e-07,4.730560173689122e-15
62.900518306896096,3.546844183408572,0.1,0.39872372309882476,-0.0794901471279146,-0.04482311574482685,0.04482311574482685,1.1940140989882321e-07,-1.1940140989882205e-07,4.87712123107077e-15
66.25695512584814,3.6402460116274598,0.1,0.3884932068250624,-0.07546333713985112,-0.04146065163374636,0.04146065163374636,1.107627600551531e-07,-1.1076276005515202e-07,4.839289276174255e-15
69.79249489057648,3.736107463405636,0.1,0.37852518672637664,-0.07164051719124799,-0.038350427119575065,0.038350427119575065,1.0273560058929701e-07,-1.0273560058929603e-07,4.766516376236678e-15
73.51669471981025,3.8344933099383613,0.1,0.36881292763708146,-0.06801135356031553,-0.03547352012316371,0.03547352012316371,9.52781673797588e-08,-9.52781673797579e-08,4.722868476629051e-15
77.43962171003474,3.9354700280915553,0.1,0.3593498672032385,-0.06456603601060862,-0.03281242802949407,0.03281242802949407,8.835138096614473e-08,-8.835138096614386e-08,4.943345068883066e-15
81.57188014843281,4.03910584531856,0.1,0.3501296114486393,-0.06129525127232755,-0.03035096120475806,0.03035096120475806,8.191869210482034e-08,-8.191869210481955e-08,4.84683878396652e-15
85.92464017793682,4.145470785759727,0.1,0.34114593045455494,-0.05819015786700173,-0.028074144501388724,0.028074144501388724,7.594593428417861e-08,-7.594593428417788e-08,4.7923496228442024e-15
90.50966799187808,4.254636717555991,0.1,0.33239275415033503,-0.05524236220750276,-0.025968126151816644,0.025968126151816644,7.040118309164375e-08,-7.04011830916431e-08,4.6058146451700135e-15
95.33935763985295,4.366677401408374,0.1,0.32386416821201164,-0.052443895908782505,-0.024020093496677563,0.024020093496677563,6.525462230142034e-08,-6.525462230141972e-08,4.766251023311343e-15
100.42676453078413,4.481668540416262,0.1,0.31555441006613644,-0.049787194248001786,-0.022218195034775776,0.022218195034775776,6.047841653213423e-08,-6.047841653213367e-08,4.5955681672013276e-15
105.78564072373905,4.599687831228095,0.1,0.3074578649961516,-0.047265075715825486,-0.020551468320569186,0.020551468320569186,5.604659030671984e-08,-5.60465903067193e-08,4.8408875443197906e-15
111.43047210190386,4.72081501653907,0.1,0.2995690623486627,-0.0448707226036065,-0.019009773270516426,0.019009773270516426,5.1934913332965135e-08,-5.1934913332964645e-08,4.714467505624666e-15
117.3765175301979,4.845131938971279,0.1,0.2918826718370529,-0.042597662573983903,-0.017583730472533938,0.017583730472533938,4.812079181183936e-08,-4.8120791811838914e-08,4.606832012054933e-15
123.63985010238025,4.972722596372741,0.1,0.28439349993993707,-0.04043975116507619,-0.016264664123247726,0.016264664123247726,4.4583165571866836e-08,-4.458316557186641e-08,4.749735333894755e-15
130.2374005891439,5.10367319857265,0.1,0.2770964863920257,-0.03839115518097674,-0.015044549245880386,0.015044549245880386,4.130241082118248e-08,-4.13024108211821e-08,4.646360788554306e-15
137.18700320464546,5.2380722256312096,0.1,0.26998670076502573,-0.03644633692365263,-0.013915962867655889,0.013915962867655889,3.826024830428551e-08,-3.8260248304285144e-08,4.756365753676604e-15
144.50744381518476,5.376010487623415,0.1,0.26305933913626867,-0.03460003922362313,-0.012872038859693874,0.012872038859693874,3.543965664770617e-08,-3.543965664770584e-08,4.668107373475757e-15
152.2185107203483,5.517581185997145,0.1,0.25630972084281567,-0.032847271228953825,-0.011906426164647302,0.011906426164647302,3.2824790677619804e-08,-3.282479067761949e-08,4.7375764460243105e-15
160.3410481438884,5.662879976547065,0.1,0.24973328531884564,-0.03118329491415074,-0.011013250157947371,0.011013250157947371,3.040090449269244e-08,-3.040090449269215e-08,4.78879790712569e-15
168.89701257893054,5.812005034046866,0.1,0.24332558901418933,-0.029603612272486823,-0.010187076907584238,0.010187076907584238,2.8154279076956826e-08,-2.8154279076956555e-08,4.818365978680933e-15
177.90953213981905,5.96505711858351,0.1,0.23708230239192854,-0.028103953157138692,-0.009422880114986269,0.009422880114986269,2.6072154240122594e-08,-2.6072154240122346e-08,4.758988871430185e-15
187.40296908104003,6.1221396436383255,0.1,0.2309992070030301,-0.026680263738266694,-0.008716010535871583,0.008716010535871583,2.4142664676272454e-08,-2.4142664676272235e-08,4.522609344125571e-15
197.40298565221642,6.283358745960896,0.1,0.22507219263604042,-0.025328695544835987,-0.008062167695033937,0.008062167695033937,2.2354779936243347e-08,-2.235477993624314e-08,4.6623029830280066e-15
207.93661346719634,6.448823357283038,0.1,0.21929725453991214,-0.02404559506155624,-0.007457373722980129,0.007457373722980129,2.06982481140045e-08,-2.069824811400431e-08,4.635800601463927e-15
219.03232657474626,6.6186452779212495,0.1,0.21367049071808805,-0.022827493852819444,-0.00689794915524581,0.00689794915524581,1.9163543052909568e-08,-1.916354305290939e-08,4.661742659438112e-15
230.72011842837244,6.792939252317401,0.1,0.20818809929201387,-0.02167109918693884,-0.006380490547156781,0.006380490547156781,1.774181488370175e-08,-1.7741814883701587e-08,4.569075968922719e-15
243.03158296333288,6.971823046568708,0.1,0.20284637593229715,-0.020573285135344732,-0.005901849767847707,0.005901849767847707,1.6424843712497135e-08,-1.642484371249698e-08,4.733985841267013e-15
256.0,7.155417527999327,0.1,0.1976417113557796,-0.019531084122677116,-0.005459114847566862,0.005459114847566862,1.520499628357174e-08,-1.5204996283571597e-08,4.678562977119656e-15
