tau,heat_radius,heat_speed,heat_time_angular,heat_minus_viscosity_angular,heat_residual_magnitude,heat_normalized_angular,heat_laplacian_raw_relative_error,gaussian_force_magnitude,gaussian_force_l2,gaussian_angular_normalized
1.0,5.656854249492381,0.24999927878392453,2.5440668970397604e-08,-2.5440668970397326e-08,2.779326858178173e-22,5.462369840612628e-15,1.515385594785812e-10,3.149918299259421,15.905536191376514,1.0
0.7943282347242815,5.041676656745949,0.28050386894613993,3.593590835555347e-08,-3.593590835555307e-08,3.970466940254533e-22,5.524372587121435e-15,1.7624324222254018e-10,4.449377860198183,18.903765192031095,1.0
0.6309573444801932,4.493399050091833,0.31473058993005654,5.076083144045385e-08,-5.07608314404533e-08,5.558653716356346e-22,5.4753375374446744e-15,1.1240053332528532e-10,6.284913277743189,22.46716703767534,1.0
0.5011872336272722,4.004746118803626,0.3531336113468768,7.170159671580913e-08,-7.170159671580835e-08,7.808584982500581e-22,5.445196020843249e-15,9.310796578176905e-11,8.877675969510308,26.7022780684767,1.0
0.3981071705534972,3.5692337353712085,0.3962225199990893,1.0128122069134014e-07,-1.0128122069133904e-07,1.0984958534704208e-21,5.422998686094784e-15,1.0558220964185239e-12,12.540050615928523,31.735716962027205,1.0
0.31622776601683794,3.1810829150682025,0.44456908181480925,1.4306355973333913e-07,-1.4306355973333757e-07,1.5617169965001163e-21,5.458122946930232e-15,1.0809264594513479e-10,17.71329230646873,37.7179702986801,1.0
0.25118864315095796,2.8351431323357654,0.49881482886464107,2.0208269592197657e-07,-2.0208269592197437e-07,2.1969917069408415e-21,5.435872915583788e-15,7.99593724565284e-11,25.020690421764478,44.827891714384606,1.0
0.19952623149688792,2.5268239764376967,0.5596795721365722,2.854494608355352e-07,-2.8544946083553215e-07,3.0704944337968387e-21,5.378350382602323e-15,1.345636935212724e-10,35.34266461312526,53.27804915385156,1.0
0.15848931924611134,2.2520342394989386,0.6279709530286998,4.0320817336461826e-07,-4.0320817336461387e-07,4.393983413881683e-21,5.448777708566264e-15,3.160249839595508e-11,49.92284069304945,63.32108009285154,1.0
0.12589254117941673,2.0071276286627455,0.7045951603028051,5.695468143192687e-07,-5.695468143192625e-07,6.246867986000465e-21,5.484068937745578e-15,2.482314354068649e-10,70.51788681315297,75.2572447340719,1.0
0.1,1.7888543819998317,0.7905689547068057,8.045064438906852e-07,-8.045064438906764e-07,8.787966827763366e-21,5.4617131376001175e-15,1.2469358878774983e-10,99.60916269103642,89.44340299721726,1.0
0.07943282347242814,1.5943181461420115,0.8870331608261589,1.1363958185513093e-06,-1.136395818551297e-06,1.2281977735187355e-20,5.40391716279132e-15,1.0297029895411924e-10,140.70168208952506,106.30368369173965,1.0
0.0630957344480193,1.4209375434327216,0.9952678051936066,1.6052021288674388e-06,-1.6052021288674212e-06,1.7575933655526732e-20,5.474679275415504e-15,1.8374879395821608e-10,198.7464085430292,126.34216485239281,1.0
0.05011872336272722,1.2664119186138731,1.1167091015315815,2.267408795823738e-06,-2.267408795823713e-06,2.498747194400186e-20,5.510138266647276e-15,1.9896595482293833e-10,280.7367639259612,150.15794434628387,1.0
0.03981071705534971,1.1286908105283708,1.2529685085120275,3.202800790580952e-06,-3.2028007905809174e-06,3.4728350837426314e-20,5.421559614253618e-15,2.771640694732014e-10,396.55121920131523,178.4630513229222,1.0
0.03162277660168379,1.0059467437463483,1.4058541129195363,4.524077406350231e-06,-4.524077406350182e-06,4.912791094074942e-20,5.429605478433148e-15,7.686229430703406e-11,560.1434854877851,212.10373401249996,1.0
0.025118864315095794,0.8965509790765194,1.5773946219605286,6.3904306627001035e-06,-6.390430662700034e-06,6.945670167485263e-20,5.4344304273779535e-15,1.6425105719974908e-10,791.2237036273477,252.08576032156512,1.0
0.01995262314968879,0.7990519011866759,1.7698662830831076,9.026725315852445e-06,-9.026725315852346e-06,9.825582188149884e-20,5.4424953924844516e-15,2.2511503772193464e-10,1117.6331875690958,299.6044876473345,1.0
0.015848931924611134,0.7121557565501779,1.9858230885186807,1.275059134957008e-05,-1.2750591349569942e-05,1.3891340334970526e-19,5.447331795885288e-15,5.787414991687001e-11,1578.698838557751,356.08060091898363,1.0
0.012589254117941668,0.6347094861226933,2.228130665342868,1.801069314452474e-05,-1.8010693144524544e-05,1.9651164376299768e-19,5.455415907264468e-15,1.6809797998007525e-10,2229.971381115162,423.2025873393243,1.0
0.01,0.565685424949238,2.500004300758007,2.5440786129277652e-05,-2.5440786129277374e-05,2.778268066994105e-19,5.460263792314276e-15,1.7607604263503163e-10,3149.91829925942,502.97721770989597,1.0
0.007943282347242814,0.5041676656745948,2.8050516071716878,3.593607384690835e-05,-3.5936073846907955e-05,3.9302328752599536e-19,5.468367095419497e-15,3.825140204583022e-10,4449.377860198186,597.7895435982857,1.0
0.00630957344480193,0.4493399050091832,3.147320393213234,5.076106520325975e-05,-5.076106520325919e-05,5.55653613398821e-19,5.473226489375773e-15,2.1728263632780909e-10,6284.913277743192,710.4742041051213,1.0
0.005011872336272719,0.40047461188036254,3.5313523759100014,7.1701926914625e-05,-7.170192691462421e-05,7.860465750519907e-19,5.481349029768304e-15,2.2777357777670204e-10,8877.675969510321,844.4001741154796,1.0
0.003981071705534969,0.3569233735371207,3.962243446754271,0.00010128168710967221,-0.00010128168710967112,1.0977546996415732e-18,5.4193148384904105e-15,2.3113910785355074e-10,12540.050615928536,1003.5714877844539,1.0
0.0031622776601683794,0.3181082915068203,4.445711291358045,0.00014306421856689615,-0.0001430642185668946,1.5449880957918438e-18,5.399631407728352e-15,3.1674840528239656e-10,17713.29230646873,1192.7469486241055,1.0
0.0025118864315095794,0.2835143132335765,4.988171259971088,0.0002020836265493259,-0.00020208362654932372,2.1955093992831465e-18,5.4321803225044154e-15,2.0084223173455484e-10,25020.690421764473,1417.5824052084563,1.0
0.001995262314968879,0.25268239764376965,5.596821495621864,0.000285450775381909,-0.0002854507753819059,3.0899761915836876e-18,5.4124501631666216e-15,2.904809726089752e-10,35342.66461312527,1684.799846165777,1.0
0.0015848931924611126,0.22520342394989382,6.279738449484694,0.00040321003021115295,-0.00040321003021114856,4.391018798566293e-18,5.4450763492500784e-15,2.5388269264681185e-10,49922.84069304949,2002.3883699535718,1.0
0.0012589254117941662,0.20071276286627446,7.0459840509090235,0.000569549437185318,-0.0005695494371853119,6.179952383167375e-18,5.425299350402656e-15,2.5385893387408487e-10,70517.88681315308,2379.8430378838007,1.0
0.001,0.17888543819998318,7.90572595419769,0.0008045101487883063,-0.0008045101487882975,8.782037597132586e-18,5.458002991236028e-15,2.3991031383729933e-10,99609.16269103644,2828.448751475377,1.0
0.0007943282347242813,0.15943181461420114,8.870372457742313,0.0011364010518595037,-0.001136401051859491,1.2576745200831851e-17,5.533585691535781e-15,2.3098478685312784e-10,140701.68208952507,3361.617641319939,1.0
0.000630957344480193,0.14209375434327215,9.952723885817841,0.001605209521113448,-0.0016052095211134304,1.7564075194265172e-17,5.470960321143003e-15,3.2949354356048843e-10,198746.40854302928,3995.290054500325,1.0
0.000501187233627272,0.12664119186138728,11.16714244178884,0.002267419237651171,-0.002267419237651146,2.5153490401663703e-17,5.5467224551998704e-15,3.147031524264321e-10,280736.76392596134,4748.411129030603,1.0
0.0003981071705534969,0.11286908105283706,12.529742786585333,0.0032028155400576296,-0.0032028155400575945,3.5128150388530344e-17,5.483948411824314e-15,2.0161827762876783e-10,396551.2192013154,5643.497203639601,1.0
0.00031622776601683794,0.10059467437463483,14.058605871318905,0.004524098240544597,-0.004524098240544548,4.9439619065339e-17,5.464030226207895e-15,4.664630903761235e-10,560143.4854877848,6707.308997060246,1.0
0.00025118864315095795,0.08965509790765194,15.774018861479398,0.006390460091788634,-0.0063904600917885634,7.025630077706069e-17,5.496967336306215e-15,2.1205637246168862e-10,791223.7036273474,7971.651683114457,1.0
0.00019952623149688788,0.07990519011866759,17.698744336373153,0.009026766885554469,-0.00902676688555437,9.8879238130678e-17,5.4770018648047144e-15,3.1331093275355215e-10,1117633.1875690955,9474.32578173359,1.0
0.00015848931924611126,0.07121557565501778,19.858322335930207,0.012750650068348439,-0.012750650068348298,1.4051260155412137e-16,5.5100171677883094e-15,3.3155256318195825e-10,1578698.8385577525,11260.257295054345,1.0
0.0001258925411794166,0.0634709486122693,22.281409262874064,0.018010776087022853,-0.018010776087022656,1.97758476261356e-16,5.4900042981447716e-15,5.579272599476326e-10,2229971.3811151637,13382.840876686028,1.0
0.0001,0.0565685424949238,25.000158137297877,0.02544090328869723,-0.02544090328869695,2.8102520310824275e-16,5.523097979644003e-15,3.20064419412347e-10,3149918.299259421,15905.536191376515,1.0
7.943282347242806e-05,0.050416766567459456,28.050645249414654,0.03593623933902536,-0.03593623933902497,3.885780586188048e-16,5.406493080048393e-15,4.6063441949684147e-10,4449377.860198193,18903.765192031115,1.0
6.309573444801929e-05,0.044933990500918314,31.47334887192649,0.050761298967142134,-0.050761298967141585,5.48172618408671e-16,5.399513306027757e-15,4.768447858793934e-10,6284913.277743191,22467.167037675343,1.0
5.011872336272725e-05,0.04004746118803628,35.31368638426123,0.07170225711496132,-0.07170225711496055,7.771561172376096e-16,5.4193281251354995e-15,4.099123263046067e-10,8877675.969510306,26702.278068476688,1.0
3.9810717055349695e-05,0.03569233735371207,39.62261693601677,0.10128215353015213,-0.10128215353015102,1.1102230246251565e-15,5.480842309966506e-15,4.6160630873259834e-10,12540050.615928538,31735.716962027225,1.0
3.1622776601683795e-05,0.03181082915068203,44.457317646622826,0.1430648774034873,-0.14306487740348575,1.5543122344752192e-15,5.432193640692066e-15,5.118800938674894e-10,17713292.306468733,37717.97029868009,1.0
2.511886431509577e-05,0.02835143132335764,49.88194231401553,0.20208455718096124,-0.20208455718095905,2.192690473634684e-15,5.425180687288246e-15,4.751317117523968e-10,25020690.42176451,44827.891714384634,1.0
1.9952623149688786e-05,0.025268239764376962,55.968472699967,0.28545208993433646,-0.28545208993433335,3.1086244689504383e-15,5.445089699055178e-15,2.811462174179269e-10,35342664.61312527,53278.04915385157,1.0
1.5848931924611107e-05,0.022520342394989366,62.79767368815571,0.40321188706623934,-0.40321188706623495,4.385380947269368e-15,5.438060096860395e-15,4.718119228641626e-10,49922840.69304957,63321.08009285161,1.0
1.2589254117941661e-05,0.020071276286627443,70.46016498939422,0.5695520600634457,-0.5695520600634394,6.328271240363392e-15,5.5554809508181615e-15,6.778249073136067e-10,70517886.81315306,75257.24473407194,1.0
1e-05,0.01788854381999832,79.05762361494985,0.8045138537029891,-0.8045138537029803,8.770761894538737e-15,5.45097008222358e-15,5.185480933533881e-10,99609162.69103643,89443.40299721727,1.0
7.943282347242805e-06,0.015943181461420108,88.70413307411157,1.136406285191799,-1.1364062851917867,1.2434497875801753e-14,5.470973734408361e-15,4.881195447836717e-10,140701682.08952528,106303.68369173972,1.0
6.30957344480193e-06,0.014209375434327216,99.52769719910687,1.6052169133934986,-1.605216913393481,1.7541523789077473e-14,5.4639107159648675e-15,4.335336534211365e-10,198746408.54302922,126342.16485239285,1.0
5.011872336272715e-06,0.012664119186138722,111.67193868498698,2.2674296795266904,-2.2674296795266655,2.4868995751603507e-14,5.483961856932839e-15,5.086195908887703e-10,280736763.9259618,150157.944346284,1.0
3.981071705534969e-06,0.011286908105283705,125.29800488316118,3.2028302896022307,-3.2028302896021956,3.5083047578154947e-14,5.4768820708436934e-15,5.83042281121493e-10,396551219.20131534,178463.05132292226,1.0
3.162277660168379e-06,0.010059467437463483,140.58670613740597,4.524119074834909,-4.52411907483486,4.884981308350689e-14,5.39882044166684e-15,4.824520782875652e-10,560143485.487785,212103.73401249992,1.0
2.511886431509577e-06,0.00896550979076519,157.7409150368805,6.390489521012701,-6.390489521012631,7.016609515630989e-14,5.489884219792215e-15,4.670845932253087e-10,791223703.6273485,252085.76032156523,1.0
1.9952623149688787e-06,0.007990519011866759,176.98825842290574,9.026808455447929,-9.026808455447831,9.769962616701378e-14,5.411637271867105e-15,5.828058036172479e-10,1117633187.5690958,299604.48764733446,1.0
1.584893192461111e-06,0.007121557565501774,198.5841378709476,12.750708787397222,-12.750708787397082,1.4033219031261979e-13,5.502917235915726e-15,5.352016607673704e-10,1578698838.5577555,356080.60091898416,1.0
1.2589254117941661e-06,0.006347094861226931,222.81511872791972,18.010859029902903,-18.010859029902708,1.9539925233402755e-13,5.424484529294604e-15,5.907951905470554e-10,2229971381.1151633,423202.58733932435,1.0
1e-06,0.00565685424949238,250.00273267545876,25.44102044865635,-25.44102044865607,2.8066438062523957e-13,5.515981192493091e-15,4.4070347371416574e-10,3149918299.259421,502977.21770989604,1.0
7.943282347242805e-07,0.005041676656745946,280.507744277073,35.93640483190443,-35.93640483190404,3.907985046680551e-13,5.437362286183748e-15,4.091837979558477e-10,4449377860.198192,597789.5435982861,1.0
6.30957344480193e-07,0.004493399050091831,314.7349381238811,50.761532732101045,-50.76153273210049,5.542233338928781e-13,5.4590878571166184e-15,6.090972171080011e-10,6284913277.743193,710474.2041051213,1.0
5.011872336272714e-07,0.004004746118803623,353.13849010171435,71.7025873168187,-71.70258731681791,7.815970093361102e-13,5.45027061494043e-15,5.315057283183933e-10,8877675969.51033,844400.1741154803,1.0
3.981071705534969e-07,0.0035692337353712073,396.2279940533113,101.28261995277995,-101.28261995277886,1.0942358130705543e-12,5.401893304007713e-15,5.186548968083571e-10,12540050615.92854,1003571.4877844539,1.0
3.162277660168379e-07,0.0031810829150682026,444.5752238060802,143.06553624311255,-143.06553624311098,1.5631940186722204e-12,5.4632095881424566e-15,6.951377251596114e-10,17713292306.46873,1192746.9486241052,1.0
2.511886431509577e-07,0.002835143132335764,498.8217202937804,202.08548781688205,-202.08548781687983,2.2168933355715126e-12,5.4850384347745514e-15,5.326279417516844e-10,25020690421.76451,1417582.4052084575,1.0
1.9952623149688787e-07,0.0025268239764376964,559.6873044490231,285.4534044928176,-285.45340449281446,3.126388037344441e-12,5.476179278539874e-15,7.597817930360407e-10,35342664613.125275,1684799.8461657767,1.0
1.584893192461111e-07,0.0022520342394989367,627.9796288279624,403.2137439298762,-403.2137439298718,4.433786671143025e-12,5.498059946977079e-15,8.011840080257571e-10,49922840693.04956,2002388.3699535732,1.0
1.2589254117941662e-07,0.0020071276286627443,704.6048947119248,569.5546829536519,-569.5546829536456,6.252776074688882e-12,5.489179759055498e-15,5.520532919689458e-10,70517886813.15306,2379843.037883801,1.0
1e-07,0.0017888543819998318,790.5798768959942,804.5175586347339,-804.5175586347251,8.753886504564434e-12,5.440457085498435e-15,4.810165599167249e-10,99609162691.0364,2828448.7514753765,1.0
7.943282347242805e-08,0.0015943181461420106,887.045415726812,1136.4115185481942,-1136.4115185481817,1.2505552149377763e-11,5.502211102785247e-15,7.5680706146386e-10,140701682089.52533,3361617.6413199427,1.0
6.30957344480193e-08,0.0014209375434327215,995.2815554214608,1605.224305707593,-1605.2243057075755,1.750777300912887e-11,5.453372761326158e-15,6.570066712896505e-10,198746408543.0292,3995290.054500324,1.0
5.0118723362727144e-08,0.001266411918613872,1116.724529544538,2267.4401214502955,-2267.4401214502705,2.5011104298755527e-11,5.515273382998558e-15,6.141367414613796e-10,280736763925.96185,4748411.129030608,1.0
3.981071705534969e-08,0.0011286908105283705,1252.985819031263,3202.8450392147565,-3202.8450392147215,3.501554601825774e-11,5.466319099041194e-15,7.921518996312216e-10,396551219201.3155,5643497.203639601,1.0
3.162277660168379e-08,0.0010059467437463483,1405.873535646044,4524.139909221166,-4524.139909221117,4.9112713895738125e-11,5.427850915445405e-15,5.899272181864035e-10,560143485487.785,6707308.997060246,1.0
2.511886431509577e-08,0.0008965509790765189,1577.416414623122,6390.518950372285,-6390.518950372216,6.912159733474255e-11,5.408136480896922e-15,7.229583598444833e-10,791223703627.3488,7971651.683114464,1.0
1.9952623149688786e-08,0.0007990519011866758,1769.8907348583352,9026.850025532833,-9026.850025532734,9.822542779147625e-11,5.44073666415427e-15,5.416591619678002e-10,1117633187569.0955,9474325.781733593,1.0
1.584893192461111e-08,0.0007121557565501773,1985.8505238680452,12750.767506716398,-12750.76750671626,1.382431946694851e-10,5.4209754274268975e-15,7.76168684879508e-10,1578698838557.7556,11260257.295054354,1.0
1.2589254117941661e-08,0.0006347094861226931,2228.1614483182416,18010.941973164925,-18010.94197316473,1.964508555829525e-10,5.453653003703303e-15,7.702500859352313e-10,2229971381115.1636,13382840.876686027,1.0
1e-08,0.000565685424949238,2500.038839832407,25441.137609155005,-25441.137609154728,2.764863893389702e-10,5.43384485368842e-15,6.875957581087278e-10,3149918299259.4204,15905536.191376517,1.0
