group,eta_decimal,Y,radial_degree,Phi,U,p1,Sq_margin,angular_relative,axial_relative,pressure_relative
global,-1.0,0,18,1.0,-3.98,0.0,4.693546970885755e+38,2.3365424397087115e-82,8.313593610249944e-82,5.909698580300438e-82
global,-1.0,1,18,0.7699866301786024,-3.98,0.547678263740715,4.693546970885755e+38,3.180613836741132e-39,2.5969515738305432e-82,7.264583535858855e-30
global,-1.0,2,18,0.5767248218702341,-3.98,1.2235784078646645,4.693546970885755e+38,1.1131800298283954e-33,1.647605826505437e-81,3.37807949483931e-24
global,-1.0,3,18,0.41573549601779464,-3.98,2.1104882360286514,4.693546970885755e+38,2.2822310330695626e-30,1.1221608493190444e-82,9.56123732055568e-21
global,-1.0,4,18,0.2829800060616654,-3.98,3.389130457430541,4.693546970885755e+38,5.947277738455467e-28,7.395819430983369e-83,3.642846453119984e-18
global,-1.0,4.1,18,0.2711140746642034,-3.98,3.552109810711677,4.693546970885755e+38,9.68169695989885e-28,4.546597712794516e-82,6.186840962130411e-18
global,-0.875,0,18,1.0,-3.48,0.0,4.693547130938665e+38,3.314858903958391e-82,1.873640149689474e-83,7.466486574134496e-82
global,-0.875,1,18,0.7699866230872373,-3.48,0.5476782839971104,4.693547130938665e+38,3.18061579149471e-39,2.769592156591748e-82,7.264588066269393e-30
global,-0.875,2,18,0.5767248100037626,-3.48,1.2235784591530665,4.693547130938665e+38,1.113180726623049e-33,3.5953162076999806e-82,3.378081677751441e-24
global,-0.875,3,18,0.4157354812634069,-3.48,2.1104883408455004,4.693547130938665e+38,2.28223249566901e-30,2.6645361682936517e-82,9.561243782675645e-21
global,-0.875,4,18,0.2829799899342347,-3.48,3.389130671126575,4.693547130938665e+38,5.947281677726888e-28,2.274796162724257e-84,3.642849071269481e-18
global,-0.875,4.1,18,0.27111405846999986,-3.48,3.5521100413131146,4.693547130938665e+38,9.681703399254789e-28,6.012847909216463e-82,6.186845442487229e-18
global,-0.75,0,18,1.0,-2.98,0.0,4.693547146080083e+38,4.293175434035822e-82,5.415793062647169e-82,1.005777793071398e-81
global,-0.75,1,18,0.7699866224926846,-2.98,0.5476782856954431,4.693547146080083e+38,3.180615955384824e-39,3.742571247616251e-82,7.264588446107298e-30
global,-0.75,2,18,0.5767248090088564,-2.98,1.2235784634531786,4.693547146080083e+38,1.1131807850435871e-33,3.6482178474659015e-82,3.3780818607707885e-24
global,-0.75,3,18,0.4157354800263725,-2.98,2.110488349633534,4.693547146080083e+38,2.282232618296024e-30,5.132732862196123e-82,9.561244324471619e-21
global,-0.75,4,18,0.28297998858208184,-2.98,3.389130689043236,4.693547146080083e+38,5.947282008002616e-28,8.196116291806916e-82,3.6428492907799355e-18
global,-0.75,4.1,18,0.2711140571122487,-2.98,3.5521100606471556,4.693547146080083e+38,9.68170393914218e-28,1.2175808156060712e-82,6.186845818128561e-18
global,-0.625,0,18,1.0,-2.48,0.0,4.69354715023648e+38,8.429864042664168e-83,6.475333743403169e-82,0.0
global,-0.625,1,18,0.7699866223784435,-2.48,0.5476782860217713,4.69354715023648e+38,3.180615986875684e-39,6.117213991298485e-83,7.264588519091702e-30
global,-0.625,2,18,0.5767248088176888,-2.48,1.2235784642794285,4.69354715023648e+38,1.1131807962688705e-33,1.6366432151261147e-82,3.378081895937258e-24
global,-0.625,3,18,0.41573547978868103,-2.48,2.1104883513221213,4.69354715023648e+38,2.2822326418583365e-30,9.550099191391972e-82,9.561244428575648e-21
global,-0.625,4,18,0.28297998832227084,-2.48,3.3891306924858537,4.69354715023648e+38,5.947282071463836e-28,4.222763747128753e-82,3.642849332958032e-18
global,-0.625,4.1,18,0.271114056851362,-2.48,3.5521100643621177,4.69354715023648e+38,9.681704042879482e-28,1.141610341850877e-81,6.18684589030661e-18
global,-0.5,0,18,1.0,-1.98,0.0,4.693547150075941e+38,1.3533013564304898e-83,1.2924430015986858e-81,0.0
global,-0.5,1,18,0.7699866224449577,-1.98,0.547678285831774,4.693547150075941e+38,3.1806159685408364e-39,5.424198441550777e-82,7.264588476598168e-30
global,-0.5,2,18,0.5767248089289918,-1.98,1.223578463798363,4.693547150075941e+38,1.1131807897332008e-33,8.548856053266023e-82,3.378081875462369e-24
global,-0.5,3,18,0.41573547992707155,-1.98,2.1104883503389793,4.693547150075941e+38,2.282232628139708e-30,1.362852485257611e-81,9.561244367963408e-21
global,-0.5,4,18,0.28297998847354,-1.98,3.389130690481467,4.693547150075941e+38,5.947282034514962e-28,1.199332684092457e-81,3.64284930840078e-18
global,-0.5,4.1,18,0.2711140570032574,-1.98,3.5521100621991644,4.693547150075941e+38,9.681703982480763e-28,1.2544224114976085e-81,6.186845848282558e-18
global,-0.375,0,18,1.0,-1.48,0.0,4.693547144656912e+38,1.1136466768671314e-82,7.37748955468606e-83,1.1534489524240763e-81
global,-0.375,1,18,0.7699866227345257,-1.48,0.5476782850046269,4.693547144656912e+38,3.1806158887206446e-39,5.712189114459923e-82,7.264588291603882e-30
global,-0.375,2,18,0.5767248094135459,-1.48,1.2235784617040588,4.693547144656912e+38,1.1131807612803645e-33,6.709566842893761e-82,3.378081786325574e-24
global,-0.375,3,18,0.4157354805295504,-1.48,2.110488346058901,4.693547144656912e+38,2.2822325684160825e-30,4.214283469481145e-82,9.561244104089905e-21
global,-0.375,4,18,0.2829799891320855,-1.48,3.389130681755429,4.693547144656912e+38,5.947281873659182e-28,3.696327444326485e-82,3.642849201491545e-18
global,-0.375,4.1,18,0.2711140576645295,-1.48,3.5521100527828136,4.693547144656912e+38,9.681703719536803e-28,1.0468795600877348e-81,6.18684566533215e-18
global,-0.25,0,18,1.0,-0.98,0.0,4.6935471243448105e+38,1.4320920043259046e-81,4.535987247022528e-82,8.138232272983527e-82
global,-0.25,1,18,0.7699866236799704,-0.98,0.547678282303976,4.6935471243448105e+38,3.1806156281062373e-39,7.534380413467055e-82,7.264587687594111e-30
global,-0.25,2,18,0.5767248109956238,-0.98,1.2235784548661162,4.6935471243448105e+38,1.1131806683813268e-33,8.510991227023712e-82,3.378081495292287e-24
global,-0.25,3,18,0.41573548249665504,-0.98,2.110488332084365,4.6935471243448105e+38,2.282232373417338e-30,2.5032487540732553e-82,9.561243242538027e-21
global,-0.25,4,18,0.2829799912822489,-0.98,3.3891306532647527,4.6935471243448105e+38,5.947281348462083e-28,4.3988657954734216e-82,3.6428488524309154e-18
global,-0.25,4.1,18,0.27111405982359527,-0.98,3.5521100220382515,4.6935471243448105e+38,9.681702861019908e-28,8.167981122384299e-82,6.186845067995679e-18
global,-0.125,0,18,1.0,-0.48,0.0,4.693547003887026e+38,3.044198713973434e-82,3.62377503872333e-82,0.0
global,-0.125,1,18,0.7699866291111721,-0.48,0.5476782667898162,4.693547003887026e+38,3.180614130981042e-39,9.279432012260737e-82,7.264584217800353e-30
global,-0.125,2,18,0.5767248200840293,-0.48,1.2235784155848697,4.693547003887026e+38,1.1131801347136337e-33,1.0829384015577743e-81,3.378079823422855e-24
global,-0.125,3,18,0.4157354937968851,-0.48,2.110488251806245,4.693547003887026e+38,2.2822312532278113e-30,8.273631048674347e-82,9.561238293268336e-21
global,-0.125,4,18,0.2829800036340781,-0.48,3.3891304895972123,4.693547003887026e+38,5.947278331415549e-28,1.6121731115505523e-82,3.642846847217758e-18
global,-0.125,4.1,18,0.2711140722265651,-0.48,3.5521098454230398,4.693547003887026e+38,9.681697929184947e-28,2.3914080642568788e-82,6.186841636537525e-18
global,0.0,0,18,1.0,0.02,0.0,4.6934298322689225e+38,2.065933718374084e-82,1.8302426980708007e-82,1.0864602163279773e-81
global,0.0,1,18,0.769991892936129,0.02,0.5476632308115428,4.6934298322689225e+38,3.179163460233669e-39,4.18264221897183e-82,7.261222100580131e-30
global,0.0,2,18,0.5767336284273659,0.02,1.223540345230832,4.6934298322689225e+38,1.1126630285907395e-33,6.37951430226555e-82,3.376459850884953e-24
global,0.0,3,18,0.4157464458359299,0.02,2.110410448880202,4.6934298322689225e+38,2.2811458336569186e-30,5.147941663630685e-82,9.556442712404176e-21
global,0.0,4,18,0.2829919749057357,0.02,3.388971870249066,4.6934298322689225e+38,5.944354958304294e-28,6.764572671635139e-82,3.640903935975349e-18
global,0.0,4.1,18,0.27112609306711344,0.02,3.5519386780452673,4.6934298322689225e+38,9.676919223683655e-28,7.42178674716546e-82,6.183516801314414e-18
global,0.125,0,18,1.0,0.52,0.0,4.693547025599109e+38,5.026912968652521e-82,1.9240108326262618e-82,8.798608439748839e-82
global,0.125,1,18,0.7699866281357806,0.52,0.54767826957601,4.693547025599109e+38,3.180614399850273e-39,5.915804011784336e-82,7.264584840941812e-30
global,0.125,2,18,0.5767248184518391,0.52,1.2235784226394035,4.693547025599109e+38,1.113180230555199e-33,4.986008873667895e-82,3.3780801236744614e-24
global,0.125,3,18,0.4157354917674725,0.52,2.1104882662234226,4.693547025599109e+38,2.282231454403034e-30,3.856832059592768e-82,9.561239182109373e-21
global,0.125,4,18,0.28298000141580837,0.52,3.3891305189903274,4.693547025599109e+38,5.94727887324797e-28,2.5282735695589536e-82,3.64284720733467e-18
global,0.125,4.1,18,0.27111406999911103,0.52,3.5521098771414317,4.693547025599109e+38,9.681698814894877e-28,1.398875473122483e-82,6.1868422527942584e-18
global,0.25,0,18,1.0,1.02,0.0,4.69354712728142e+38,6.005229404437638e-82,7.42689488309638e-82,8.441514670305404e-82
global,0.25,1,18,0.7699866235480464,1.02,0.5476782826808151,4.69354712728142e+38,3.180615664471436e-39,1.2344532030547583e-81,7.264587771875467e-30
global,0.25,2,18,0.5767248107748664,1.02,1.223578455820258,4.69354712728142e+38,1.1131806813441251e-33,2.3199503509460656e-82,3.378081535902027e-24
global,0.25,3,18,0.4157354822221723,1.02,2.1104883340343217,4.69354712728142e+38,2.282232400626763e-30,7.2603551695891e-82,9.561243362755885e-21
global,0.25,4,18,0.28297999098222276,1.02,3.3891306572402398,4.69354712728142e+38,5.947281421746201e-28,7.227609602945171e-82,3.642848901137582e-18
global,0.25,4.1,18,0.2711140595223269,1.02,3.5521100263282377,4.69354712728142e+38,9.681702980814275e-28,2.863493713966036e-82,6.1868451513458656e-18
global,0.375,0,18,1.0,1.52,0.0,4.693547145659532e+38,6.983545921782336e-82,1.463218644521691e-82,0.0
global,0.375,1,18,0.7699866226894841,1.52,0.5476782851332875,4.693547145659532e+38,3.180615901136479e-39,1.6451811536317564e-82,7.264588320379289e-30
global,0.375,2,18,0.5767248093381747,1.52,1.2235784620298227,4.693547145659532e+38,1.1131807657061333e-33,6.387904617957314e-82,3.3780818001905836e-24
global,0.375,3,18,0.4157354804358363,1.52,2.1104883467246562,4.693547145659532e+38,2.2822325777059455e-30,7.244205697986235e-82,9.56124414513478e-21
global,0.375,4,18,0.2829799890296503,1.52,3.3891306831127426,4.693547145659532e+38,5.947281898679903e-28,4.214084393718518e-82,3.6428492181210136e-18
global,0.375,4.1,18,0.27111405756167023,1.52,3.5521100542475037,4.693547145659532e+38,9.68170376043709e-28,1.9656464475554445e-82,6.186845693789636e-18
global,0.5,0,18,1.0,2.02,0.0,4.6935471506014764e+38,1.8473840803282215e-82,1.0369723336944304e-81,8.977331532680361e-82
global,0.5,1,18,0.7699866224213486,2.02,0.5476782858992131,4.6935471506014764e+38,3.180615975048752e-39,6.45747172515335e-82,7.26458849168116e-30
global,0.5,2,18,0.5767248088894851,2.02,1.2235784639691163,4.6935471506014764e+38,1.1131807920530232e-33,9.523277334695709e-82,3.3780818827298884e-24
global,0.5,3,18,0.4157354798779501,2.02,2.1104883506879433,4.6935471506014764e+38,2.2822326330091065e-30,1.089726216701491e-81,9.561244389477597e-21
global,0.5,4,18,0.2829799884198473,2.02,3.38913069119292,4.6935471506014764e+38,5.947282047629888e-28,1.9095482235544692e-82,3.642849317117326e-18
global,0.5,4.1,18,0.27111405694934243,2.02,3.5521100629669,4.6935471506014764e+38,9.681704003919164e-28,1.047774856439498e-82,6.186845863198908e-18
global,0.625,0,18,1.0,2.52,0.0,4.693547150606258e+38,3.288777753769405e-82,2.2372740552890258e-82,0.0
global,0.625,1,18,0.7699866223618317,2.52,0.5476782860692228,4.693547150606258e+38,3.1806159914547856e-39,4.054184369734232e-82,7.2645885297044e-30
global,0.625,2,18,0.5767248087898911,2.52,1.223578464399574,4.693547150606258e+38,1.1131807979011446e-33,8.442018320992469e-83,3.378081901050831e-24
global,0.625,3,18,0.41573547975411823,2.52,2.1104883515676596,4.693547150606258e+38,2.2822326452845438e-30,3.196892920009201e-82,9.561244443713465e-21
global,0.625,4,18,0.2829799882844916,2.52,3.3891306929864466,4.693547150606258e+38,5.9472820806917635e-28,6.112805835660242e-82,3.6428493390911694e-18
global,0.625,4.1,18,0.27111405681342626,2.52,3.5521100649023123,4.693547150606258e+38,9.681704057963975e-28,5.185075905324265e-82,6.1868459008020554e-18
global,0.75,0,18,1.0,3.02,0.0,4.693547146421953e+38,2.3104612160014237e-82,4.810047995006352e-82,7.147949113333855e-82
global,0.75,1,18,0.7699866224773264,3.02,0.5476782857393134,4.693547146421953e+38,3.180615959618339e-39,5.660661530876605e-83,7.264588455919052e-30
global,0.75,2,18,0.5767248089831565,3.02,1.2235784635642566,4.693547146421953e+38,1.1131807865526729e-33,3.3502743266290547e-82,3.378081865498439e-24
global,0.75,3,18,0.4157354799944181,3.02,2.1104883498605416,4.693547146421953e+38,2.282232621463654e-30,6.794573026544497e-82,9.56124433846698e-21
global,0.75,4,18,0.2829799885471538,3.02,3.389130689506049,4.693547146421953e+38,5.9472820165341075e-28,1.0898962252833993e-81,3.642849296450203e-18
global,0.75,4.1,18,0.271114057077176,3.02,3.5521100611465815,4.693547146421953e+38,9.68170395308824e-28,4.308956218973439e-82,6.186845827831912e-18
global,0.875,0,18,1.0,3.52,0.0,4.6935471313809144e+38,4.7823337193986465e-82,9.724194003825544e-82,7.854477107265185e-82
global,0.875,1,18,0.7699866230673698,3.52,0.5476782840538618,4.6935471313809144e+38,3.1806157969712546e-39,1.4393315647362485e-81,7.264588078962039e-30
global,0.875,2,18,0.5767248099705169,3.52,1.2235784592967587,4.6935471313809144e+38,1.1131807285752269e-33,1.379627385659034e-81,3.378081683867207e-24
global,0.875,3,18,0.4157354812220702,3.52,2.110488341139161,4.6935471313809144e+38,2.2822324997667086e-30,6.587864138789451e-83,9.561243800780275e-21
global,0.875,4,18,0.2829799898890512,3.52,3.389130671725277,4.6935471313809144e+38,5.947281688763366e-28,5.395555017506817e-82,3.642849078604632e-18
global,0.875,4.1,18,0.27111405842462927,3.52,3.5521100419591805,4.6935471313809144e+38,9.68170341729564e-28,3.348590034276682e-82,6.1868454550396425e-18
global,1.0,0,18,1.0,4.02,0.0,4.693546970885755e+38,6.468306755887408e-82,1.01856070553879e-81,0.0
global,1.0,1,18,0.7699866301786024,4.02,0.547678263740715,4.693546970885755e+38,3.180613836741132e-39,1.406510381809791e-81,7.264583535858855e-30
global,1.0,2,18,0.5767248218702341,4.02,1.2235784078646645,4.693546970885755e+38,1.1131800298283954e-33,1.6642076940906775e-81,3.37807949483931e-24
global,1.0,3,18,0.41573549601779464,4.02,2.1104882360286514,4.693546970885755e+38,2.2822310330695626e-30,5.709338215163928e-82,9.56123732055568e-21
global,1.0,4,18,0.2829800060616654,4.02,3.389130457430541,4.693546970885755e+38,5.947277738455467e-28,5.681264058170499e-82,3.642846453119984e-18
global,1.0,4.1,18,0.2711140746642034,4.02,3.552109810711677,4.693546970885755e+38,9.68169695989885e-28,1.6471215347975612e-81,6.186840962130411e-18
chi,-0.0051555551664089307725335434309941888645473123500943014826238596921684064447182296,0,18,1.0,-0.0006222206656357231,0.0,4.6889680452991024e+38,7.906475259581827e-82,3.1615596858524186e-82,6.020275843298448e-82
chi,-0.0051555551664089307725335434309941888645473123500943014826238596921684064447182296,1,18,0.7701923513008031,-0.0006222206656357231,0.5470907334465155,4.6889680452991024e+38,3.124386803424371e-39,1.5927698469466048e-82,7.134287690431042e-30
chi,-0.0051555551664089307725335434309941888645473123500943014826238596921684064447182296,2,18,0.5770691013813415,-0.0006222206656357231,1.222091041366154,4.6889680452991024e+38,1.0931407824254481e-33,5.506678782428996e-82,3.315320254832038e-24
chi,-0.0051555551664089307725335434309941888645473123500943014826238596921684064447182296,3,18,0.4161636065482489,-0.0006222206656357231,2.1074493387965814,4.6889680452991024e+38,2.2401777664223495e-30,2.5700388543605964e-82,9.375536322291017e-21
chi,-0.0051555551664089307725335434309941888645473123500943014826238596921684064447182296,4,18,0.28344801161561545,-0.0006222206656357231,3.3829377402940453,4.6889680452991024e+38,5.834053740350302e-28,1.0505261182890969e-82,3.567660826762078e-18
chi,-0.0051555551664089307725335434309941888645473123500943014826238596921684064447182296,4.1,18,0.2715840238744627,-0.0006222206656357231,3.545427618146841,4.6889680452991024e+38,9.496623018931358e-28,3.9147642294974267e-82,6.058189641449062e-18
chi,-0.0047999949285510029784260746910491804060472835958301631330206816559807948858470684,0,18,1.0,0.0008000202857959881,0.0,4.6752842386507456e+38,2.003613109598195e-82,3.553573076189776e-82,0.0
chi,-0.0047999949285510029784260746910491804060472835958301631330206816559807948858470684,1,18,0.7708073418495583,0.0008000202857959881,0.5453356528843141,4.6752842386507456e+38,2.961908150994231e-39,5.138311144347608e-82,6.757980474354085e-30
chi,-0.0047999949285510029784260746910491804060472835958301631330206816559807948858470684,2,18,0.5780986867836329,0.0008000202857959881,1.217650777329353,4.6752842386507456e+38,1.0352741463580827e-33,1.1077949924936111e-82,3.134316687413377e-24
chi,-0.0047999949285510029784260746910491804060472835958301631330206816559807948858470684,3,18,0.4174444235600417,0.0008000202857959881,2.098386727908009,4.6752842386507456e+38,2.1188555512115405e-30,1.9380671006385972e-82,8.840946610873089e-21
chi,-0.0047999949285510029784260746910491804060472835958301631330206816559807948858470684,4,18,0.28484884310068914,0.0008000202857959881,3.3645036028981927,4.6752842386507456e+38,5.507858994736273e-28,3.975844296934993e-82,3.3518090253157525e-18
chi,-0.0047999949285510029784260746910491804060472835958301631330206816559807948858470684,4.1,18,0.2729907442067964,0.0008000202857959881,3.5255414965859644,4.6752842386507456e+38,8.963526937575507e-28,4.707314998098036e-83,5.688972733836459e-18
chi,-0.004666659839354280055635773913569802234109772812981111251919489892410440551270383,0,18,1.0,0.0013333606425828797,0.0,4.647076248456011e+38,1.1799258975131557e-81,5.92028374361686e-82,6.226637744968213e-82
chi,-0.004666659839354280055635773913569802234109772812981111251919489892410440551270383,1,18,0.7720760772092792,0.0013333606425828797,0.5417210577986448,4.647076248456011e+38,2.6518524442620606e-39,1.1031968909447217e-81,6.0407818614492104e-30
chi,-0.004666659839354280055635773913569802234109772812981111251919489892410440551270383,2,18,0.5802245513442,0.0013333606425828797,1.2085193244285102,4.647076248456011e+38,9.250245772200253e-34,1.1614620762579996e-81,2.7904353875371883e-24
chi,-0.004666659839354280055635773913569802234109772812981111251919489892410440551270383,3,18,0.4200915384164665,0.0013333606425828797,2.07979374986499,4.647076248456011e+38,1.8882004734796006e-30,1.4480790786252333e-81,7.829572815362567e-21
chi,-0.004666659839354280055635773913569802234109772812981111251919489892410440551270383,4,18,0.28774710888839533,0.0013333606425828797,3.3268413193732713,4.647076248456011e+38,4.889656223682652e-28,6.005376013989949e-82,2.94597119620858e-18
chi,-0.004666659839354280055635773913569802234109772812981111251919489892410440551270383,4.1,18,0.27590153068063655,0.0013333606425828797,3.484936184447363,4.647076248456011e+38,7.953618615137357e-28,1.3322238786363212e-81,4.995338937999021e-18
chi,-0.0045333247501575571328454731360904240621722620301320593708182981288400862166936976,0,18,1.0,0.0018667009993697714,0.0,4.417455812283253e+38,7.455829058298762e-82,3.881529412945466e-83,0.0
chi,-0.0045333247501575571328454731360904240621722620301320593708182981288400862166936976,1,18,0.7824533992722126,0.0018667009993697714,0.512463844257195,4.417455812283253e+38,1.0510283974055967e-39,5.1913745920673663e-82,2.362997716308576e-30
chi,-0.0045333247501575571328454731360904240621722620301320593708182981288400862166936976,2,18,0.5977040191617629,0.0018667009993697714,1.1352554632165623,4.417455812283253e+38,3.6068383412749265e-34,1.8121789243364116e-82,1.056723554742221e-24
chi,-0.0045333247501575571328454731360904240621722620301320593708182981288400862166936976,3,18,0.441984163691038,0.0018667009993697714,1.932725558405862,4.417455812283253e+38,7.208564819567864e-31,6.596717632458925e-82,2.843046392056905e-21
chi,-0.0045333247501575571328454731360904240621722620301320593708182981288400862166936976,4,18,0.3118751739415276,0.0018667009993697714,3.036120484050053,4.417455812283253e+38,1.8120574835479778e-28,2.149346544571242e-82,1.0082339946227577e-18
chi,-0.0045333247501575571328454731360904240621722620301320593708182981288400862166936976,4.1,18,0.3001509995937039,0.0018667009993697714,3.172542266154071,4.417455812283253e+38,2.93658488312027e-28,2.8517804859715173e-83,1.6969778414141022e-18
chi,-0.0044888797204253161585820395435972980048597584358490420771179008743166347718348025,0,18,1.0,0.0020444811182987353,0.0,3.754837237298689e+38,6.827737186508533e-82,4.087841689773243e-82,8.184773762629227e-82
chi,-0.0044888797204253161585820395435972980048597584358490420771179008743166347718348025,1,18,0.8128976834999437,0.0020444811182987353,0.42965229352530543,3.754837237298689e+38,5.427218240268953e-41,2.8218388817813565e-82,1.1752962268594407e-31
chi,-0.0044888797204253161585820395435972980048597584358490420771179008743166347718348025,2,18,0.6499163188011395,0.0020444811182987353,0.9338113548742015,3.754837237298689e+38,1.7794904102885587e-35,7.596398210528688e-82,4.8012492366251594e-26
chi,-0.0044888797204253161585820395435972980048597584358490420771179008743166347718348025,3,18,0.5086920575791211,0.0020444811182987353,1.5461580315965182,3.754837237298689e+38,3.360011779216063e-32,4.2468773131857535e-82,1.1537649580159368e-22
chi,-0.0044888797204253161585820395435972980048597584358490420771179008743166347718348025,4,18,0.38704763521655267,0.0020444811182987353,2.3260413316230424,3.754837237298689e+38,7.833008491848305e-30,6.937918552582037e-82,3.5214090421558777e-20
chi,-0.0044888797204253161585820395435972980048597584358490420771179008743166347718348025,4.1,18,0.3758815225795743,0.0020444811182987353,2.4169120181213697,3.754837237298689e+38,1.2579738558960665e-29,4.033504609242025e-82,5.821103294719024e-20
chi,-0.0044666572055591956714503227473507349762035066387075334302677022470549090494053549,0,18,1.0,0.002133371177763217,0.0,2.346773196668068e+38,3.254838935121422e-82,6.697171469758624e-82,7.712581937012755e-82
chi,-0.0044666572055591956714503227473507349762035066387075334302677022470549090494053549,1,18,0.8801011904548941,0.002133371177763217,0.26111421920010586,2.346773196668068e+38,1.0615015197092602e-44,8.954736815663789e-82,2.126322107225063e-35
chi,-0.0044666572055591956714503227473507349762035066387075334302677022470549090494053549,2,18,0.7699866565460849,0.002133371177763217,0.5476781884223338,2.346773196668068e+38,3.180606568484729e-39,1.3282723258251753e-81,7.26456669067436e-30
chi,-0.0044666572055591956714503227473507349762035066387075334302677022470549090494053549,3,18,0.6690525253964011,0.002133371177763217,0.8657407499080277,2.346773196668068e+38,5.409730116481825e-36,5.446025943015917e-82,1.4185425590500942e-26
chi,-0.0044666572055591956714503227473507349762035066387075334302677022470549090494053549,4,18,0.5767248659927665,0.002133371177763217,1.2235782171614709,2.346773196668068e+38,1.1131774389739196e-33,6.79730215171618e-82,3.378071378233725e-24
chi,-0.0044666572055591956714503227473507349762035066387075334302677022470549090494053549,4.1,18,0.5679442225391277,0.002133371177763217,1.261960340080527,2.346773196668068e+38,1.7630188820555234e-33,5.302502588226701e-82,5.43149153911107e-24
chi,-0.0044499903194096053061015351501658127047113177908514019451300532766086147575832692,0,18,1.0,0.0022000387223615786,0.0,2.76090988481601e+37,8.23392305521717e-82,7.208125288842803e-82,7.342373452017657e-82
chi,-0.0044499903194096053061015351501658127047113177908514019451300532766086147575832692,1,18,0.9853660300086045,0.0022000387223615786,0.029557006214570927,2.76090988481601e+37,1.7673219199770997e-61,3.803972873101074e-82,3.168797390807638e-52
chi,-0.0044499903194096053061015351501658127047113177908514019451300532766086147575832692,2,18,0.9708751788296719,0.0022000387223615786,0.0594088421179138,2.76090988481601e+37,4.702077402588182e-56,6.258472033976148e-82,8.554171659185174e-47
chi,-0.0044499903194096053061015351501658127047113177908514019451300532766086147575832692,3,18,0.9565263956666404,0.0022000387223615786,0.08956217793882637,2.76090988481601e+37,7.053405888481329e-53,1.674426024987024e-82,1.3020531816262589e-43
chi,-0.0044499903194096053061015351501658127047113177908514019451300532766086147575832692,4,18,0.9423186358980432,0.0022000387223615786,0.12002390021581265,2.76090988481601e+37,1.2699754157577857e-50,3.876509490984019e-82,2.3790281994518e-41
chi,-0.0044499903194096053061015351501658127047113177908514019451300532766086147575832692,4.1,18,0.9409055761734597,0.0022000387223615786,0.12308730550247751,2.76090988481601e+37,1.9837029023863292e-50,2.6481822254684957e-82,3.7215183870707366e-41
chi,-0.0044444346906930751843186059511041719475472548415660247834175036197931833269759073,0,18,1.0,0.0022222612372276994,0.0,0.4999111103061861,9.734087081597569e-83,1.940629767755429e-82,0.0
chi,-0.0044444346906930751843186059511041719475472548415660247834175036197931833269759073,1,18,1.0,0.0022222612372276994,1.5978912126152146e-40,0.4999111103061861,5.321658368129603e-82,5.34706394864722e-82,7.966306151043752e-82
chi,-0.0044444346906930751843186059511041719475472548415660247834175036197931833269759073,2,18,1.0,0.0022222612372276994,3.1957824252304293e-40,0.4999111103061861,2.5687414408542294e-82,8.248685751263989e-82,1.5932612302087504e-81
chi,-0.0044444346906930751843186059511041719475472548415660247834175036197931833269759073,3,18,1.0,0.0022222612372276994,4.7936736378456435e-40,0.4999111103061861,7.627871373137232e-82,3.492359161090739e-82,0.0
chi,-0.0044444346906930751843186059511041719475472548415660247834175036197931833269759073,4,18,1.0,0.0022222612372276994,6.3915648504608586e-40,0.4999111103061861,4.665611402122023e-82,5.384356207157465e-82,0.0
chi,-0.0044444346906930751843186059511041719475472548415660247834175036197931833269759073,4.1,18,1.0,0.0022222612372276994,6.55135397172238e-40,0.4999111103061861,1.2465256730761364e-81,1.1447128442933884e-81,7.966306151043752e-82
chi,-0.0044388790619765450625356767520425311903831918922806476217049539629777518963685454,0,18,1.0,0.0022444837520938198,0.0,2.7609103125629964e+37,1.8496663149336616e-82,4.305046813870581e-82,5.89932126385496e-82
chi,-0.0044388790619765450625356767520425311903831918922806476217049539629777518963685454,1,18,0.9853660277524815,0.0022444837520938198,0.02955701081649895,2.7609103125629964e+37,1.767326852622425e-61,9.225127540043702e-83,3.168806242124817e-52
chi,-0.0044388790619765450625356767520425311903831918922806476217049539629777518963685454,2,18,0.9708751743616096,0.0022444837520938198,0.05940885141414809,2.7609103125629964e+37,4.7020905370922675e-56,7.976350423451567e-83,8.554195592506442e-47
chi,-0.0044388790619765450625356767520425311903831918922806476217049539629777518963685454,3,18,0.9565263890303355,0.0022444837520938198,0.089562192024895,2.7609103125629964e+37,7.053425607522484e-53,2.303402618106524e-82,1.3020568306054635e-43
chi,-0.0044388790619765450625356767520425311903831918922806476217049539629777518963685454,4,18,0.942318627136709,0.0022444837520938198,0.12002391919053033,2.7609103125629964e+37,1.2699789691950093e-50,3.5672976115329065e-82,2.37903487775484e-41
chi,-0.0044388790619765450625356767520425311903831918922806476217049539629777518963685454,4.1,18,0.9409055672019809,0.0022444837520938198,0.12308732497162571,2.7609103125629964e+37,1.9837084533296648e-50,7.641669438431954e-83,3.721528835702764e-41
chi,-0.0044222121758269546971868891548576089188910030444245161365673049925314576045464598,0,18,1.0,0.0023111512966921812,0.0,2.346773969286063e+38,5.969761579175255e-82,3.035639836443416e-82,6.95818564651468e-82
chi,-0.0044222121758269546971868891548576089188910030444245161365673049925314576045464598,1,18,0.8801011526257227,0.0023111512966921812,0.2611143090708207,2.346773969286063e+38,1.0615078558773985e-44,3.3098809289410714e-82,2.1263348890615568e-35
chi,-0.0044222121758269546971868891548576089188910030444245161365673049925314576045464598,2,18,0.7699865871280468,0.0023111512966921812,0.5476783867140917,2.346773969286063e+38,3.180625703758617e-39,3.669065173119086e-82,7.264611039306342e-30
chi,-0.0044222121758269546971868891548576089188910030444245161365673049925314576045464598,3,18,0.6690524300483638,0.0023111512966921812,0.8657410821008782,2.346773969286063e+38,5.409762945924893e-36,2.4052463777391982e-82,1.4185513663629918e-26
chi,-0.0044222121758269546971868891548576089188910030444245161365673049925314576045464598,4,18,0.5767247498307638,0.0023111512966921812,1.223578719228459,2.346773969286063e+38,1.1131842599649641e-33,8.773993988082849e-84,3.3780927469744794e-24
chi,-0.0044222121758269546971868891548576089188910030444245161365673049925314576045464598,4.1,18,0.5679441045573138,0.0023111512966921812,1.261960861676525,2.346773969286063e+38,1.7630296960870006e-33,8.404526777281018e-83,5.4315259654219625e-24
chi,-0.0043999896609608342100551723586110458902347512472830074897171063652697318821170122,0,18,1.0,0.002400041356156663,0.0,3.754838226249729e+38,4.7030142978438335e-82,5.443426438823358e-82,7.393293106906806e-82
chi,-0.0043999896609608342100551723586110458902347512472830074897171063652697318821170122,1,18,0.8128976375053603,0.002400041356156663,0.42965241537782384,3.754838226249729e+38,5.427244277031028e-41,4.617321570874924e-82,1.1753019305677083e-31
chi,-0.0043999896609608342100551723586110458902347512472830074897171063652697318821170122,2,18,0.6499162388784201,0.002400041356156663,0.933811645169674,3.754838226249729e+38,1.779499065435721e-35,4.6099842058972875e-82,4.801273169713247e-26
chi,-0.0043999896609608342100551723586110458902347512472830074897171063652697318821170122,3,18,0.508691954002321,0.002400041356156663,1.5461585713012038,3.754838226249729e+38,3.360028392710889e-32,5.42141434389045e-82,1.1537708941715133e-22
chi,-0.0043999896609608342100551723586110458902347512472830074897171063652697318821170122,4,18,0.3870475166572906,0.002400041356156663,2.326042274312793,3.754838226249729e+38,7.833048026442233e-30,7.051611984854412e-82,3.5214278796882006e-20
chi,-0.0043999896609608342100551723586110458902347512472830074897171063652697318821170122,4.1,18,0.3758814029425894,0.002400041356156663,2.4169130147059104,3.754838226249729e+38,1.2579802201689484e-29,3.105069560206994e-82,5.82113457304189e-20
chi,-0.004355544631228593235791738766117919832922247652999990196016709110746280437258117,0,18,1.0,0.002577821475085627,0.0,4.4174564966784575e+38,8.468178721082886e-83,9.163260887416852e-82,6.1456863640973e-82
chi,-0.004355544631228593235791738766117919832922247652999990196016709110746280437258117,1,18,0.782453368210425,0.002577821475085627,0.5124639310212709,4.4174564966784575e+38,1.051031370172864e-39,1.076632338448253e-81,2.3630044920267323e-30
chi,-0.004355544631228593235791738766117919832922247652999990196016709110746280437258117,2,18,0.5977039665982351,0.002577821475085627,1.1352556788012464,4.4174564966784575e+38,3.6068487169992664e-34,1.7880645491725297e-81,1.0567266860352889e-24
chi,-0.004355544631228593235791738766117919832922247652999990196016709110746280437258117,3,18,0.4419840975179168,0.002577821475085627,1.9327259857822634,4.4174564966784575e+38,7.208586001628307e-31,1.5908023930939656e-81,2.8430551658745796e-21
chi,-0.004355544631228593235791738766117919832922247652999990196016709110746280437258117,4,18,0.311875100590784,0.002577821475085627,3.0361213110028653,4.4174564966784575e+38,1.812062963086534e-28,1.214756034122836e-81,1.0082372777523546e-18
chi,-0.004355544631228593235791738766117919832922247652999990196016709110746280437258117,4.1,18,0.30015092582843605,0.002577821475085627,3.1725431521652214,4.4174564966784575e+38,2.9365937941867975e-28,7.804658801941864e-82,1.6969834030618282e-18
chi,-0.0042222095420318703130014379886385416609847368701509383149155173471759261026814316,0,18,1.0,0.0031111618318725187,0.0,4.647076551413833e+38,3.906860455649521e-82,6.269154928075006e-82,0.0
chi,-0.0042222095420318703130014379886385416609847368701509383149155173471759261026814316,1,18,0.7720760635757549,0.0031111618318725187,0.541721096595692,4.647076551413833e+38,2.651855602980546e-39,6.57982390322926e-82,6.0407891616172725e-30
chi,-0.0042222095420318703130014379886385416609847368701509383149155173471759261026814316,2,18,0.5802245284870531,0.0031111618318725187,1.2085194223446678,4.647076551413833e+38,9.250256991564128e-34,1.3865857880579206e-81,2.7904388801568445e-24
chi,-0.0042222095420318703130014379886385416609847368701509383149155173471759261026814316,3,18,0.4200915099366938,0.0031111618318725187,2.079793948917722,4.647076551413833e+38,1.888202817251107e-30,5.538533036039041e-82,7.829583057474326e-21
chi,-0.0042222095420318703130014379886385416609847368701509383149155173471759261026814316,4,18,0.287747077684029,0.0031111618318725187,3.326841721451802,4.647076551413833e+38,4.889662491841337e-28,1.1716147801723167e-81,2.9459752885274952e-18
chi,-0.0042222095420318703130014379886385416609847368701509383149155173471759261026814316,4.1,18,0.2759014993390302,0.0031111618318725187,3.4849366177774685,4.647076551413833e+38,7.953628852045218e-28,9.141006414598757e-82,4.995345928476539e-18
chi,-0.0040888744528351473902111372111591634890472260873018864338143255836055717681047462,0,18,1.0,0.0036445021886594106,0.0,4.675284430305144e+38,3.710029843205609e-82,1.070015512713067e-81,0.0
chi,-0.0040888744528351473902111372111591634890472260873018864338143255836055717681047462,1,18,0.7708073332338622,0.0036445021886594106,0.5453356774583901,4.675284430305144e+38,2.96191036962145e-39,7.140213509105181e-82,6.757985610636047e-30
chi,-0.0040888744528351473902111372111591634890472260873018864338143255836055717681047462,2,18,0.5780986723556583,0.0036445021886594106,1.2176508394709311,4.675284430305144e+38,1.0352749360998791e-33,8.466832779921386e-82,3.1343191553592078e-24
chi,-0.0040888744528351473902111372111591634890472260873018864338143255836055717681047462,3,18,0.41744440560589247,0.0036445021886594106,2.098386854640337,4.675284430305144e+38,2.1188572057952302e-30,6.904933344230926e-82,8.840953889656634e-21
chi,-0.0040888744528351473902111372111591634890472260873018864338143255836055717681047462,4,18,0.2848488234573149,0.0036445021886594106,3.3645038603296467,4.675284430305144e+38,5.50786343867847e-28,1.0229594797382159e-81,3.3518119581876045e-18
chi,-0.0040888744528351473902111372111591634890472260873018864338143255836055717681047462,4.1,18,0.2729907244800988,0.0036445021886594106,3.5255417742414488,4.675284430305144e+38,8.963534199263182e-28,7.293160575700072e-82,5.688977749199221e-18
chi,-0.0037333142149772195961036684712141550305471973330377480842111475474179602092335851,0,18,1.0,0.005066743140091121,0.0,4.688968141688248e+38,3.4874626506025535e-82,8.508945233582846e-82,0.0
chi,-0.0037333142149772195961036684712141550305471973330377480842111475474179602092335851,1,18,0.7701923469698958,0.005066743140091121,0.5470907458130876,4.688968141688248e+38,3.124387977072776e-39,4.5054317830005104e-82,7.134290409767411e-30
chi,-0.0037333142149772195961036684712141550305471973330377480842111475474179602092335851,2,18,0.577069094132782,0.005066743140091121,1.2220910726678456,4.688968141688248e+38,1.0931412006382013e-33,1.1216445444071416e-81,3.315321564187582e-24
chi,-0.0037333142149772195961036684712141550305471973330377480842111475474179602092335851,3,18,0.41616359753375043,0.005066743140091121,2.1074494027335344,4.688968141688248e+38,2.240178643852945e-30,3.0954923233494333e-82,9.375540194785285e-21
chi,-0.0037333142149772195961036684712141550305471973330377480842111475474179602092335851,4,18,0.2834480017599093,0.005066743140091121,3.3829378705258573,4.688968141688248e+38,5.834056101910104e-28,5.689066314280692e-82,3.567662393551954e-18
chi,-0.0037333142149772195961036684712141550305471973330377480842111475474179602092335851,4.1,18,0.2715840139776997,0.005066743140091121,3.5454277586632457,4.688968141688248e+38,9.496626878918773e-28,6.111947806290645e-82,6.058192322167595e-18
critical,-0.0044444346906930751843193915963471216577431138354186017335736611280421693321030904,0,12,1.0,0.0022222612372276994,0.0,1.086545807573581,9.781407403828587e-83,7.60482941612436e-82,6.752628592561398e-82
critical,-0.0044444346906930751843193915963471216577431138354186017335736611280421693321030904,1,12,1.0,0.0022222612372276994,7.899342993165768e-40,1.2332015849416829,1.3714108439646199e-61,5.839949239039809e-82,6.752628592561398e-82
critical,-0.0044444346906930751843193915963471216577431138354186017335736611280421693321030904,2,12,1.0,0.0022222612372276994,1.5902840173714253e-39,1.3798573623097847,3.3346624696781034e-61,3.569788995373387e-82,1.3505257185122796e-81
critical,-0.0044444346906930751843193915963471216577431138354186017335736611280421693321030904,3,12,1.0,0.0022222612372276994,2.401049154164545e-39,1.5265131396778866,1.368932632847009e-61,7.947484699640093e-82,6.752628592561398e-82
critical,-0.0044444346906930751843193915963471216577431138354186017335736611280421693321030904,4,12,1.0,0.0022222612372276994,3.222229709695937e-39,1.6731689170459885,4.5081775202030286e-61,4.6667643228099344e-82,0.0
critical,-0.0044444346906930751843193915963471216577431138354186017335736611280421693321030904,4.1,12,1.0,0.0022222612372276994,3.304920613279681e-39,1.6878344947827986,1.7877277639099746e-61,1.9784867311879187e-83,6.752628592561398e-82
critical,-0.0044444346906930751843189987737256468026451843384923132584955823739176763295394989,0,12,1.0,0.0022222612372276994,0.0,0.6465697846230348,2.8545616807510926e-82,4.0386211449836255e-82,0.0
critical,-0.0044444346906930751843189987737256468026451843384923132584955823739176763295394989,1,12,1.0,0.0022222612372276994,3.1862734311756925e-40,0.7198976733070858,2.7596695615328446e-61,4.859392599346554e-82,0.0
critical,-0.0044444346906930751843189987737256468026451843384923132584955823739176763295394989,2,12,1.0,0.0022222612372276994,6.424623956042743e-40,0.7932255619911367,9.304865317292344e-62,5.175117831281038e-82,0.0
critical,-0.0044444346906930751843189987737256468026451843384923132584955823739176763295394989,3,12,1.0,0.0022222612372276994,9.715051574601152e-40,0.8665534506751876,2.6550755620973193e-62,4.985796840787076e-82,0.0
critical,-0.0044444346906930751843189987737256468026451843384923132584955823739176763295394989,4,12,1.0,0.0022222612372276994,1.305755628685092e-39,0.9398813393592386,6.877069924704029e-62,4.2914296278646685e-82,0.0
critical,-0.0044444346906930751843189987737256468026451843384923132584955823739176763295394989,4.1,12,1.0,0.0022222612372276994,1.339467099822892e-39,0.9472141282276436,2.8259498553675847e-61,1.5117893588957393e-82,7.643828954806571e-82
critical,-0.0044444346906930751843188023624149093750962195900291690209565429968554298282577031,0,12,1.0,0.0022222612372276994,0.0,0.5365757788853983,5.1390568020724817e-82,9.711885297116982e-82,0.0
critical,-0.0044444346906930751843188023624149093750962195900291690209565429968554298282577031,1,12,1.0,0.0022222612372276994,2.0014964039667538e-40,0.5732397232274238,3.66504956148663e-61,7.598283866374795e-82,9.376224200807515e-82
critical,-0.0044444346906930751843188023624149093750962195900291690209565429968554298282577031,2,12,1.0,0.0022222612372276994,4.029031354779187e-40,0.6099036675694492,1.1067012845680307e-61,5.989611735984341e-82,9.376224200807515e-82
critical,-0.0044444346906930751843188023624149093750962195900291690209565429968554298282577031,3,12,1.0,0.0022222612372276994,6.082604852437299e-40,0.6465676119114747,7.387426775810125e-62,4.8858689059456213e-82,0.0
critical,-0.0044444346906930751843188023624149093750962195900291690209565429968554298282577031,4,12,1.0,0.0022222612372276994,8.16221689694109e-40,0.6832315562535002,2.2021668748448876e-62,4.2870553762586344e-82,9.376224200807515e-82
critical,-0.0044444346906930751843188023624149093750962195900291690209565429968554298282577031,4.1,12,1.0,0.0022222612372276994,8.371610221467981e-40,0.6868979506877027,3.919620694315607e-62,2.6454895315434064e-82,0.0
critical,-0.0044444346906930751843186452333663194330570477912586536309253114952056326272322665,0,12,1.0,0.0022222612372276994,0.0,0.5013776970493546,1.1954213104973313e-81,2.9943654261073347e-82,8.018402122072492e-82
critical,-0.0044444346906930751843186452333663194330570477912586536309253114952056326272322665,1,12,1.0,0.0022222612372276994,1.6161185040169306e-40,0.5087104859177597,2.8484275206731478e-62,1.2771252200500915e-82,0.0
critical,-0.0044444346906930751843186452333663194330570477912586536309253114952056326272322665,2,12,1.0,0.0022222612372276994,3.2374447174029966e-40,0.5160432747861649,4.01767209674649e-62,7.217856791198211e-82,8.018402122072492e-82
critical,-0.0044444346906930751843186452333663194330570477912586536309253114952056326272322665,3,12,1.0,0.0022222612372276994,4.863978640158199e-40,0.5233760636545699,1.8666605649382327e-62,6.510288110521696e-82,8.018402122072492e-82
critical,-0.0044444346906930751843186452333663194330570477912586536309253114952056326272322665,4,12,1.0,0.0022222612372276994,6.495720272282537e-40,0.530708852522975,9.239136367265395e-62,8.45580821979453e-83,8.018402122072492e-82
critical,-0.0044444346906930751843186452333663194330570477912586536309253114952056326272322665,4.1,12,1.0,0.0022222612372276994,6.6591808595102735e-40,0.5314421314098156,2.3519509358361235e-62,1.1290242571615265e-82,8.018402122072492e-82
critical,-0.0044444346906930751843186255922352456903021513164123392071714075574994079771040869,0,12,1.0,0.0022222612372276994,0.0,0.5002777569919783,4.3980661306808226e-82,6.150537736549458e-82,7.979298326003386e-82
critical,-0.0044444346906930751843186255922352456903021513164123392071714075574994079771040869,1,12,1.0,0.0022222612372276994,1.6030989991367855e-40,0.5039441514261808,4.591623431286199e-62,5.1358069088976246e-82,7.979298326003386e-82
critical,-0.0044444346906930751843186255922352456903021513164123392071714075574994079771040869,2,12,1.0,0.0022222612372276994,3.208801852958139e-40,0.5076105458603833,4.274439348416227e-62,3.6162520107630977e-82,7.979298326003386e-82
critical,-0.0044444346906930751843186255922352456903021513164123392071714075574994079771040869,3,12,1.0,0.0022222612372276994,4.81710856146406e-40,0.5112769402945859,9.336526871453416e-63,1.5918730421458782e-82,0.0
critical,-0.0044444346906930751843186255922352456903021513164123392071714075574994079771040869,4,12,1.0,0.0022222612372276994,6.4280191246545495e-40,0.5149433347287884,5.944363825759095e-62,9.37329996954034e-83,1.5958596652006772e-81
critical,-0.0044444346906930751843186255922352456903021513164123392071714075574994079771040869,4.1,12,1.0,0.0022222612372276994,6.58925339298125e-40,0.5153099741722087,3.903779115657818e-62,4.6833215872342997e-82,7.979298326003386e-82
critical,-0.0044444346906930751843186157716697088189247030789891819952944555886462956520399971,0,12,1.0,0.0022222612372276994,0.0,0.5000027719776342,8.645789207410203e-84,6.16200614503894e-82,0.0
critical,-0.0044444346906930751843186157716697088189247030789891819952944555886462956520399971,1,12,1.0,0.0022222612372276994,1.5995186410811783e-40,0.5018359691947354,8.113432342042238e-63,2.047218036767082e-83,7.969552210219685e-82
critical,-0.0044444346906930751843186157716697088189247030789891819952944555886462956520399971,2,12,1.0,0.0022222612372276994,3.2003392095046408e-40,0.5036691664118367,8.346019715696591e-63,8.957552524506166e-83,7.969552210219685e-82
critical,-0.0044444346906930751843186157716697088189247030789891819952944555886462956520399971,3,12,1.0,0.0022222612372276994,4.8024617052703866e-40,0.505502363628938,2.093018023853139e-62,1.0819704768456676e-82,7.969552210219685e-82
critical,-0.0044444346906930751843186157716697088189247030789891819952944555886462956520399971,4,12,1.0,0.0022222612372276994,6.405886128378417e-40,0.5073355608460393,2.9646078204902254e-62,7.633674768618613e-83,7.969552210219685e-82
critical,-0.0044444346906930751843186157716697088189247030789891819952944555886462956520399971,4.1,12,1.0,0.0022222612372276994,6.566300176693045e-40,0.5075188805677494,1.201223524961405e-63,4.1246246352749803e-82,7.969552210219685e-82
critical,-0.0044444346906930751843186059511041719475472548415660247834175036197931833269759073,0,12,1.0,0.0022222612372276994,0.0,0.4999111103061861,9.734087081597569e-83,1.940629767755429e-82,0.0
critical,-0.0044444346906930751843186059511041719475472548415660247834175036197931833269759073,1,12,1.0,0.0022222612372276994,1.5978912126152146e-40,0.4999111103061861,5.321658368129603e-82,5.34706394864722e-82,7.966306151043752e-82
critical,-0.0044444346906930751843186059511041719475472548415660247834175036197931833269759073,2,12,1.0,0.0022222612372276994,3.1957824252304293e-40,0.4999111103061861,2.5687414408542294e-82,8.248685751263989e-82,1.5932612302087504e-81
critical,-0.0044444346906930751843186059511041719475472548415660247834175036197931833269759073,3,12,1.0,0.0022222612372276994,4.7936736378456435e-40,0.4999111103061861,7.627871373137232e-82,3.492359161090739e-82,0.0
critical,-0.0044444346906930751843186059511041719475472548415660247834175036197931833269759073,4,12,1.0,0.0022222612372276994,6.3915648504608586e-40,0.4999111103061861,4.665611402122023e-82,5.384356207157465e-82,0.0
critical,-0.0044444346906930751843186059511041719475472548415660247834175036197931833269759073,4.1,12,1.0,0.0022222612372276994,6.55135397172238e-40,0.4999111103061861,1.2465256730761364e-81,1.1447128442933884e-81,7.966306151043752e-82
critical,-0.0044444346906930751843186010408214035118585307228544461774790276353666271644438624,0,12,1.0,0.0022222612372276994,0.0,0.49993402572404816,7.962566033198523e-82,7.122227226779921e-82,7.967117541865641e-82
critical,-0.0044444346906930751843186010408214035118585307228544461774790276353666271644438624,1,12,1.0,0.0022222612372276994,1.597809846978349e-40,0.4990174271154975,3.604679716550039e-63,6.187069796675706e-82,7.967117541865641e-82
critical,-0.0044444346906930751843186010408214035118585307228544461774790276353666271644438624,2,12,1.0,0.0022222612372276994,3.194968730285556e-40,0.49810082850694687,8.959162123728778e-63,5.756721821794596e-82,1.5934235083731282e-81
critical,-0.0044444346906930751843186010408214035118585307228544461774790276353666271644438624,3,12,1.0,0.0022222612372276994,4.7914766499216215e-40,0.4971842298983962,5.017363945318081e-63,5.831183302136589e-82,1.5934235083731282e-81
critical,-0.0044444346906930751843186010408214035118585307228544461774790276353666271644438624,4,12,1.0,0.0022222612372276994,6.387333605886544e-40,0.4962676312898456,2.8253145283798375e-63,6.410454237701688e-82,0.0
critical,-0.0044444346906930751843186010408214035118585307228544461774790276353666271644438624,4.1,12,1.0,0.0022222612372276994,6.546883498481124e-40,0.49617597142899056,4.7606820951738786e-63,2.0254358422235938e-82,7.967117541865641e-82
critical,-0.0044444346906930751843185961305386350761698066041428675715405516509400710019118175,0,12,1.0,0.0022222612372276994,0.0,0.5000027719776342,2.6168581445641945e-82,6.395446181180084e-83,0.0
critical,-0.0044444346906930751843185961305386350761698066041428675715405516509400710019118175,1,12,1.0,0.0022222612372276994,1.5982167137388943e-40,0.4981695747605329,1.8031204937161364e-62,8.965747008317473e-83,7.969552210219685e-82
critical,-0.0044444346906930751843185961305386350761698066041428675715405516509400710019118175,2,12,1.0,0.0022222612372276994,3.195131500135505e-40,0.49633637754343163,1.7018433369640919e-62,4.2156354625623085e-82,7.969552210219685e-82
critical,-0.0044444346906930751843185961305386350761698066041428675715405516509400710019118175,3,12,1.0,0.0022222612372276994,4.790744359189831e-40,0.49450318032633034,8.741582171073685e-63,1.6699030792701804e-82,7.969552210219685e-82
critical,-0.0044444346906930751843185961305386350761698066041428675715405516509400710019118175,4,12,1.0,0.0022222612372276994,6.385055290901874e-40,0.4926699831092291,1.85791381091714e-62,1.380635836193134e-82,7.969552210219685e-82
critical,-0.0044444346906930751843185961305386350761698066041428675715405516509400710019118175,4.1,12,1.0,0.0022222612372276994,6.5444147780692524e-40,0.49248666338751895,8.83107548942321e-64,1.3266287191599936e-82,7.969552210219685e-82
critical,-0.0044444346906930751843185928570167894523786332670733980179079993177433284771507168,0,12,1.0,0.0022222612372276994,0.0,0.5000740643887605,2.4673283387177304e-82,6.230552994888869e-82,0.0
critical,-0.0044444346906930751843185928570167894523786332670733980179079993177433284771507168,1,12,1.0,0.0022222612372276994,1.5987591984667083e-40,0.49762980143262536,9.085214398124805e-64,2.0692633087081e-82,0.0
critical,-0.0044444346906930751843185928570167894523786332670733980179079993177433284771507168,2,12,1.0,0.0022222612372276994,3.1957824938103715e-40,0.49518553847649033,6.96999277983323e-63,4.5563050535724215e-82,0.0
critical,-0.0044444346906930751843185928570167894523786332670733980179079993177433284771507168,3,12,1.0,0.0022222612372276994,4.7910698860309895e-40,0.49274127552035535,1.9779735648347564e-62,6.145937995481627e-83,7.972077837332199e-82
critical,-0.0044444346906930751843185928570167894523786332670733980179079993177433284771507168,4,12,1.0,0.0022222612372276994,6.3846213751285615e-40,0.4902970125642203,3.4133826282671486e-63,8.628387783763436e-83,1.5944155674664398e-81
critical,-0.0044444346906930751843185928570167894523786332670733980179079993177433284771507168,4.1,12,1.0,0.0022222612372276994,6.5438810493665515e-40,0.4900525862686068,1.1137167354706925e-63,5.453527793149823e-82,0.0
critical,-0.0044444346906930751843185863099730982047923583667197103596635996820869586768477277,0,12,1.0,0.0022222612372276994,0.0,0.5002777569919783,5.581125799332794e-82,1.0259237330370483e-81,7.979298326003386e-82
critical,-0.0044444346906930751843185863099730982047923583667197103596635996820869586768477277,1,12,1.0,0.0022222612372276994,1.6004951444522177e-40,0.4966113625577757,2.8735672398397774e-62,9.584774127712361e-82,7.979298326003386e-82
critical,-0.0044444346906930751843185863099730982047923583667197103596635996820869586768477277,2,12,1.0,0.0022222612372276994,3.1983864342198675e-40,0.4929449681235732,8.324905613751067e-63,9.41511161112159e-82,7.979298326003386e-82
critical,-0.0044444346906930751843185863099730982047923583667197103596635996820869586768477277,3,12,1.0,0.0022222612372276994,4.793673869302949e-40,0.4892785736893706,4.392332975617572e-63,9.75024978059817e-82,7.979298326003386e-82
critical,-0.0044444346906930751843185863099730982047923583667197103596635996820869586768477277,4,12,1.0,0.0022222612372276994,6.386357449701463e-40,0.4856121792551681,4.756440638820774e-62,1.05901886361421e-81,7.979298326003386e-82
critical,-0.0044444346906930751843185863099730982047923583667197103596635996820869586768477277,4.1,12,1.0,0.0022222612372276994,6.545482595733663e-40,0.48524553981174784,2.5968692369876207e-62,1.1238431760518823e-81,7.979298326003386e-82
critical,-0.0044444346906930751843185666688420244620374618918733959359096957443807340267195482,0,12,1.0,0.0022222612372276994,0.0,0.5013776970493546,9.599518716715081e-82,7.20137151942185e-82,0.0
critical,-0.0044444346906930751843185666688420244620374618918733959359096957443807340267195482,1,12,1.0,0.0022222612372276994,1.6109107946477947e-40,0.49404490818094954,7.2932839296246405e-62,9.258879267259694e-82,8.018402122072492e-82
critical,-0.0044444346906930751843185666688420244620374618918733959359096957443807340267195482,2,12,1.0,0.0022222612372276994,3.2166138799264535e-40,0.48671211931254443,4.826515365725226e-62,1.182117600895722e-81,8.018402122072492e-82
critical,-0.0044444346906930751843185666688420244620374618918733959359096957443807340267195482,3,12,1.0,0.0022222612372276994,4.817109255835976e-40,0.47937933044413933,3.889591261560825e-62,7.735125729999425e-82,8.018402122072492e-82
critical,-0.0044444346906930751843185666688420244620374618918733959359096957443807340267195482,4,12,1.0,0.0022222612372276994,6.4123969223763635e-40,0.4720465415757343,4.493751545442928e-62,1.1307000459416309e-81,0.0
critical,-0.0044444346906930751843185666688420244620374618918733959359096957443807340267195482,4.1,12,1.0,0.0022222612372276994,6.5716392650151e-40,0.47131326268889373,1.0446642746891851e-61,4.3599869121424064e-82,8.018402122072492e-82
critical,-0.0044444346906930751843185077454488032337727724673344526646479839312620600763350094,0,12,1.0,0.0022222612372276994,0.0,0.5090772774509892,9.164092618507765e-82,4.8369969193828865e-82,0.0
critical,-0.0044444346906930751843185077454488032337727724673344526646479839312620600763350094,1,12,1.0,0.0022222612372276994,1.6890280553859697e-40,0.49074530527997645,6.261747812395839e-62,7.84145323252414e-83,8.297547368525673e-82
critical,-0.0044444346906930751843185077454488032337727724673344526646479839312620600763350094,2,12,1.0,0.0022222612372276994,3.3650368373490998e-40,0.4724133331089637,1.086572841820494e-61,4.3891836588736055e-82,8.297547368525673e-82
critical,-0.0044444346906930751843185077454488032337727724673344526646479839312620600763350094,3,12,1.0,0.0022222612372276994,5.02802634588939e-40,0.454081360937951,2.8156293730658335e-62,1.345839897216465e-82,8.297547368525673e-82
critical,-0.0044444346906930751843185077454488032337727724673344526646479839312620600763350094,4,12,1.0,0.0022222612372276994,6.6779965810068416e-40,0.43574938876693825,7.080405064273322e-62,1.1927499472040097e-82,0.0
critical,-0.0044444346906930751843185077454488032337727724673344526646479839312620600763350094,4.1,12,1.0,0.0022222612372276994,6.8422775444803305e-40,0.433916191549837,4.8483358262123355e-62,4.840146546502583e-82,0.0
critical,-0.0044444346906930751843184095397934345199982900931028805458784642427309368256941116,0,12,1.0,0.0022222612372276994,0.0,0.5365757788853983,9.135527706377955e-82,2.1343745111679987e-82,0.0
critical,-0.0044444346906930751843184095397934345199982900931028805458784642427309368256941116,1,12,1.0,0.0022222612372276994,1.9754578571210748e-40,0.49991183454337285,1.0704523291463363e-61,4.5882408208712566e-82,9.376224200807515e-82
critical,-0.0044444346906930751843184095397934345199982900931028805458784642427309368256941116,2,12,1.0,0.0022222612372276994,3.92487716739647e-40,0.4632478902013474,1.5291805825497093e-61,3.93666572257827e-83,0.0
critical,-0.0044444346906930751843184095397934345199982900931028805458784642427309368256941116,3,12,1.0,0.0022222612372276994,5.848257930826186e-40,0.42658394585932197,1.3576053900661441e-61,3.856923794357705e-82,9.376224200807515e-82
critical,-0.0044444346906930751843184095397934345199982900931028805458784642427309368256941116,4,12,1.0,0.0022222612372276994,7.745600147410224e-40,0.3899200015172965,5.2994793681166384e-61,6.71740458140895e-83,9.376224200807515e-82
critical,-0.0044444346906930751843184095397934345199982900931028805458784642427309368256941116,4.1,12,1.0,0.0022222612372276994,7.933902248992114e-40,0.3862536070830939,1.8004774629042274e-61,4.4940335829562446e-82,0.0
critical,-0.0044444346906930751843183113341380658062238077188713084271089445541998135750532137,0,12,1.0,0.0022222612372276994,0.0,0.5824066146094136,7.414812286051949e-82,1.1070758783429166e-82,0.0
critical,-0.0044444346906930751843183113341380658062238077188713084271089445541998135750532137,1,12,1.0,0.0022222612372276994,2.4571806178205295e-40,0.5274106980963754,4.634204729962321e-61,7.003716292364877e-83,5.747271668870113e-82
critical,-0.0044444346906930751843183113341380658062238077188713084271089445541998135750532137,2,12,1.0,0.0022222612372276994,4.87530341537254e-40,0.47241478158333716,2.9708405779765823e-61,4.140679882539152e-82,0.0
critical,-0.0044444346906930751843183113341380658062238077188713084271089445541998135750532137,3,12,1.0,0.0022222612372276994,7.254368392656032e-40,0.41741886507029896,4.918324860191078e-62,1.3239583846398398e-82,5.747271668870113e-82
critical,-0.0044444346906930751843183113341380658062238077188713084271089445541998135750532137,4,12,1.0,0.0022222612372276994,9.594375549671006e-40,0.3624229485572608,2.8332088755258993e-61,1.9974001084194264e-82,5.747271668870113e-82
critical,-0.0044444346906930751843183113341380658062238077188713084271089445541998135750532137,4.1,12,1.0,0.0022222612372276994,9.826228085257733e-40,0.356923356905957,7.828368752499575e-62,3.6090897949992755e-82,5.747271668870113e-82
critical,-0.0044444346906930751843182131284826970924493253446397363083394248656686903244123158,0,12,1.0,0.0022222612372276994,0.0,0.6465697846230348,7.611373922096207e-82,1.3107851459788967e-82,7.643828954806571e-82
critical,-0.0044444346906930751843182131284826970924493253446397363083394248656686903244123158,1,12,1.0,0.0022222612372276994,3.134196337484334e-40,0.573241895938984,3.30020055777545e-61,1.4975713396593252e-83,1.5287657909613141e-81
critical,-0.0044444346906930751843182131284826970924493253446397363083394248656686903244123158,2,12,1.0,0.0022222612372276994,6.216315581277309e-40,0.499914007254933,2.0987851250968057e-63,1.5158494121686296e-82,7.643828954806571e-82
critical,-0.0044444346906930751843182131284826970924493253446397363083394248656686903244123158,3,12,1.0,0.0022222612372276994,9.246357731378927e-40,0.42658611857088213,1.742088190047858e-61,3.467101522090208e-82,7.643828954806571e-82
critical,-0.0044444346906930751843182131284826970924493253446397363083394248656686903244123158,4,12,1.0,0.0022222612372276994,1.2224322787789187e-39,0.3532582298868312,3.3284003946695844e-61,7.923379077124497e-83,7.643828954806571e-82
critical,-0.0044444346906930751843182131284826970924493253446397363083394248656686903244123158,4.1,12,1.0,0.0022222612372276994,1.2519255053277187e-39,0.3459254410184261,2.7239455566265492e-61,5.761884285802637e-82,7.643828954806571e-82
critical,-0.0044444346906930751843181149228273283786748429704081641895699051771375670737714179,0,12,1.0,0.0022222612372276994,0.0,0.7290652889262623,8.764824260318258e-82,3.8416042067127413e-82,0.0
critical,-0.0044444346906930751843181149228273283786748429704081641895699051771375670737714179,1,12,1.0,0.0022222612372276994,4.006505016112489e-40,0.6374054280711986,3.211107686101071e-61,3.326996383708804e-82,5.514621301353445e-82
critical,-0.0044444346906930751843181149228273283786748429704081641895699051771375670737714179,2,12,1.0,0.0022222612372276994,7.947913665110779e-40,0.545745567216135,1.512469484589412e-61,2.307868487621624e-82,5.514621301353445e-82
critical,-0.0044444346906930751843181149228273283786748429704081641895699051771375670737714179,3,12,1.0,0.0022222612372276994,1.1824225946994872e-39,0.4540857063610713,5.633035865069536e-62,7.9373565329662e-82,5.514621301353445e-82
critical,-0.0044444346906930751843181149228273283786748429704081641895699051771375670737714179,4,12,1.0,0.0022222612372276994,1.5635441861764766e-39,0.3624258455060077,3.921798814466646e-62,5.909188490712536e-82,5.514621301353445e-82
critical,-0.0044444346906930751843181149228273283786748429704081641895699051771375670737714179,4.1,12,1.0,0.0022222612372276994,1.6012983153050476e-39,0.3532598594205013,1.8920203827954786e-61,1.5655698741214672e-82,0.0
critical,-0.00444443469069307518431801671717195966490036059617659207080038548860644382313052,0,12,1.0,0.0022222612372276994,0.0,0.8298931275190958,5.856818517629738e-82,3.3346799537447495e-82,0.0
critical,-0.00444443469069307518431801671717195966490036059617659207080038548860644382313052,1,12,1.0,0.0022222612372276994,5.074106653704993e-40,0.7199012944930194,3.0072343158323995e-61,1.0619629027707423e-81,8.632486718474821e-82
critical,-0.00444443469069307518431801671717195966490036059617659207080038548860644382313052,2,12,1.0,0.0022222612372276994,1.0070097666872947e-39,0.609909461466943,6.82535486947835e-61,1.0246980475110212e-81,0.0
critical,-0.00444443469069307518431801671717195966490036059617659207080038548860644382313052,3,12,1.0,0.0022222612372276994,1.4987973039503864e-39,0.4999176284408667,5.954486395914008e-61,9.369870310468114e-82,0.0
critical,-0.00444443469069307518431801671717195966490036059617659207080038548860644382313052,4,12,1.0,0.0022222612372276994,1.9827732771597744e-39,0.3899257954147903,2.25717904862167e-62,7.98829853378113e-82,0.0
critical,-0.00444443469069307518431801671717195966490036059617659207080038548860644382313052,4.1,12,1.0,0.0022222612372276994,2.0307412384577597e-39,0.37892661211218265,1.4235935639447088e-61,5.85528356345834e-82,0.0
critical,-0.0044444346906930751843178203058612222373513958477134478332613461115441973218487243,0,12,1.0,0.0022222612372276994,0.0,1.086545807573581,7.451499649959888e-82,3.607331375644443e-83,0.0
critical,-0.0044444346906930751843178203058612222373513958477134478332613461115441973218487243,1,12,1.0,0.0022222612372276994,7.79518880578305e-40,0.9398900302054792,6.413668998926314e-62,1.785390042243104e-82,0.0
critical,-0.0044444346906930751843178203058612222373513958477134478332613461115441973218487243,2,12,1.0,0.0022222612372276994,1.5486223424183386e-39,0.7932342528373774,1.936637196399165e-61,2.705702256953589e-82,6.752628592561398e-82
critical,-0.0044444346906930751843178203058612222373513958477134478332613461115441973218487243,3,12,1.0,0.0022222612372276994,2.3073103855201002e-39,0.6465784754692756,8.749909531476942e-62,3.1216697816958995e-82,6.752628592561398e-82
critical,-0.0044444346906930751843178203058612222373513958477134478332613461115441973218487243,4,12,1.0,0.0022222612372276994,3.05558300988359e-39,0.49992269810117373,3.0907355081222366e-61,4.119843398044962e-82,0.0
critical,-0.0044444346906930751843178203058612222373513958477134478332613461115441973218487243,4.1,12,1.0,0.0022222612372276994,3.1298374242893344e-39,0.4852571203643635,1.2962591669349175e-61,5.321485146716574e-82,6.752628592561398e-82
