case,h,time_ratio,radial_ratio,axial_ratio,speed_ratio,volume_ratio,energy_ratio,slenderness_ratio
h_zero_limit,0,1.0,1.0,1.0,1.0,1.0,1.0,1.0
h_zero_limit,0,0.8912509381337456,0.9440608762859234,0.9440608762859234,1.0592537251772889,0.8413951416451951,0.9440608762859234,1.0
h_zero_limit,0,0.7943282347242815,0.8912509381337456,0.8912509381337456,1.1220184543019633,0.7079457843841379,0.8912509381337456,1.0
h_zero_limit,0,0.7079457843841379,0.8413951416451951,0.8413951416451951,1.1885022274370185,0.5956621435290105,0.8413951416451951,1.0
h_zero_limit,0,0.6309573444801932,0.7943282347242815,0.7943282347242815,1.2589254117941673,0.5011872336272722,0.7943282347242815,1.0
h_zero_limit,0,0.5623413251903491,0.7498942093324559,0.7498942093324559,1.333521432163324,0.4216965034285822,0.7498942093324559,1.0
h_zero_limit,0,0.5011872336272722,0.7079457843841379,0.7079457843841379,1.4125375446227544,0.3548133892335754,0.7079457843841379,1.0
h_zero_limit,0,0.4466835921509631,0.6683439175686146,0.6683439175686146,1.4962356560944334,0.29853826189179594,0.6683439175686146,1.0
h_zero_limit,0,0.3981071705534972,0.6309573444801932,0.6309573444801932,1.5848931924611136,0.25118864315095796,0.6309573444801932,1.0
h_zero_limit,0,0.35481338923357547,0.5956621435290105,0.5956621435290105,1.6788040181225603,0.21134890398366468,0.5956621435290105,1.0
h_zero_limit,0,0.31622776601683794,0.5623413251903491,0.5623413251903491,1.7782794100389228,0.1778279410038923,0.5623413251903491,1.0
h_zero_limit,0,0.28183829312644537,0.5308844442309884,0.5308844442309884,1.8836490894898006,0.14962356560944334,0.5308844442309884,1.0
h_zero_limit,0,0.25118864315095796,0.5011872336272722,0.5011872336272722,1.9952623149688797,0.12589254117941667,0.5011872336272722,1.0
h_zero_limit,0,0.22387211385683395,0.47315125896148047,0.47315125896148047,2.113489039836647,0.10592537251772888,0.47315125896148047,1.0
h_zero_limit,0,0.19952623149688792,0.4466835921509631,0.4466835921509631,2.23872113856834,0.08912509381337452,0.4466835921509631,1.0
h_zero_limit,0,0.1778279410038923,0.4216965034285823,0.4216965034285823,2.371373705661655,0.07498942093324559,0.4216965034285823,1.0
h_zero_limit,0,0.15848931924611134,0.39810717055349726,0.39810717055349726,2.51188643150958,0.06309573444801932,0.39810717055349726,1.0
h_zero_limit,0,0.1412537544622754,0.37583740428844414,0.37583740428844414,2.66072505979881,0.05308844442309881,0.37583740428844414,1.0
h_zero_limit,0,0.12589254117941673,0.35481338923357547,0.35481338923357547,2.8183829312644537,0.044668359215096314,0.35481338923357547,1.0
h_zero_limit,0,0.11220184543019633,0.3349654391578276,0.3349654391578276,2.98538261891796,0.03758374042884441,0.3349654391578276,1.0
h_zero_limit,0,0.1,0.31622776601683794,0.31622776601683794,3.162277660168379,0.0316227766016838,0.31622776601683794,1.0
h_zero_limit,0,0.08912509381337455,0.29853826189179594,0.29853826189179594,3.3496543915782766,0.026607250597988095,0.29853826189179594,1.0
h_zero_limit,0,0.07943282347242814,0.28183829312644537,0.28183829312644537,3.548133892335755,0.022387211385683392,0.28183829312644537,1.0
h_zero_limit,0,0.07079457843841377,0.2660725059798809,0.2660725059798809,3.758374042884442,0.018836490894898,0.2660725059798809,1.0
h_zero_limit,0,0.0630957344480193,0.25118864315095796,0.25118864315095796,3.981071705534973,0.015848931924611127,0.25118864315095796,1.0
h_zero_limit,0,0.05623413251903491,0.23713737056616555,0.23713737056616555,4.216965034285822,0.01333521432163324,0.23713737056616555,1.0
h_zero_limit,0,0.05011872336272722,0.22387211385683395,0.22387211385683395,4.466835921509632,0.011220184543019632,0.22387211385683395,1.0
h_zero_limit,0,0.0446683592150963,0.21134890398366465,0.21134890398366465,4.731512589614805,0.00944060876285923,0.21134890398366465,1.0
h_zero_limit,0,0.03981071705534971,0.19952623149688792,0.19952623149688792,5.011872336272724,0.007943282347242812,0.19952623149688792,1.0
h_zero_limit,0,0.03548133892335753,0.18836490894898,0.18836490894898,5.308844442309884,0.006683439175686142,0.18836490894898,1.0
h_zero_limit,0,0.03162277660168379,0.17782794100389226,0.17782794100389226,5.623413251903491,0.00562341325190349,0.17782794100389226,1.0
h_zero_limit,0,0.028183829312644536,0.16788040181225602,0.16788040181225602,5.956621435290105,0.004731512589614804,0.16788040181225602,1.0
h_zero_limit,0,0.025118864315095794,0.15848931924611132,0.15848931924611132,6.309573444801933,0.003981071705534971,0.15848931924611132,1.0
h_zero_limit,0,0.02238721138568339,0.14962356560944332,0.14962356560944332,6.683439175686147,0.003349654391578275,0.14962356560944332,1.0
h_zero_limit,0,0.01995262314968879,0.1412537544622754,0.1412537544622754,7.07945784384138,0.002818382931264452,0.1412537544622754,1.0
h_zero_limit,0,0.01778279410038923,0.1333521432163324,0.1333521432163324,7.498942093324558,0.0023713737056616554,0.1333521432163324,1.0
h_zero_limit,0,0.015848931924611134,0.12589254117941673,0.12589254117941673,7.943282347242815,0.0019952623149688794,0.12589254117941673,1.0
h_zero_limit,0,0.01412537544622754,0.11885022274370183,0.11885022274370183,8.413951416451951,0.0016788040181225598,0.11885022274370183,1.0
h_zero_limit,0,0.012589254117941668,0.11220184543019633,0.11220184543019633,8.912509381337458,0.0014125375446227535,0.11220184543019633,1.0
h_zero_limit,0,0.01122018454301963,0.10592537251772886,0.10592537251772886,9.440608762859236,0.0011885022274370177,0.10592537251772886,1.0
h_zero_limit,0,0.01,0.1,0.1,10.0,0.001,0.1,1.0
h_zero_limit,0,0.00891250938133745,0.09440608762859232,0.09440608762859232,10.592537251772892,0.0008413951416451944,0.09440608762859232,1.0
h_zero_limit,0,0.007943282347242814,0.08912509381337455,0.08912509381337455,11.220184543019636,0.0007079457843841378,0.08912509381337455,1.0
h_zero_limit,0,0.00707945784384138,0.08413951416451952,0.08413951416451952,11.885022274370183,0.0005956621435290107,0.08413951416451952,1.0
h_zero_limit,0,0.00630957344480193,0.07943282347242814,0.07943282347242814,12.589254117941675,0.000501187233627272,0.07943282347242814,1.0
h_zero_limit,0,0.005623413251903491,0.07498942093324558,0.07498942093324558,13.33521432163324,0.0004216965034285823,0.07498942093324558,1.0
h_zero_limit,0,0.005011872336272719,0.07079457843841376,0.07079457843841376,14.125375446227547,0.0003548133892335751,0.07079457843841376,1.0
h_zero_limit,0,0.0044668359215096305,0.06683439175686146,0.06683439175686146,14.962356560944336,0.0002985382618917959,0.06683439175686146,1.0
h_zero_limit,0,0.003981071705534969,0.0630957344480193,0.0630957344480193,15.848931924611142,0.0002511886431509577,0.0630957344480193,1.0
h_zero_limit,0,0.0035481338923357532,0.059566214352901034,0.059566214352901034,16.788040181225607,0.00021134890398366455,0.059566214352901034,1.0
h_zero_limit,0,0.0031622776601683794,0.05623413251903491,0.05623413251903491,17.78279410038923,0.0001778279410038923,0.05623413251903491,1.0
h_zero_limit,0,0.002818382931264452,0.05308844442309882,0.05308844442309882,18.83649089489801,0.00014962356560944322,0.05308844442309882,1.0
h_zero_limit,0,0.0025118864315095794,0.05011872336272722,0.05011872336272722,19.952623149688797,0.00012589254117941666,0.05011872336272722,1.0
h_zero_limit,0,0.0022387211385683377,0.04731512589614803,0.04731512589614803,21.134890398366476,0.00010592537251772875,0.04731512589614803,1.0
h_zero_limit,0,0.001995262314968879,0.04466835921509631,0.04466835921509631,22.3872113856834,8.91250938133745e-05,0.04466835921509631,1.0
h_zero_limit,0,0.0017782794100389228,0.042169650342858224,0.042169650342858224,23.71373705661655,7.498942093324559e-05,0.042169650342858224,1.0
h_zero_limit,0,0.0015848931924611126,0.03981071705534971,0.03981071705534971,25.11886431509581,6.309573444801927e-05,0.03981071705534971,1.0
h_zero_limit,0,0.001412537544622754,0.03758374042884441,0.03758374042884441,26.6072505979881,5.308844442309882e-05,0.03758374042884441,1.0
h_zero_limit,0,0.0012589254117941662,0.03548133892335753,0.03548133892335753,28.18382931264455,4.466835921509626e-05,0.03548133892335753,1.0
h_zero_limit,0,0.001122018454301963,0.03349654391578276,0.03349654391578276,29.8538261891796,3.75837404288444e-05,0.03349654391578276,1.0
h_zero_limit,0,0.001,0.03162277660168379,0.03162277660168379,31.622776601683793,3.1622776601683795e-05,0.03162277660168379,1.0
h_zero_limit,0,0.000891250938133745,0.029853826189179585,0.029853826189179585,33.49654391578278,2.660725059798807e-05,0.029853826189179585,1.0
h_zero_limit,0,0.0007943282347242813,0.028183829312644536,0.028183829312644536,35.48133892335755,2.238721138568339e-05,0.028183829312644536,1.0
h_zero_limit,0,0.0007079457843841374,0.026607250597988085,0.026607250597988085,37.58374042884443,1.8836490894897984e-05,0.026607250597988085,1.0
h_zero_limit,0,0.000630957344480193,0.025118864315095794,0.025118864315095794,39.810717055349734,1.5848931924611124e-05,0.025118864315095794,1.0
h_zero_limit,0,0.0005623413251903491,0.023713737056616554,0.023713737056616554,42.169650342858226,1.333521432163324e-05,0.023713737056616554,1.0
h_zero_limit,0,0.000501187233627272,0.02238721138568339,0.02238721138568339,44.668359215096324,1.1220184543019625e-05,0.02238721138568339,1.0
h_zero_limit,0,0.00044668359215096305,0.021134890398366465,0.021134890398366465,47.315125896148054,9.440608762859232e-06,0.021134890398366465,1.0
h_zero_limit,0,0.0003981071705534969,0.01995262314968879,0.01995262314968879,50.11872336272725,7.943282347242805e-06,0.01995262314968879,1.0
h_zero_limit,0,0.0003548133892335753,0.018836490894898,0.018836490894898,53.08844442309884,6.683439175686142e-06,0.018836490894898,1.0
h_zero_limit,0,0.00031622776601683794,0.01778279410038923,0.01778279410038923,56.23413251903491,5.623413251903491e-06,0.01778279410038923,1.0
h_zero_limit,0,0.00028183829312644523,0.016788040181225598,0.016788040181225598,59.56621435290106,4.731512589614801e-06,0.016788040181225598,1.0
h_zero_limit,0,0.00025118864315095795,0.015848931924611134,0.015848931924611134,63.09573444801933,3.981071705534971e-06,0.015848931924611134,1.0
h_zero_limit,0,0.00022387211385683378,0.014962356560944329,0.014962356560944329,66.83439175686149,3.3496543915782725e-06,0.014962356560944329,1.0
h_zero_limit,0,0.00019952623149688788,0.01412537544622754,0.01412537544622754,70.79457843841381,2.818382931264452e-06,0.01412537544622754,1.0
h_zero_limit,0,0.00017782794100389227,0.01333521432163324,0.01333521432163324,74.98942093324558,2.3713737056616552e-06,0.01333521432163324,1.0
h_zero_limit,0,0.00015848931924611126,0.012589254117941668,0.012589254117941668,79.43282347242817,1.995262314968878e-06,0.012589254117941668,1.0
h_zero_limit,0,0.0001412537544622754,0.011885022274370183,0.011885022274370183,84.13951416451951,1.6788040181225598e-06,0.011885022274370183,1.0
h_zero_limit,0,0.0001258925411794166,0.011220184543019629,0.011220184543019629,89.12509381337459,1.4125375446227524e-06,0.011220184543019629,1.0
h_zero_limit,0,0.0001122018454301963,0.010592537251772886,0.010592537251772886,94.40608762859236,1.1885022274370178e-06,0.010592537251772886,1.0
h_zero_limit,0,0.0001,0.01,0.01,100.0,1.0000000000000002e-06,0.01,1.0
h_zero_limit,0,8.912509381337459e-05,0.009440608762859235,0.009440608762859235,105.92537251772887,8.413951416451955e-07,0.009440608762859235,1.0
h_zero_limit,0,7.943282347242806e-05,0.00891250938133745,0.00891250938133745,112.20184543019641,7.079457843841366e-07,0.00891250938133745,1.0
h_zero_limit,0,7.079457843841373e-05,0.008413951416451947,0.008413951416451947,118.85022274370189,5.956621435290097e-07,0.008413951416451947,1.0
h_zero_limit,0,6.309573444801929e-05,0.007943282347242814,0.007943282347242814,125.89254117941675,5.011872336272719e-07,0.007943282347242814,1.0
h_zero_limit,0,5.623413251903491e-05,0.007498942093324558,0.007498942093324558,133.3521432163324,4.2169650342858225e-07,0.007498942093324558,1.0
h_zero_limit,0,5.011872336272725e-05,0.00707945784384138,0.00707945784384138,141.2537544622754,3.548133892335757e-07,0.00707945784384138,1.0
h_zero_limit,0,4.466835921509626e-05,0.006683439175686142,0.006683439175686142,149.62356560944343,2.985382618917954e-07,0.006683439175686142,1.0
h_zero_limit,0,3.9810717055349695e-05,0.00630957344480193,0.00630957344480193,158.48931924611142,2.511886431509577e-07,0.00630957344480193,1.0
h_zero_limit,0,3.5481338923357534e-05,0.005956621435290104,0.005956621435290104,167.88040181225605,2.1134890398366456e-07,0.005956621435290104,1.0
h_zero_limit,0,3.1622776601683795e-05,0.005623413251903491,0.005623413251903491,177.82794100389228,1.778279410038923e-07,0.005623413251903491,1.0
h_zero_limit,0,2.818382931264455e-05,0.005308844442309884,0.005308844442309884,188.36490894898003,1.4962356560944344e-07,0.005308844442309884,1.0
h_zero_limit,0,2.511886431509577e-05,0.005011872336272719,0.005011872336272719,199.52623149688807,1.2589254117941648e-07,0.005011872336272719,1.0
h_zero_limit,0,2.238721138568338e-05,0.004731512589614803,0.004731512589614803,211.34890398366477,1.0592537251772876e-07,0.004731512589614803,1.0
h_zero_limit,0,1.9952623149688786e-05,0.0044668359215096305,0.0044668359215096305,223.872113856834,8.912509381337448e-08,0.0044668359215096305,1.0
h_zero_limit,0,1.778279410038923e-05,0.004216965034285823,0.004216965034285823,237.13737056616552,7.498942093324559e-08,0.004216965034285823,1.0
h_zero_limit,0,1.5848931924611107e-05,0.003981071705534969,0.003981071705534969,251.18864315095823,6.309573444801916e-08,0.003981071705534969,1.0
h_zero_limit,0,1.4125375446227526e-05,0.0037583740428844396,0.0037583740428844396,266.0725059798811,5.308844442309874e-08,0.0037583740428844396,1.0
h_zero_limit,0,1.2589254117941661e-05,0.0035481338923357532,0.0035481338923357532,281.8382931264455,4.4668359215096253e-08,0.0035481338923357532,1.0
h_zero_limit,0,1.122018454301963e-05,0.003349654391578276,0.003349654391578276,298.538261891796,3.7583740428844394e-08,0.003349654391578276,1.0
h_zero_limit,0,1e-05,0.0031622776601683794,0.0031622776601683794,316.2277660168379,3.16227766016838e-08,0.0031622776601683794,1.0
h_zero_limit,0,8.91250938133744e-06,0.002985382618917957,0.002985382618917957,334.9654391578279,2.660725059798803e-08,0.002985382618917957,1.0
h_zero_limit,0,7.943282347242805e-06,0.002818382931264452,0.002818382931264452,354.81338923357566,2.238721138568335e-08,0.002818382931264452,1.0
h_zero_limit,0,7.079457843841373e-06,0.0026607250597988083,0.0026607250597988083,375.8374042884443,1.8836490894897983e-08,0.0026607250597988083,1.0
h_zero_limit,0,6.30957344480193e-06,0.0025118864315095794,0.0025118864315095794,398.1071705534973,1.5848931924611123e-08,0.0025118864315095794,1.0
h_zero_limit,0,5.623413251903491e-06,0.0023713737056616554,0.0023713737056616554,421.6965034285822,1.3335214321633242e-08,0.0023713737056616554,1.0
h_zero_limit,0,5.011872336272715e-06,0.0022387211385683377,0.0022387211385683377,446.6835921509635,1.1220184543019607e-08,0.0022387211385683377,1.0
h_zero_limit,0,4.466835921509625e-06,0.0021134890398366453,0.0021134890398366453,473.1512589614808,9.440608762859216e-09,0.0021134890398366453,1.0
h_zero_limit,0,3.981071705534969e-06,0.001995262314968879,0.001995262314968879,501.1872336272725,7.943282347242805e-09,0.001995262314968879,1.0
h_zero_limit,0,3.548133892335753e-06,0.0018836490894898002,0.0018836490894898002,530.8844442309885,6.683439175686141e-09,0.0018836490894898002,1.0
h_zero_limit,0,3.162277660168379e-06,0.0017782794100389228,0.0017782794100389228,562.341325190349,5.62341325190349e-09,0.0017782794100389228,1.0
h_zero_limit,0,2.818382931264449e-06,0.001678804018122559,0.001678804018122559,595.6621435290109,4.731512589614793e-09,0.001678804018122559,1.0
h_zero_limit,0,2.511886431509577e-06,0.0015848931924611126,0.0015848931924611126,630.9573444801936,3.981071705534966e-09,0.0015848931924611126,1.0
h_zero_limit,0,2.2387211385683376e-06,0.0014962356560944327,0.0014962356560944327,668.3439175686149,3.349654391578272e-09,0.0014962356560944327,1.0
h_zero_limit,0,1.9952623149688787e-06,0.001412537544622754,0.001412537544622754,707.945784384138,2.818382931264452e-09,0.001412537544622754,1.0
h_zero_limit,0,1.778279410038923e-06,0.001333521432163324,0.001333521432163324,749.8942093324558,2.3713737056616553e-09,0.001333521432163324,1.0
h_zero_limit,0,1.584893192461111e-06,0.0012589254117941662,0.0012589254117941662,794.3282347242822,1.995262314968875e-09,0.0012589254117941662,1.0
h_zero_limit,0,1.4125375446227527e-06,0.0011885022274370177,0.0011885022274370177,841.3951416451956,1.6788040181225574e-09,0.0011885022274370177,1.0
h_zero_limit,0,1.2589254117941661e-06,0.001122018454301963,0.001122018454301963,891.2509381337459,1.4125375446227524e-09,0.001122018454301963,1.0
h_zero_limit,0,1.122018454301963e-06,0.0010592537251772887,0.0010592537251772887,944.0608762859235,1.1885022274370179e-09,0.0010592537251772887,1.0
h_zero_limit,0,1e-06,0.001,0.001,1000.0,9.999999999999999e-10,0.001,1.0
h_zero_limit,0,8.912509381337441e-07,0.0009440608762859227,0.0009440608762859227,1059.2537251772897,8.413951416451931e-10,0.0009440608762859227,1.0
h_zero_limit,0,7.943282347242805e-07,0.000891250938133745,0.000891250938133745,1122.018454301964,7.079457843841366e-10,0.000891250938133745,1.0
h_zero_limit,0,7.079457843841374e-07,0.0008413951416451948,0.0008413951416451948,1188.502227437019,5.956621435290098e-10,0.0008413951416451948,1.0
h_zero_limit,0,6.30957344480193e-07,0.0007943282347242813,0.0007943282347242813,1258.9254117941675,5.011872336272719e-10,0.0007943282347242813,1.0
h_zero_limit,0,5.62341325190349e-07,0.0007498942093324557,0.0007498942093324557,1333.521432163324,4.216965034285822e-10,0.0007498942093324557,1.0
h_zero_limit,0,5.011872336272714e-07,0.0007079457843841374,0.0007079457843841374,1412.5375446227556,3.5481338923357456e-10,0.0007079457843841374,1.0
h_zero_limit,0,4.466835921509626e-07,0.0006683439175686143,0.0006683439175686143,1496.2356560944343,2.9853826189179545e-10,0.0006683439175686143,1.0
h_zero_limit,0,3.981071705534969e-07,0.000630957344480193,0.000630957344480193,1584.893192461114,2.511886431509577e-10,0.000630957344480193,1.0
h_zero_limit,0,3.548133892335753e-07,0.0005956621435290103,0.0005956621435290103,1678.8040181225606,2.1134890398366454e-10,0.0005956621435290103,1.0
h_zero_limit,0,3.162277660168379e-07,0.0005623413251903491,0.0005623413251903491,1778.2794100389228,1.7782794100389226e-10,0.0005623413251903491,1.0
h_zero_limit,0,2.818382931264449e-07,0.000530884444230988,0.000530884444230988,1883.649089489802,1.4962356560944298e-10,0.000530884444230988,1.0
h_zero_limit,0,2.511886431509577e-07,0.000501187233627272,0.000501187233627272,1995.262314968881,1.2589254117941649e-10,0.000501187233627272,1.0
h_zero_limit,0,2.2387211385683377e-07,0.0004731512589614803,0.0004731512589614803,2113.489039836648,1.0592537251772876e-10,0.0004731512589614803,1.0
h_zero_limit,0,1.9952623149688787e-07,0.000446683592150963,0.000446683592150963,2238.72113856834,8.912509381337449e-11,0.000446683592150963,1.0
h_zero_limit,0,1.7782794100389227e-07,0.00042169650342858224,0.00042169650342858224,2371.3737056616555,7.498942093324558e-11,0.00042169650342858224,1.0
h_zero_limit,0,1.584893192461111e-07,0.0003981071705534969,0.0003981071705534969,2511.886431509582,6.309573444801917e-11,0.0003981071705534969,1.0
h_zero_limit,0,1.4125375446227526e-07,0.00037583740428844394,0.00037583740428844394,2660.7250597988113,5.3088444423098736e-11,0.00037583740428844394,1.0
h_zero_limit,0,1.2589254117941662e-07,0.0003548133892335753,0.0003548133892335753,2818.382931264455,4.4668359215096255e-11,0.0003548133892335753,1.0
h_zero_limit,0,1.122018454301963e-07,0.0003349654391578276,0.0003349654391578276,2985.3826189179604,3.75837404288444e-11,0.0003349654391578276,1.0
h_zero_limit,0,1e-07,0.00031622776601683794,0.00031622776601683794,3162.2776601683795,3.1622776601683794e-11,0.00031622776601683794,1.0
h_zero_limit,0,8.91250938133744e-08,0.00029853826189179573,0.00029853826189179573,3349.6543915782795,2.660725059798803e-11,0.00029853826189179573,1.0
h_zero_limit,0,7.943282347242805e-08,0.0002818382931264452,0.0002818382931264452,3548.133892335757,2.2387211385683354e-11,0.0002818382931264452,1.0
h_zero_limit,0,7.079457843841373e-08,0.00026607250597988083,0.00026607250597988083,3758.3740428844435,1.8836490894897982e-11,0.00026607250597988083,1.0
h_zero_limit,0,6.30957344480193e-08,0.00025118864315095795,0.00025118864315095795,3981.0717055349733,1.5848931924611124e-11,0.00025118864315095795,1.0
h_zero_limit,0,5.6234132519034905e-08,0.0002371373705661655,0.0002371373705661655,4216.965034285822,1.333521432163324e-11,0.0002371373705661655,1.0
h_zero_limit,0,5.0118723362727144e-08,0.00022387211385683378,0.00022387211385683378,4466.835921509635,1.1220184543019606e-11,0.00022387211385683378,1.0
h_zero_limit,0,4.466835921509626e-08,0.00021134890398366455,0.00021134890398366455,4731.512589614807,9.440608762859217e-12,0.00021134890398366455,1.0
h_zero_limit,0,3.981071705534969e-08,0.00019952623149688788,0.00019952623149688788,5011.872336272725,7.943282347242804e-12,0.00019952623149688788,1.0
h_zero_limit,0,3.548133892335753e-08,0.00018836490894898002,0.00018836490894898002,5308.8444423098845,6.683439175686142e-12,0.00018836490894898002,1.0
h_zero_limit,0,3.162277660168379e-08,0.00017782794100389227,0.00017782794100389227,5623.413251903491,5.6234132519034904e-12,0.00017782794100389227,1.0
h_zero_limit,0,2.818382931264449e-08,0.00016788040181225588,0.00016788040181225588,5956.62143529011,4.731512589614793e-12,0.00016788040181225588,1.0
h_zero_limit,0,2.511886431509577e-08,0.00015848931924611126,0.00015848931924611126,6309.573444801937,3.9810717055349655e-12,0.00015848931924611126,1.0
h_zero_limit,0,2.2387211385683378e-08,0.00014962356560944327,0.00014962356560944327,6683.439175686149,3.3496543915782727e-12,0.00014962356560944327,1.0
h_zero_limit,0,1.9952623149688786e-08,0.0001412537544622754,0.0001412537544622754,7079.457843841381,2.8183829312644517e-12,0.0001412537544622754,1.0
h_zero_limit,0,1.7782794100389228e-08,0.0001333521432163324,0.0001333521432163324,7498.942093324558,2.3713737056616554e-12,0.0001333521432163324,1.0
h_zero_limit,0,1.584893192461111e-08,0.0001258925411794166,0.0001258925411794166,7943.282347242822,1.9952623149688747e-12,0.0001258925411794166,1.0
h_zero_limit,0,1.4125375446227526e-08,0.00011885022274370177,0.00011885022274370177,8413.951416451957,1.6788040181225572e-12,0.00011885022274370177,1.0
h_zero_limit,0,1.2589254117941661e-08,0.00011220184543019629,0.00011220184543019629,8912.509381337459,1.4125375446227524e-12,0.00011220184543019629,1.0
h_zero_limit,0,1.122018454301963e-08,0.00010592537251772886,0.00010592537251772886,9440.608762859236,1.1885022274370178e-12,0.00010592537251772886,1.0
h_zero_limit,0,1e-08,0.0001,0.0001,10000.0,1e-12,0.0001,1.0
h_zero_limit,0,8.912509381337441e-09,9.440608762859227e-05,9.440608762859227e-05,10592.537251772897,8.413951416451931e-13,9.440608762859227e-05,1.0
h_zero_limit,0,7.943282347242822e-09,8.912509381337459e-05,8.912509381337459e-05,11220.18454301963,7.079457843841388e-13,8.912509381337459e-05,1.0
h_zero_limit,0,7.0794578438413736e-09,8.413951416451947e-05,8.413951416451947e-05,11885.022274370189,5.956621435290097e-13,8.413951416451947e-05,1.0
h_zero_limit,0,6.309573444801917e-09,7.943282347242806e-05,7.943282347242806e-05,12589.254117941688,5.011872336272705e-13,7.943282347242806e-05,1.0
h_zero_limit,0,5.623413251903491e-09,7.498942093324559e-05,7.498942093324559e-05,13335.21432163324,4.2169650342858226e-13,7.498942093324559e-05,1.0
h_zero_limit,0,5.011872336272715e-09,7.079457843841373e-05,7.079457843841373e-05,14125.375446227554,3.548133892335746e-13,7.079457843841373e-05,1.0
h_zero_limit,0,4.466835921509635e-09,6.683439175686149e-05,6.683439175686149e-05,14962.356560944327,2.9853826189179634e-13,6.683439175686149e-05,1.0
h_zero_limit,0,3.981071705534969e-09,6.309573444801929e-05,6.309573444801929e-05,15848.931924611143,2.511886431509577e-13,6.309573444801929e-05,1.0
h_zero_limit,0,3.548133892335746e-09,5.9566214352900974e-05,5.9566214352900974e-05,16788.040181225624,2.113489039836639e-13,5.9566214352900974e-05,1.0
h_zero_limit,0,3.1622776601683795e-09,5.623413251903491e-05,5.623413251903491e-05,17782.794100389227,1.778279410038923e-13,5.623413251903491e-05,1.0
h_zero_limit,0,2.8183829312644493e-09,5.308844442309879e-05,5.308844442309879e-05,18836.49089489802,1.49623565609443e-13,5.308844442309879e-05,1.0
h_zero_limit,0,2.511886431509582e-09,5.0118723362727245e-05,5.0118723362727245e-05,19952.62314968879,1.2589254117941686e-13,5.0118723362727245e-05,1.0
h_zero_limit,0,2.2387211385683377e-09,4.731512589614803e-05,4.731512589614803e-05,21134.89039836648,1.0592537251772875e-13,4.731512589614803e-05,1.0
h_zero_limit,0,1.9952623149688745e-09,4.466835921509625e-05,4.466835921509625e-05,22387.211385683426,8.912509381337421e-14,4.466835921509625e-05,1.0
h_zero_limit,0,1.7782794100389228e-09,4.216965034285822e-05,4.216965034285822e-05,23713.737056616552,7.498942093324558e-14,4.216965034285822e-05,1.0
h_zero_limit,0,1.584893192461111e-09,3.9810717055349695e-05,3.9810717055349695e-05,25118.86431509582,6.309573444801918e-14,3.9810717055349695e-05,1.0
h_zero_limit,0,1.4125375446227555e-09,3.758374042884443e-05,3.758374042884443e-05,26607.250597988084,5.30884444230989e-14,3.758374042884443e-05,1.0
h_zero_limit,0,1.2589254117941663e-09,3.5481338923357534e-05,3.5481338923357534e-05,28183.82931264455,4.466835921509626e-14,3.5481338923357534e-05,1.0
h_zero_limit,0,1.1220184543019608e-09,3.3496543915782727e-05,3.3496543915782727e-05,29853.826189179632,3.758374042884428e-14,3.3496543915782727e-05,1.0
h_zero_limit,0,1e-09,3.1622776601683795e-05,3.1622776601683795e-05,31622.776601683792,3.1622776601683796e-14,3.1622776601683795e-05,1.0
h_zero_limit,0,8.912509381337441e-10,2.9853826189179574e-05,2.9853826189179574e-05,33496.54391578279,2.6607250597988032e-14,2.9853826189179574e-05,1.0
h_zero_limit,0,7.943282347242822e-10,2.818382931264455e-05,2.818382931264455e-05,35481.33892335753,2.2387211385683424e-14,2.818382931264455e-05,1.0
h_zero_limit,0,7.079457843841373e-10,2.6607250597988085e-05,2.6607250597988085e-05,37583.74042884443,1.883649089489798e-14,2.6607250597988085e-05,1.0
h_zero_limit,0,6.309573444801917e-10,2.511886431509577e-05,2.511886431509577e-05,39810.71705534978,1.5848931924611075e-14,2.511886431509577e-05,1.0
h_zero_limit,0,5.623413251903491e-10,2.3713737056616554e-05,2.3713737056616554e-05,42169.65034285822,1.333521432163324e-14,2.3713737056616554e-05,1.0
h_zero_limit,0,5.011872336272714e-10,2.2387211385683376e-05,2.2387211385683376e-05,44668.35921509635,1.1220184543019605e-14,2.2387211385683376e-05,1.0
h_zero_limit,0,4.4668359215096347e-10,2.1134890398366476e-05,2.1134890398366476e-05,47315.12589614803,9.440608762859245e-15,2.1134890398366476e-05,1.0
h_zero_limit,0,3.9810717055349694e-10,1.995262314968879e-05,1.995262314968879e-05,50118.72336272725,7.943282347242806e-15,1.995262314968879e-05,1.0
h_zero_limit,0,3.548133892335746e-10,1.8836490894897984e-05,1.8836490894897984e-05,53088.444423098896,6.683439175686122e-15,1.8836490894897984e-05,1.0
h_zero_limit,0,3.1622776601683795e-10,1.778279410038923e-05,1.778279410038923e-05,56234.13251903491,5.623413251903491e-15,1.778279410038923e-05,1.0
h_zero_limit,0,2.8183829312644494e-10,1.678804018122559e-05,1.678804018122559e-05,59566.214352901094,4.7315125896147935e-15,1.678804018122559e-05,1.0
h_zero_limit,0,2.5118864315095717e-10,1.5848931924611107e-05,1.5848931924611107e-05,63095.73444801943,3.981071705534952e-15,1.5848931924611107e-05,1.0
h_zero_limit,0,2.2387211385683377e-10,1.4962356560944327e-05,1.4962356560944327e-05,66834.39175686149,3.3496543915782723e-15,1.4962356560944327e-05,1.0
h_zero_limit,0,1.9952623149688748e-10,1.4125375446227526e-05,1.4125375446227526e-05,70794.57843841388,2.8183829312644436e-15,1.4125375446227526e-05,1.0
h_zero_limit,0,1.778279410038923e-10,1.333521432163324e-05,1.333521432163324e-05,74989.42093324558,2.3713737056616553e-15,1.333521432163324e-05,1.0
h_zero_limit,0,1.584893192461111e-10,1.2589254117941661e-05,1.2589254117941661e-05,79432.82347242821,1.9952623149688747e-15,1.2589254117941661e-05,1.0
h_zero_limit,0,1.4125375446227496e-10,1.1885022274370164e-05,1.1885022274370164e-05,84139.51416451964,1.678804018122552e-15,1.1885022274370164e-05,1.0
h_zero_limit,0,1.2589254117941662e-10,1.122018454301963e-05,1.122018454301963e-05,89125.0938133746,1.4125375446227526e-15,1.122018454301963e-05,1.0
h_zero_limit,0,1.1220184543019607e-10,1.0592537251772876e-05,1.0592537251772876e-05,94406.08762859245,1.188502227437014e-15,1.0592537251772876e-05,1.0
h_zero_limit,0,1e-10,1e-05,1e-05,100000.0,1e-15,1e-05,1.0
h_zero_limit,0,8.912509381337441e-11,9.440608762859227e-06,9.440608762859227e-06,105925.37251772897,8.413951416451931e-16,9.440608762859227e-06,1.0
h_zero_limit,0,7.94328234724279e-11,8.91250938133744e-06,8.91250938133744e-06,112201.84543019652,7.079457843841345e-16,8.91250938133744e-06,1.0
h_zero_limit,0,7.079457843841374e-11,8.413951416451948e-06,8.413951416451948e-06,118850.22274370189,5.956621435290098e-16,8.413951416451948e-06,1.0
h_zero_limit,0,6.309573444801917e-11,7.943282347242805e-06,7.943282347242805e-06,125892.54117941688,5.011872336272704e-16,7.943282347242805e-06,1.0
h_zero_limit,0,5.6234132519034906e-11,7.498942093324558e-06,7.498942093324558e-06,133352.1432163324,4.2169650342858224e-16,7.498942093324558e-06,1.0
h_zero_limit,0,5.011872336272715e-11,7.079457843841373e-06,7.079457843841373e-06,141253.75446227554,3.548133892335746e-16,7.079457843841373e-06,1.0
h_zero_limit,0,4.4668359215096165e-11,6.683439175686135e-06,6.683439175686135e-06,149623.56560944358,2.985382618917945e-16,6.683439175686135e-06,1.0
h_zero_limit,0,3.9810717055349695e-11,6.3095734448019305e-06,6.3095734448019305e-06,158489.3192461114,2.511886431509577e-16,6.3095734448019305e-06,1.0
h_zero_limit,0,3.548133892335746e-11,5.9566214352900976e-06,5.9566214352900976e-06,167880.40181225623,2.113489039836639e-16,5.9566214352900976e-06,1.0
h_zero_limit,0,3.1622776601683794e-11,5.623413251903491e-06,5.623413251903491e-06,177827.94100389228,1.7782794100389228e-16,5.623413251903491e-06,1.0
h_zero_limit,0,2.8183829312644493e-11,5.308844442309879e-06,5.308844442309879e-06,188364.9089489802,1.4962356560944298e-16,5.308844442309879e-06,1.0
h_zero_limit,0,2.511886431509572e-11,5.011872336272715e-06,5.011872336272715e-06,199526.23149688827,1.258925411794161e-16,5.011872336272715e-06,1.0
h_zero_limit,0,2.2387211385683377e-11,4.731512589614803e-06,4.731512589614803e-06,211348.90398366476,1.0592537251772875e-16,4.731512589614803e-06,1.0
h_zero_limit,0,1.9952623149688748e-11,4.466835921509625e-06,4.466835921509625e-06,223872.11385683424,8.912509381337423e-17,4.466835921509625e-06,1.0
h_zero_limit,0,1.7782794100389227e-11,4.216965034285822e-06,4.216965034285822e-06,237137.37056616554,7.498942093324558e-17,4.216965034285822e-06,1.0
h_zero_limit,0,1.5848931924611107e-11,3.981071705534969e-06,3.981071705534969e-06,251188.64315095823,6.309573444801916e-17,3.981071705534969e-06,1.0
h_zero_limit,0,1.4125375446227497e-11,3.7583740428844358e-06,3.7583740428844358e-06,266072.5059798814,5.3088444423098575e-17,3.7583740428844358e-06,1.0
h_zero_limit,0,1.2589254117941662e-11,3.548133892335753e-06,3.548133892335753e-06,281838.2931264455,4.4668359215096255e-17,3.548133892335753e-06,1.0
h_zero_limit,0,1.1220184543019606e-11,3.3496543915782725e-06,3.3496543915782725e-06,298538.2618917963,3.758374042884428e-17,3.3496543915782725e-06,1.0
h_zero_limit,0,1e-11,3.162277660168379e-06,3.162277660168379e-06,316227.76601683797,3.162277660168379e-17,3.162277660168379e-06,1.0
h_zero_limit,0,8.912509381337441e-12,2.9853826189179572e-06,2.9853826189179572e-06,334965.43915782793,2.6607250597988033e-17,2.9853826189179572e-06,1.0
h_zero_limit,0,7.943282347242789e-12,2.818382931264449e-06,2.818382931264449e-06,354813.389233576,2.2387211385683285e-17,2.818382931264449e-06,1.0
h_zero_limit,0,7.079457843841373e-12,2.6607250597988086e-06,2.6607250597988086e-06,375837.4042884443,1.883649089489798e-17,2.6607250597988086e-06,1.0
h_zero_limit,0,6.309573444801917e-12,2.511886431509577e-06,2.511886431509577e-06,398107.17055349774,1.5848931924611076e-17,2.511886431509577e-06,1.0
h_zero_limit,0,5.6234132519034904e-12,2.3713737056616552e-06,2.3713737056616552e-06,421696.5034285823,1.333521432163324e-17,2.3713737056616552e-06,1.0
h_zero_limit,0,5.011872336272715e-12,2.2387211385683376e-06,2.2387211385683376e-06,446683.5921509635,1.1220184543019607e-17,2.2387211385683376e-06,1.0
h_zero_limit,0,4.466835921509617e-12,2.1134890398366436e-06,2.1134890398366436e-06,473151.2589614812,9.440608762859188e-18,2.1134890398366436e-06,1.0
h_zero_limit,0,3.9810717055349695e-12,1.9952623149688787e-06,1.9952623149688787e-06,501187.2336272725,7.943282347242806e-18,1.9952623149688787e-06,1.0
h_zero_limit,0,3.548133892335746e-12,1.8836490894897982e-06,1.8836490894897982e-06,530884.444230989,6.683439175686122e-18,1.8836490894897982e-06,1.0
h_zero_limit,0,3.1622776601683794e-12,1.778279410038923e-06,1.778279410038923e-06,562341.3251903491,5.623413251903491e-18,1.778279410038923e-06,1.0
h_zero_limit,0,2.8183829312644492e-12,1.678804018122559e-06,1.678804018122559e-06,595662.1435290109,4.731512589614794e-18,1.678804018122559e-06,1.0
h_zero_limit,0,2.511886431509572e-12,1.584893192461111e-06,1.584893192461111e-06,630957.3444801943,3.981071705534953e-18,1.584893192461111e-06,1.0
h_zero_limit,0,2.238721138568338e-12,1.4962356560944329e-06,1.4962356560944329e-06,668343.9175686148,3.349654391578273e-18,1.4962356560944329e-06,1.0
h_zero_limit,0,1.9952623149688747e-12,1.4125375446227527e-06,1.4125375446227527e-06,707945.7843841388,2.8183829312644433e-18,1.4125375446227527e-06,1.0
h_zero_limit,0,1.7782794100389228e-12,1.333521432163324e-06,1.333521432163324e-06,749894.2093324558,2.3713737056616553e-18,1.333521432163324e-06,1.0
h_zero_limit,0,1.584893192461111e-12,1.2589254117941661e-06,1.2589254117941661e-06,794328.2347242822,1.9952623149688747e-18,1.2589254117941661e-06,1.0
h_zero_limit,0,1.4125375446227496e-12,1.1885022274370166e-06,1.1885022274370166e-06,841395.1416451965,1.6788040181225519e-18,1.1885022274370166e-06,1.0
h_zero_limit,0,1.258925411794166e-12,1.1220184543019628e-06,1.1220184543019628e-06,891250.9381337459,1.4125375446227524e-18,1.1220184543019628e-06,1.0
h_zero_limit,0,1.1220184543019606e-12,1.0592537251772875e-06,1.0592537251772875e-06,944060.8762859246,1.188502227437014e-18,1.0592537251772875e-06,1.0
h_zero_limit,0,1e-12,1e-06,1e-06,1000000.0,9.999999999999999e-19,1e-06,1.0
necessary_ceiling_endpoint,4.539992976248485e-05,1.0,1.0,1.0,1.0,1.0,1.0,1.0
necessary_ceiling_endpoint,4.539992976248485e-05,0.8912509381337456,0.9440608762859234,0.9440658107729216,1.0592592617627634,0.8413995395113616,0.9440756798242942,0.9999947731535853
necessary_ceiling_endpoint,4.539992976248485e-05,0.7943282347242815,0.8912509381337456,0.8912602550703339,1.1220301836301947,0.7079531850899312,0.8912788892357032,0.9999895463344906
necessary_ceiling_endpoint,4.539992976248485e-05,0.7079457843841379,0.8413951416451951,0.8414083353126558,1.1885208639876579,0.5956714839302698,0.8414347232682382,0.9999843195427155
necessary_ceiling_endpoint,4.539992976248485e-05,0.6309573444801932,0.7943282347242815,0.7943448422680367,1.2589517329772082,0.5011977122789784,0.7943780583972289,0.9999790927782601
necessary_ceiling_endpoint,4.539992976248485e-05,0.5623413251903491,0.7498942093324559,0.7499138075490626,1.3335562832683894,0.42170752431568026,0.7499530055188667,0.9999738660411244
necessary_ceiling_endpoint,4.539992976248485e-05,0.5011872336272722,0.7079457843841379,0.7079679867336145,1.4125818441339688,0.3548245167676896,0.7080123935214967,0.9999686393313079
necessary_ceiling_endpoint,4.539992976248485e-05,0.4466835921509631,0.6683439175686146,0.6683683713969428,1.4962904013968308,0.29854918501567546,0.6684172817378327,0.9999634126488105
necessary_ceiling_endpoint,4.539992976248485e-05,0.3981071705534972,0.6309573444801932,0.630983728437832,1.584959465966316,0.25119914679368155,0.6310364996629511,0.9999581859936323
necessary_ceiling_endpoint,4.539992976248485e-05,0.35481338923357547,0.5956621435290105,0.595690165172183,1.6788829938433836,0.2113588464378506,0.5957462124132435,0.999952959365773
necessary_ceiling_endpoint,4.539992976248485e-05,0.31622776601683794,0.5623413251903491,0.5623707187527325,1.7783723606446007,0.17783723606446009,0.5624295104867812,0.9999477327652325
necessary_ceiling_endpoint,4.539992976248485e-05,0.28183829312644537,0.5308844442309884,0.5309149685542491,1.8837573938757026,0.14963216853261,0.530976022466053,0.9999425061920106
necessary_ceiling_endpoint,4.539992976248485e-05,0.25118864315095796,0.5011872336272722,0.5012186702396474,1.9953874663769242,0.12590043769942444,0.5012815493800387,0.9999372796461072
necessary_ceiling_endpoint,4.539992976248485e-05,0.22387211385683395,0.47315125896148047,0.4731834102943184,2.1136326545650914,0.10593257030457462,0.4732477195143355,0.9999320531275222
necessary_ceiling_endpoint,4.539992976248485e-05,0.19952623149688792,0.4466835921509631,0.4467162798838017,2.2388849653122893,0.08913161587352399,0.44678166252579316,0.9999268266362553
necessary_ceiling_endpoint,4.539992976248485e-05,0.1778279410038923,0.4216965034285823,0.4217295669539647,2.3715596355284454,0.07499530055188668,0.4217957017820666,0.9999216001723066
necessary_ceiling_endpoint,4.539992976248485e-05,0.15848931924611134,0.39810717055349726,0.3981404655533078,2.5120965087562297,0.0631010113498736,0.3982070639068697,0.9999163737356758
necessary_ceiling_endpoint,4.539992976248485e-05,0.1412537544622754,0.37583740428844414,0.37587080141409196,2.660961493341939,0.05309316189248482,0.37593760456871417,0.9999111473263627
necessary_ceiling_endpoint,4.539992976248485e-05,0.12589254117941673,0.35481338923357547,0.3548467728828626,2.818648107016523,0.04467256196753892,0.35491354960472554,0.9999059209443673
necessary_ceiling_endpoint,4.539992976248485e-05,0.11220184543019633,0.3349654391578276,0.33499870634181445,2.985679113007333,0.037587473068279996,0.3350652506219346,0.9999006945896893
necessary_ceiling_endpoint,4.539992976248485e-05,0.1,0.31622776601683794,0.316260825310465,3.1626082531046498,0.0316260825310465,0.3163269542664004,0.9998954682623288
necessary_ceiling_endpoint,4.539992976248485e-05,0.08912509381337455,0.29853826189179594,0.29857103246243744,3.3500220834284544,0.026610171278170835,0.2986365843958004,0.9998902419622854
necessary_ceiling_endpoint,4.539992976248485e-05,0.07943282347242814,0.28183829312644537,0.2818707038349593,3.5485419189813796,0.022389785859771395,0.2819355364338704,0.9998850156895591
necessary_ceiling_endpoint,4.539992976248485e-05,0.07079457843841377,0.2660725059798809,0.2661044945490849,3.758825893434436,0.018838755512169642,0.26616848322543324,0.9998797894441498
necessary_ceiling_endpoint,4.539992976248485e-05,0.0630957344480193,0.25118864315095796,0.25122015539680037,3.981571140974121,0.01585092021290666,0.2512831917488521,0.9998745632260572
necessary_ceiling_endpoint,4.539992976248485e-05,0.05623413251903491,0.23713737056616555,0.23716835968717975,4.21751610744417,0.013336956967971002,0.2372303500787161,0.9998693370352812
necessary_ceiling_endpoint,4.539992976248485e-05,0.05011872336272722,0.22387211385683395,0.22390253977776123,4.467442998443876,0.011221709451333642,0.22396340402551915,0.9998641108718218
necessary_ceiling_endpoint,4.539992976248485e-05,0.0446683592150963,0.21134890398366465,0.2113787327494085,4.7321803724988865,0.009441941164882419,0.21143840291115504,0.9998588847356787
necessary_ceiling_endpoint,4.539992976248485e-05,0.03981071705534971,0.19952623149688792,0.19955543471322304,5.01260588790141,0.007944444948225436,0.19961385396931172,0.9998536586268518
necessary_ceiling_endpoint,4.539992976248485e-05,0.03548133892335753,0.18836490894898,0.18839346326668174,5.309649212326129,0.006684452321110242,0.18845058488842534,0.9998484325453411
necessary_ceiling_endpoint,4.539992976248485e-05,0.03162277660168379,0.17782794100389226,0.17785582764317856,5.624295104867813,0.005624295104867812,0.17791161404182604,0.9998432064911461
necessary_ceiling_endpoint,4.539992976248485e-05,0.028183829312644536,0.16788040181225602,0.1679076061246464,5.957586680718204,0.004732279311311782,0.16796202797517434,0.999837980464267
necessary_ceiling_endpoint,4.539992976248485e-05,0.025118864315095794,0.15848931924611132,0.15851583031100466,6.310628869305238,0.003981737633376875,0.15856886574532983,0.9998327544647035
necessary_ceiling_endpoint,4.539992976248485e-05,0.02238721138568339,0.14962356560944332,0.14964937586290147,6.684592077359049,0.0033502322111783607,0.14970100972748948,0.9998275284924556
necessary_ceiling_endpoint,4.539992976248485e-05,0.01995262314968879,0.1412537544622754,0.14127885935567178,7.080716069048564,0.002818883839741603,0.1413290825288629,0.999822302547523
necessary_ceiling_endpoint,4.539992976248485e-05,0.01778279410038923,0.1333521432163324,0.13337654090268586,7.500314076052116,0.002371807564694605,0.13342534966738004,0.9998170766299056
necessary_ceiling_endpoint,4.539992976248485e-05,0.015848931924611134,0.12589254117941673,0.12591623222538187,7.944777151187829,0.001995637792743604,0.12596362769302596,0.9998118507396032
necessary_ceiling_endpoint,4.539992976248485e-05,0.01412537544622754,0.11885022274370183,0.11887320986532661,8.41557878003689,0.0016791287198459378,0.11891919744742777,0.9998066248766159
necessary_ceiling_endpoint,4.539992976248485e-05,0.012589254117941668,0.11220184543019633,0.11222413325068924,8.914279765848255,0.001412818131658674,0.11226872217433982,0.9998013990409432
necessary_ceiling_endpoint,4.539992976248485e-05,0.01122018454301963,0.10592537251772886,0.10594696734560033,9.442533403919162,0.0011887445253909103,0.10599017020974467,0.9997961732325852
necessary_ceiling_endpoint,4.539992976248485e-05,0.01,0.1,0.10002090962605645,10.002090962605644,0.0010002090962605644,0.10006274199545738,0.9997909474515417
necessary_ceiling_endpoint,4.539992976248485e-05,0.00891250938133745,0.09440608762859232,0.09442632114036807,10.594807489133666,0.0008415754730087133,0.09446680117444435,0.9997857216978127
necessary_ceiling_endpoint,4.539992976248485e-05,0.007943282347242814,0.08912509381337455,0.08914466142568588,11.222647959458323,0.0007081012154535881,0.08918380953959,0.9997804959713977
necessary_ceiling_endpoint,4.539992976248485e-05,0.00707945784384138,0.08413951416451952,0.08415842706491775,11.887693792559205,0.0005957960366100846,0.08419626562040881,0.9997752702722968
necessary_ceiling_endpoint,4.539992976248485e-05,0.00630957344480193,0.07943282347242814,0.07945109368041534,12.592149750768051,0.0005013025108464191,0.07948764670425428,0.9997700446005099
necessary_ceiling_endpoint,4.539992976248485e-05,0.005623413251903491,0.07498942093324558,0.07500706117219667,13.33835124900473,0.0004217957017820666,0.07504235409995218,0.9997648189560367
necessary_ceiling_endpoint,4.539992976248485e-05,0.005011872336272719,0.07079457843841376,0.07081160201922396,14.128772097153188,0.00035489870924730203,0.07084566146252774,0.9997595933388773
necessary_ceiling_endpoint,4.539992976248485e-05,0.0044668359215096305,0.06683439175686146,0.06685081247240814,14.966032701244814,0.0002986116105338567,0.06688366600783768,0.9997543677490313
necessary_ceiling_endpoint,4.539992976248485e-05,0.003981071705534969,0.0630957344480193,0.06311156647759252,15.852908750637964,0.0002512516715959328,0.06314324245549038,0.9997491421864987
necessary_ceiling_endpoint,4.539992976248485e-05,0.0035481338923357532,0.059566214352901034,0.05958147217581754,16.79234041999322,0.00021140304078227785,0.059611999547477326,0.9997439166512793
necessary_ceiling_endpoint,4.539992976248485e-05,0.0031622776601683794,0.05623413251903491,0.05624883083670747,17.787442116551027,0.00017787442116551027,0.05627823899847018,0.9997386911433729
necessary_ceiling_endpoint,4.539992976248485e-05,0.002818382931264452,0.05308844442309882,0.053102598088885136,18.841512805025733,0.0001496634560595102,0.05313091674179483,0.9997334656627794
necessary_ceiling_endpoint,4.539992976248485e-05,0.0025118864315095794,0.05011872336272722,0.05013234731893195,19.95804694434521,0.0001259267630101508,0.050159606342697935,0.9997282402094988
necessary_ceiling_endpoint,4.539992976248485e-05,0.0022387211385683377,0.04731512589614803,0.047328235117597185,21.140746072493688,0.00010595472040889715,0.047354464457701514,0.9997230147835308
necessary_ceiling_endpoint,4.539992976248485e-05,0.001995262314968879,0.04466835921509631,0.04468096865874586,22.3935310778637,8.915025296110119e-05,0.04470619822561994,0.9997177893848752
necessary_ceiling_endpoint,4.539992976248485e-05,0.0017782794100389228,0.042169650342858224,0.04218177490293842,23.7205551977994,7.501098178879196e-05,0.04220603448221181,0.9997125640135321
necessary_ceiling_endpoint,4.539992976248485e-05,0.0015848931924611126,0.03981071705534971,0.03982237152358343,25.12621778742388,6.311420553538463e-05,0.0398456906964817,0.9997073386695011
necessary_ceiling_endpoint,4.539992976248485e-05,0.001412537544622754,0.03758374042884441,0.037594939459312304,26.61517890439703,5.310426347409808e-05,0.03761734753234952,0.9997021133527823
necessary_ceiling_endpoint,4.539992976248485e-05,0.0012589254117941662,0.03548133892335753,0.03549209700161456,28.192374757955484,4.4681902833196104e-05,0.0355136229447896,0.9996968880633753
necessary_ceiling_endpoint,4.539992976248485e-05,0.001122018454301963,0.03349654391578276,0.03350687533186044,29.863034073451086,3.7595332468342626e-05,0.0335275477246259,0.9996916628012802
necessary_ceiling_endpoint,4.539992976248485e-05,0.001,0.03162277660168379,0.03163269542664004,31.63269542664004,3.163269542664004e-05,0.03165254241096767,0.9996864375664967
necessary_ceiling_endpoint,4.539992976248485e-05,0.000891250938133745,0.029853826189179585,0.02986334625488381,33.507225605189085,2.6615735365478056e-05,0.029882395494801595,0.9996812123590246
necessary_ceiling_endpoint,4.539992976248485e-05,0.0007943282347242813,0.028183829312644536,0.028192964194509385,35.492839058270945,2.239446748026951e-05,0.028211242841533247,0.999675987178864
necessary_ceiling_endpoint,4.539992976248485e-05,0.0007079457843841374,0.026607250597988085,0.026616013600381447,37.59611849872867,1.884269462550091e-05,0.026633548264308745,0.9996707620260146
necessary_ceiling_endpoint,4.539992976248485e-05,0.000630957344480193,0.025118864315095794,0.025127268459187224,39.8240367261087,1.585423458104968e-05,0.025144085183760434,0.9996655369004762
necessary_ceiling_endpoint,4.539992976248485e-05,0.0005623413251903491,0.023713737056616554,0.023721795070431453,42.18397974291107,1.3339745675800314e-05,0.0237379193134186,0.9996603118022488
necessary_ceiling_endpoint,4.539992976248485e-05,0.000501187233627272,0.02238721138568339,0.02239493569615596,44.683771240691364,1.1224055868817049e-05,0.022410392313429898,0.9996550867313321
necessary_ceiling_endpoint,4.539992976248485e-05,0.00044668359215096305,0.021134890398366465,0.021142293125198924,47.331698537190924,9.443915439472466e-06,0.02115710635843047,0.9996498616877261
necessary_ceiling_endpoint,4.539992976248485e-05,0.0003981071705534969,0.01995262314968879,0.019959716100839683,50.136540050482544,7.946106101956363e-06,0.01997390956845014,0.9996446366714306
necessary_ceiling_endpoint,4.539992976248485e-05,0.0003548133892335753,0.018836490894898,0.01884328556353656,53.107594401213355,6.685850015094508e-06,0.018856882254583544,0.9996394116824454
necessary_ceiling_endpoint,4.539992976248485e-05,0.00031622776601683794,0.01778279410038923,0.017789301663165835,56.25471123942551,5.625471123942551e-06,0.01780232393386263,0.9996341867207705
necessary_ceiling_endpoint,4.539992976248485e-05,0.00028183829312644523,0.016788040181225598,0.016794271497720732,59.588323898151316,4.733268813219721e-06,0.01680674107031366,0.9996289617864056
necessary_ceiling_endpoint,4.539992976248485e-05,0.00025118864315095795,0.015848931924611134,0.015854897537836296,63.11948398203619,3.982570199826563e-06,0.015866835501587257,0.9996237368793507
necessary_ceiling_endpoint,4.539992976248485e-05,0.00022387211385683378,0.014962356560944329,0.014968066698779018,66.85989800565825,3.350932732205738e-06,0.014979493512821232,0.9996185119996055
necessary_ceiling_endpoint,4.539992976248485e-05,0.00019952623149688788,0.01412537544622754,0.014130840023685984,70.82196620300721,2.819473257811458e-06,0.01414177552154031,0.99961328714717
necessary_ceiling_endpoint,4.539992976248485e-05,0.00017782794100389227,0.01333521432163324,0.013340442943863563,75.01882363678477,2.3723035007871606e-06,0.013350906339420734,0.999608062322044
necessary_ceiling_endpoint,4.539992976248485e-05,0.00015848931924611126,0.012589254117941668,0.012594256083868454,79.46438374381161,1.9960550731435062e-06,0.012604265978659103,0.9996028375242274
necessary_ceiling_endpoint,4.539992976248485e-05,0.0001412537544622754,0.011885022274370183,0.011889806580899075,84.17338446090281,1.6794798193822642e-06,0.011899380972488818,0.9995976127537199
necessary_ceiling_endpoint,4.539992976248485e-05,0.0001258925411794166,0.011220184543019629,0.0112247598897297,89.16143708412922,1.41311354664686e-06,0.011233916181090648,0.9995923880105215
necessary_ceiling_endpoint,4.539992976248485e-05,0.0001122018454301963,0.010592537251772886,0.010596912046029043,94.44507802344177,1.188993087425936e-06,0.010605667055752294,0.9995871632946322
necessary_ceiling_endpoint,4.539992976248485e-05,0.0001,0.01,0.010004182362423751,100.0418236242375,1.0004182362423752e-06,0.01001255233564947,0.9995819386060515
necessary_ceiling_endpoint,4.539992976248485e-05,8.912509381337459e-05,0.009440608762859235,0.009444606533101743,105.97022823761039,8.417514432931033e-07,0.009452607153054599,0.9995767139447795
necessary_ceiling_endpoint,4.539992976248485e-05,7.943282347242806e-05,0.00891250938133745,0.008916330124103922,112.24994573180281,7.082492767698394e-07,0.008923976524132,0.999571489310816
necessary_ceiling_endpoint,4.539992976248485e-05,7.079457843841373e-05,0.008413951416451947,0.008417602427731196,118.90179464877968,5.95920615333398e-07,0.008424909203755961,0.9995662647041609
necessary_ceiling_endpoint,4.539992976248485e-05,6.309573444801929e-05,0.007943282347242814,0.007946770660700167,125.94782722193405,5.014073313268485e-07,0.007953751883993863,0.999561040124814
necessary_ceiling_endpoint,4.539992976248485e-05,5.623413251903491e-05,0.007498942093324558,0.007502274486820371,133.41140248372992,4.218838976860313e-07,0.007508943717035268,0.9995558155727751
necessary_ceiling_endpoint,4.539992976248485e-05,5.011872336272725e-05,0.00707945784384138,0.0070826408460410795,141.31726370565062,3.5497291724028536e-07,0.007089011144422435,0.9995505910480442
necessary_ceiling_endpoint,4.539992976248485e-05,4.466835921509626e-05,0.006683439175686142,0.006686479072731178,149.69162042718136,2.9867404910498003e-07,0.006692563015452602,0.9995453665506211
necessary_ceiling_endpoint,4.539992976248485e-05,3.9810717055349695e-05,0.00630957344480193,0.006312476287014135,158.5622353457679,2.513042073809241e-07,0.006318285978580345,0.9995401420805056
necessary_ceiling_endpoint,4.539992976248485e-05,3.5481338923357534e-05,0.005956621435290104,0.005959393043884842,167.95851635581164,2.1144724436757737e-07,0.0059649401305525455,0.9995349176376976
necessary_ceiling_endpoint,4.539992976248485e-05,3.1622776601683795e-05,0.005623413251903491,0.0056260592256896546,177.91161404182603,1.7791161404182605e-07,0.00563135490886261,0.999529693222197
necessary_ceiling_endpoint,4.539992976248485e-05,2.818382931264455e-05,0.005308844442309884,0.00531137016435718,188.4545249489663,1.4969475012851558e-07,0.005316425213916345,0.9995244688340036
necessary_ceiling_endpoint,4.539992976248485e-05,2.511886431509577e-05,0.005011872336272719,0.005014282980528964,199.6222009732945,1.2595309382540103e-07,0.005019107748063088,0.9995192444731172
necessary_ceiling_endpoint,4.539992976248485e-05,2.238721138568338e-05,0.004731512589614803,0.004733813127457939,211.4516652344299,1.0597687514472382e-07,0.004738417559364043,0.9995140201395379
necessary_ceiling_endpoint,4.539992976248485e-05,1.9952623149688786e-05,0.0044668359215096305,0.00446903112822108,223.98213481472916,8.916889394562371e-08,0.004473424778647982,0.9995087958332652
necessary_ceiling_endpoint,4.539992976248485e-05,1.778279410038923e-05,0.004216965034285823,0.00421905949543346,237.25515077189772,7.502666630458529e-08,0.004223251539044938,0.9995035715542994
necessary_ceiling_endpoint,4.539992976248485e-05,1.5848931924611107e-05,0.003981071705534969,0.003983069823255579,251.31471585605374,6.312740247975047e-08,0.003987069067792843,0.9994983473026399
necessary_ceiling_endpoint,4.539992976248485e-05,1.4125375446227526e-05,0.0037583740428844396,0.0037602800420569373,266.2074403878021,5.311536737701047e-08,0.003764094940682944,0.9994931230782867
necessary_ceiling_endpoint,4.539992976248485e-05,1.2589254117941661e-05,0.0035481338923357532,0.0035499518266377188,281.98269678093806,4.469124565199342e-08,0.003553590490048437,0.9994878988812399
necessary_ceiling_endpoint,4.539992976248485e-05,1.122018454301963e-05,0.003349654391578276,0.003351388149419553,298.6927832220495,3.7603193511776434e-08,0.0033548583577096254,0.9994826747114991
necessary_ceiling_endpoint,4.539992976248485e-05,1e-05,0.0031622776601683794,0.0031639309704965327,316.39309704965325,3.163930970496533e-08,0.0031672401847689306,0.9994774505690642
necessary_ceiling_endpoint,4.539992976248485e-05,8.91250938133744e-06,0.002985382618917957,0.0029869590568913636,335.14231840765035,2.662130061621511e-08,0.0029901144306025487,0.9994722264539352
necessary_ceiling_endpoint,4.539992976248485e-05,7.943282347242805e-06,0.002818382931264452,0.002819885923789667,355.00260478194866,2.239915007967693e-08,0.002822894313823534,0.9994670023661117
necessary_ceiling_endpoint,4.539992976248485e-05,7.079457843841373e-06,0.0026607250597988083,0.0026621578909296418,376.0397970651849,1.8846634562486058e-08,0.0026650258683950877,0.9994617783055938
necessary_ceiling_endpoint,4.539992976248485e-05,6.30957344480193e-06,0.0025118864315095794,0.0025132522477060238,398.3236378326871,1.585754964221469e-08,0.0025159861084544225,0.9994565542723812
necessary_ceiling_endpoint,4.539992976248485e-05,5.623413251903491e-06,0.0023713737056616554,0.0023726755209074555,421.92800255331036,1.3342534966738005e-08,0.00237528129576759,0.9994513302664739
necessary_ceiling_endpoint,4.539992976248485e-05,5.011872336272715e-06,0.0022387211385683377,0.0022399618393465597,446.9311445016573,1.1226402776927569e-08,0.002242445304075716,0.9994461062878717
necessary_ceiling_endpoint,4.539992976248485e-05,4.466835921509625e-06,0.0021134890398366453,0.002114671389963115,473.4159541836124,9.44589012687593e-09,0.002117038074914078,0.9994408823365744
necessary_ceiling_endpoint,4.539992976248485e-05,3.981071705534969e-06,0.001995262314968879,0.00199638896028383,501.4702341352474,7.94776760302833e-09,0.0019986441597884238,0.9994356584125818
necessary_ceiling_endpoint,4.539992976248485e-05,3.548133892335753e-06,0.0018836490894898002,0.0018847225624084641,531.1869900061022,6.687248001331358e-09,0.0018868713438791116,0.9994304345158939
necessary_ceiling_endpoint,4.539992976248485e-05,3.162277660168379e-06,0.0017782794100389228,0.0017793021339621655,562.6647388918481,5.62664738891848e-09,0.0017813493467136521,0.9994252106465105
necessary_ceiling_endpoint,4.539992976248485e-05,2.818382931264449e-06,0.001678804018122559,0.00167977831170898,596.0078359385176,4.734258522028803e-09,0.0016817285955032521,0.9994199868044314
necessary_ceiling_endpoint,4.539992976248485e-05,2.511886431509577e-06,0.0015848931924611126,0.0015858212737623082,631.3268203010562,3.983402940362776e-09,0.0015876790670796884,0.9994147629896567
necessary_ceiling_endpoint,4.539992976248485e-05,2.2387211385683376e-06,0.0014962356560944327,0.001497119646555361,668.7387816031295,3.351633399709445e-09,0.0014988891945960582,0.999409539202186
necessary_ceiling_endpoint,4.539992976248485e-05,1.9952623149688787e-06,0.001412537544622754,0.0014133794729493572,708.3677481130608,2.820062799126428e-09,0.0014150648353695628,0.9994043154420191
necessary_ceiling_endpoint,4.539992976248485e-05,1.778279410038923e-06,0.001333521432163324,0.0013343232380597398,750.3450979227918,2.3727995405780995e-09,0.0013359282964469732,0.9993990917091562
necessary_ceiling_endpoint,4.539992976248485e-05,1.584893192461111e-06,0.0012589254117941662,0.0012596889495720175,794.8099944930054,1.996472440795178e-09,0.0012612174146646863,0.9993938680035969
necessary_ceiling_endpoint,4.539992976248485e-05,1.4125375446227527e-06,0.0011885022274370177,0.001189229269499397,841.9098480083269,1.6798309923321878e-09,0.0011906846881558028,0.999388644325341
necessary_ceiling_endpoint,4.539992976248485e-05,1.2589254117941661e-06,0.001122018454301963,0.0011227106945048376,891.8008040721005,1.413409023405217e-09,0.0011240964564270674,0.9993834206743885
necessary_ceiling_endpoint,4.539992976248485e-05,1.122018454301963e-06,0.0010592537251772887,0.0010599127820711397,944.6482613608518,1.1892417014343538e-09,0.001061232126289464,0.9993781970507393
necessary_ceiling_endpoint,4.539992976248485e-05,1e-06,0.001,0.0010006274199545737,1000.6274199545738,1.0006274199545737e-09,0.001001883441078107,0.999372973454393
necessary_ceiling_endpoint,4.539992976248485e-05,8.912509381337441e-07,0.0009440608762859227,0.0009446581365010308,1059.9238621606614,8.419274503722182e-10,0.0009458537907405163,0.9993677498853498
necessary_ceiling_endpoint,4.539992976248485e-05,7.943282347242805e-07,0.000891250938133745,0.000891819449539083,1122.734167757039,7.083973690451594e-10,0.0008929575605077387,0.9993625263436093
necessary_ceiling_endpoint,4.539992976248485e-05,7.079457843841374e-07,0.0008413951416451948,0.0008419362516921753,1189.2665656941515,5.960452201056576e-10,0.0008430195159905869,0.9993573028291716
necessary_ceiling_endpoint,4.539992976248485e-05,6.30957344480193e-07,0.0007943282347242813,0.0007948432300728882,1259.7416244163237,5.015121737248486e-10,0.000795874222663961,0.9993520793420363
necessary_ceiling_endpoint,4.539992976248485e-05,5.62341325190349e-07,0.0007498942093324557,0.0007503843184361292,1334.3929830910593,4.219721120314298e-10,0.0007513654978161107,0.9993468558822034
necessary_ceiling_endpoint,4.539992976248485e-05,5.011872336272714e-07,0.0007079457843841374,0.00070841217997569,1413.4681261704482,3.550471407498808e-10,0.0007093458931472634,0.9993416324496727
necessary_ceiling_endpoint,4.539992976248485e-05,4.466835921509626e-07,0.0006683439175686143,0.0006687877190501628,1497.2292038525052,2.987365007317755e-10,0.000669676206303574,0.999336409044444
necessary_ceiling_endpoint,4.539992976248485e-05,3.981071705534969e-07,0.000630957344480193,0.000631379620220065,1585.9539011624545,2.5135675415095154e-10,0.000632225019728201,0.9993311856665174
necessary_ceiling_endpoint,4.539992976248485e-05,3.548133892335753e-07,0.0005956621435290103,0.0005960639130685552,1679.936358535116,2.1149145719568128e-10,0.0005968682653018292,0.9993259623158924
necessary_ceiling_endpoint,4.539992976248485e-05,3.162277660168379e-07,0.0005623413251903491,0.0005627235613635459,1779.4881469503316,1.7794881469503315e-10,0.0005634888133303717,0.9993207389925692
necessary_ceiling_endpoint,4.539992976248485e-05,2.818382931264449e-07,0.000530884444230988,0.0005312480751997015,1884.9393008541977,1.4972605074099311e-10,0.000531976084518255,0.9993155156965474
necessary_ceiling_endpoint,4.539992976248485e-05,2.511886431509577e-07,0.000501187233627272,0.0005015331448349604,1996.6394122904367,1.2597943014632645e-10,0.0005022256836418379,0.9993102924278271
necessary_ceiling_endpoint,4.539992976248485e-05,2.2387211385683377e-07,0.0004731512589614803,0.0004734802950081101,2114.9587898692052,1.0599903451302288e-10,0.0004741390537093891,0.9993050691864079
necessary_ceiling_endpoint,4.539992976248485e-05,1.9952623149688787e-07,0.000446683592150963,0.00044699655859183366,2240.2896864155214,8.918753882790642e-11,0.0004476231494619391,0.9992998459722899
necessary_ceiling_endpoint,4.539992976248485e-05,1.7782794100389227e-07,0.00042169650342858224,0.0004219941684997053,2373.0475993672376,7.504235409995217e-11,0.0004225901291333719,0.9992946227854728
necessary_ceiling_endpoint,4.539992976248485e-05,1.584893192461111e-07,0.0003981071705534969,0.0003983902668261189,2513.6726482336403,6.314060218354815e-11,0.000398957063448624,0.9992893996259564
necessary_ceiling_endpoint,4.539992976248485e-05,1.4125375446227526e-07,0.00037583740428844394,0.0003761066302552406,2662.6310336812157,5.31264736017075e-11,0.0003766456608959638,0.9992841764937408
necessary_ceiling_endpoint,4.539992976248485e-05,1.2589254117941662e-07,0.0003548133892335753,0.00035506941082898526,2820.416583083788,4.4700590424339224e-11,0.0003555820083632277,0.9992789533888256
necessary_ceiling_endpoint,4.539992976248485e-05,1.122018454301963e-07,0.0003349654391578276,0.0003352088912149297,2987.552387660788,3.761105619892503e-11,0.0003356963262788021,0.9992737303112108
necessary_ceiling_endpoint,4.539992976248485e-05,1e-07,0.00031622776601683794,0.0003164592536631147,3164.5925366311476,3.164592536631147e-11,0.0003169227374461782,0.9992685072608962
necessary_ceiling_endpoint,4.539992976248485e-05,8.91250938133744e-08,0.00029853826189179573,0.00029875836188606185,3352.123954131863,2.6626867030625322e-11,0.0002991990488062768,0.9992632842378817
necessary_ceiling_endpoint,4.539992976248485e-05,7.943282347242805e-08,0.0002818382931264452,0.000282047555139155,3550.768344990992,2.2403833658198413e-11,0.00028246654540456796,0.9992580612421672
necessary_ceiling_endpoint,4.539992976248485e-05,7.079457843841373e-08,0.00026607250597988083,0.0002662714538189667,3761.184255805747,1.8850575323297297e-11,0.0002666697958804374,0.9992528382737524
necessary_ceiling_endpoint,4.539992976248485e-05,6.30957344480193e-08,0.00025118864315095795,0.00025137777593528743,3984.069258158523,1.586086539654659e-11,0.00025175646883442973,0.9992476153326373
necessary_ceiling_endpoint,4.539992976248485e-05,5.6234132519034905e-08,0.0002371373705661655,0.000237317163848641,4220.162261208718,1.3345324840905998e-11,0.00023767715946502804,0.9992423924188217
necessary_ceiling_endpoint,4.539992976248485e-05,5.0118723362727144e-08,0.00022387211385683378,0.00022404302069909738,4470.245961327024,1.1228750175767812e-11,0.00022438522590065334,0.9992371695323055
necessary_ceiling_endpoint,4.539992976248485e-05,4.466835921509626e-08,0.00021134890398366455,0.0002115113559843079,4735.149436893237,9.447865227179165e-12,0.00021183663468468718,0.9992319466730885
necessary_ceiling_endpoint,4.539992976248485e-05,3.981071705534969e-08,0.00019952623149688788,0.00019968063977500572,5015.750896859895,7.949429451513958e-12,0.00019998981490163673,0.9992267238411706
necessary_ceiling_endpoint,4.539992976248485e-05,3.548133892335753e-08,0.00018836490894898002,0.00018851166508484653,5312.9805921937295,6.688646279881904e-12,0.00018880552046119747,0.9992215010365516
necessary_ceiling_endpoint,4.539992976248485e-05,3.162277660168379e-08,0.00017782794100389227,0.00017796741793847914,5627.823899847019,5.6278238998470184e-12,0.00017824670008398472,0.9992162782592314
necessary_ceiling_endpoint,4.539992976248485e-05,2.818382931264449e-08,0.00016788040181225588,0.00016801295470725356,5961.324589482794,4.735248437782304e-12,0.00016827837455822483,0.9992110555092099
necessary_ceiling_endpoint,4.539992976248485e-05,2.511886431509577e-08,0.00015848931924611126,0.00015861528630605753,6314.588283783752,3.984235855021928e-12,0.00015886752086078333,0.9992058327864869
necessary_ceiling_endpoint,4.539992976248485e-05,2.2387211385683378e-08,0.00014962356560944327,0.00014974326886750734,6688.7861238165715,3.3523342137201077e-12,0.0001499829627586443,0.9992006100910622
necessary_ceiling_endpoint,4.539992976248485e-05,1.9952623149688786e-08,0.0001412537544622754,0.00014136750053119092,7085.1586516029565,2.820652463712282e-12,0.00014159526752842894,0.9991953874229358
necessary_ceiling_endpoint,4.539992976248485e-05,1.7782794100389228e-08,0.0001333521432163324,0.00013346022400592024,7505.019922769002,2.3732956840891033e-12,0.00013367664845180438,0.9991901647821075
necessary_ceiling_endpoint,4.539992976248485e-05,1.584893192461111e-08,0.0001258925411794166,0.00012599523458208472,7949.761862907131,1.9968898957168684e-12,0.0001262008727637703,0.9991849421685771
necessary_ceiling_endpoint,4.539992976248485e-05,1.4125375446227526e-08,0.00011885022274370177,0.0001189477932892603,8420.858882092778,1.6801822387110646e-12,0.00011914317474887571,0.9991797195823445
necessary_ceiling_endpoint,4.539992976248485e-05,1.2589254117941661e-08,0.00011220184543019629,0.00011229454491127542,8919.872762854004,1.413704561946659e-12,0.00011248017369746954,0.9991744970234095
necessary_ceiling_endpoint,4.539992976248485e-05,1.122018454301963e-08,0.00010592537251772886,0.00010601344058703952,9448.45783779851,1.1894903674270309e-12,0.00010618979645019327,0.9991692744917722
necessary_ceiling_endpoint,4.539992976248485e-05,1e-08,0.0001,0.00010008366474063046,10008.366474063045,1.0008366474063046e-12,0.00010025120427411965,0.9991640519874321
necessary_ceiling_endpoint,4.539992976248485e-05,8.912509381337441e-09,9.440608762859227e-05,9.448556609848848e-05,10601.45488276722,8.421034942537576e-13,9.464472382829362e-05,0.9991588295103893
necessary_ceiling_endpoint,4.539992976248485e-05,7.943282347242822e-09,8.912509381337459e-05,8.920059256510812e-05,11229.689272731237,7.085454922860227e-13,8.935178198997897e-05,0.9991536070606436
necessary_ceiling_endpoint,4.539992976248485e-05,7.0794578438413736e-09,8.413951416451947e-05,8.421122974140378e-05,11895.152368858524,5.961698509323089e-13,8.435484432570146e-05,0.9991483846381948
necessary_ceiling_endpoint,4.539992976248485e-05,6.309573444801917e-09,7.943282347242806e-05,7.950094288200306e-05,12600.050316792678,5.016170380450005e-13,7.963735700325904e-05,0.9991431622430428
necessary_ceiling_endpoint,4.539992976248485e-05,5.623413251903491e-09,7.498942093324559e-05,7.505412209911006e-05,13346.71999673947,4.2206034482211813e-13,7.518369195226189e-05,0.9991379398751874
necessary_ceiling_endpoint,4.539992976248485e-05,5.011872336272715e-09,7.079457843841373e-05,7.085603063134612e-05,14137.636770700574,3.551213797793357e-13,7.09790950915319e-05,0.9991327175346286
necessary_ceiling_endpoint,4.539992976248485e-05,4.466835921509635e-09,6.683439175686149e-05,6.689275600613284e-05,14975.422688802371,2.987989654169735e-13,6.700963745185128e-05,0.9991274952213661
necessary_ceiling_endpoint,4.539992976248485e-05,3.981071705534969e-09,6.309573444801929e-05,6.315116393376497e-05,15862.855181926152,2.514093119083121e-13,6.326216903213592e-05,0.9991222729353999
necessary_ceiling_endpoint,4.539992976248485e-05,3.548133892335746e-09,5.9566214352900974e-05,5.961885478038346e-05,16802.876269456734,2.1153567926852156e-13,5.9724275236173086e-05,0.9991170506767298
necessary_ceiling_endpoint,4.539992976248485e-05,3.1622776601683795e-09,5.623413251903491e-05,5.628412247559586e-05,17798.602312675775,1.7798602312675778e-13,5.638423574560343e-05,0.9991118284453556
necessary_ceiling_endpoint,4.539992976248485e-05,2.8183829312644493e-09,5.308844442309879e-05,5.3135915718565786e-05,18853.334346133972,1.4975735789831216e-13,5.323098569290378e-05,0.9991066062412772
necessary_ceiling_endpoint,4.539992976248485e-05,2.511886431509582e-09,5.0118723362727245e-05,5.01638013540095e-05,19970.569021252402,1.2600577197407845e-13,5.025407900574547e-05,0.9991013840644944
necessary_ceiling_endpoint,4.539992976248485e-05,2.2387211385683377e-09,4.731512589614803e-05,4.735792979672472e-05,21154.01019843415,1.0602119851476298e-13,4.744365380129291e-05,0.9990961619150073
necessary_ceiling_endpoint,4.539992976248485e-05,1.9952623149688745e-09,4.466835921509625e-05,4.4709002390071995e-05,22407.581226115344,8.920618760876399e-14,4.4790399715804025e-05,0.9990909397928155
necessary_ceiling_endpoint,4.539992976248485e-05,1.7782794100389228e-09,4.216965034285822e-05,4.2208240590231866e-05,23735.437947464066,7.505804517557843e-14,4.2285527061299606e-05,0.9990857176979189
necessary_ceiling_endpoint,4.539992976248485e-05,1.584893192461111e-09,3.9810717055349695e-05,3.9847356874115755e-05,25141.98247784669,6.31538046473545e-14,3.9920737707124985e-05,0.9990804956303173
necessary_ceiling_endpoint,4.539992976248485e-05,1.4125375446227555e-09,3.758374042884443e-05,3.7618527274520085e-05,26631.877798736186,5.313758214867476e-14,3.76881975899414e-05,0.9990752735900107
necessary_ceiling_endpoint,4.539992976248485e-05,1.2589254117941663e-09,3.5481338923357534e-05,3.551436545150304e-05,28210.063216445444,4.470993715064198e-14,3.558051076107622e-05,0.999070051576999
necessary_ceiling_endpoint,4.539992976248485e-05,1.1220184543019608e-09,3.3496543915782727e-05,3.352789821405903e-05,29881.770736932915,3.7618920530131985e-14,3.359069488525862e-05,0.9990648295912818
necessary_ceiling_endpoint,4.539992976248485e-05,1e-09,3.1622776601683795e-05,3.165254241096767e-05,31652.542410967668,3.165254241096767e-14,3.171215810957101e-05,0.9990596076328593
necessary_ceiling_endpoint,4.539992976248485e-05,8.912509381337441e-10,2.9853826189179574e-05,2.9882083114234458e-05,33528.2487071562,2.6632434608951974e-14,2.993867722598873e-05,0.999054385701731
necessary_ceiling_endpoint,4.539992976248485e-05,7.943282347242822e-10,2.818382931264455e-05,2.821065302282362e-05,35515.10797374056,2.240851821603872e-14,2.826437705516546e-05,0.999049163797897
necessary_ceiling_endpoint,4.539992976248485e-05,7.079457843841373e-10,2.6607250597988085e-05,2.663271301842553e-05,37619.70705368929,1.8854516908106888e-14,2.668371098316549e-05,0.9990439419213571
necessary_ceiling_endpoint,4.539992976248485e-05,6.309573444801917e-10,2.511886431509577e-05,2.5143033808822424e-05,39849.02312142238,1.5864181844190274e-14,2.5191442586666924e-05,0.9990387200721111
necessary_ceiling_endpoint,4.539992976248485e-05,5.623413251903491e-10,2.3713737056616554e-05,2.3736678598016952e-05,42210.44681356511,1.334811529842625e-14,2.378262828576228e-05,0.9990334982501591
necessary_ceiling_endpoint,4.539992976248485e-05,5.011872336272714e-10,2.2387211385683376e-05,2.2408986725693113e-05,44711.80673041341,1.1231098065440377e-14,2.2452600966889494e-05,0.9990282764555005
necessary_ceiling_endpoint,4.539992976248485e-05,4.4668359215096347e-10,2.1134890398366476e-05,2.115555822179113e-05,47361.395389337005,9.449840740468513e-15,2.119695452163983e-05,0.9990230546881356
necessary_ceiling_endpoint,4.539992976248485e-05,3.9810717055349694e-10,1.995262314968879e-05,1.9972239225008978e-05,50167.99671616351,7.951091647485892e-15,2.0011529250221755e-05,0.999017832948064
necessary_ceiling_endpoint,4.539992976248485e-05,3.548133892335746e-10,1.8836490894897984e-05,1.8855108216908834e-05,53140.91516568014,6.690044850807245e-15,1.8892398081226834e-05,0.9990126112352856
necessary_ceiling_endpoint,4.539992976248485e-05,3.1622776601683795e-10,1.778279410038923e-05,1.7800463026007237e-05,56290.006567795914,5.629000656779592e-15,1.7835853562045437e-05,0.9990073895498004
necessary_ceiling_endpoint,4.539992976248485e-05,2.8183829312644494e-10,1.678804018122559e-05,1.6804808558780924e-05,59625.71080162466,4.736238560523489e-15,1.683839557683459e-05,0.999002167891608
necessary_ceiling_endpoint,4.539992976248485e-05,2.5118864315095717e-10,1.5848931924611107e-05,1.586484521692923e-05,63159.08640580902,3.985068943840406e-15,1.5896719751350488e-05,0.9989969462607086
necessary_ceiling_endpoint,4.539992976248485e-05,2.2387211385683377e-10,1.4962356560944327e-05,1.4977457962507222e-05,66901.84723982777,3.353035174268358e-15,1.5007706506232516e-05,0.9989917246571016
necessary_ceiling_endpoint,4.539992976248485e-05,1.9952623149688748e-10,1.4125375446227526e-05,1.4139705994691722e-05,70866.40131782519,2.821242251594788e-15,1.4168410722474933e-05,0.9989865030807873
necessary_ceiling_endpoint,4.539992976248485e-05,1.778279410038923e-10,1.333521432163324e-05,1.3348813003969397e-05,75065.89194370314,2.3737919313418602e-15,1.337605198485036e-05,0.9989812815317654
necessary_ceiling_endpoint,4.539992976248485e-05,1.584893192461111e-10,1.2589254117941661e-05,1.2602157971448477e-05,79514.24128385044,1.9973074379268213e-15,1.2628005370962691e-05,0.9989760600100357
necessary_ceiling_endpoint,4.539992976248485e-05,1.4125375446227496e-10,1.1885022274370164e-05,1.1897266482803934e-05,84226.19652195773,1.6805335585342407e-15,1.192179275541643e-05,0.998970838515598
necessary_ceiling_endpoint,4.539992976248485e-05,1.2589254117941662e-10,1.122018454301963e-05,1.1231802528069816e-05,89217.37874893426,1.414000162284105e-15,1.1255074600294126e-05,0.9989656170484523
necessary_ceiling_endpoint,4.539992976248485e-05,1.1220184543019607e-10,1.0592537251772876e-05,1.0603560760103574e-05,94504.33475000504,1.1897390854148336e-15,1.0625642204745814e-05,0.9989603956085985
necessary_ceiling_endpoint,4.539992976248485e-05,1e-10,1e-05,1.001045918606713e-05,100104.5918606713,1.001045918606713e-15,1.0031410388015128e-05,0.9989551741960363
necessary_ceiling_endpoint,4.539992976248485e-05,8.912509381337441e-11,9.440608762859227e-06,9.450532267703699e-06,106036.7160733975,8.422795749454142e-16,9.47041058166186e-06,0.9989499528107656
necessary_ceiling_endpoint,4.539992976248485e-05,7.94328234724279e-11,8.91250938133744e-06,8.921924407545343e-06,112320.37358765489,7.086936464988951e-16,8.940784308097603e-06,0.9989447314527863
necessary_ceiling_endpoint,4.539992976248485e-05,7.079457843841374e-11,8.413951416451948e-06,8.422883799464023e-06,118976.39600737697,5.962945078188001e-16,8.440777023829636e-06,0.9989395101220983
necessary_ceiling_endpoint,4.539992976248485e-05,6.309573444801917e-11,7.943282347242805e-06,7.951756623187103e-06,126026.84940196843,5.017219242918911e-16,7.96873230701724e-06,0.9989342888187012
necessary_ceiling_endpoint,4.539992976248485e-05,5.6234132519034906e-11,7.498942093324558e-06,7.506981563538092e-06,133495.1074598159,4.221485960619529e-16,7.523086370085126e-06,0.9989290675425951
necessary_ceiling_endpoint,4.539992976248485e-05,5.011872336272715e-11,7.079457843841373e-06,7.087084636238958e-06,141405.92897682547,3.551956343318941e-16,7.102362879214991e-06,0.99892384629378
necessary_ceiling_endpoint,4.539992976248485e-05,4.4668359215096165e-11,6.683439175686135e-06,6.690674303127243e-06,149785.53993687002,2.988614431633009e-16,6.705168063553719e-06,0.9989186250722554
necessary_ceiling_endpoint,4.539992976248485e-05,3.9810717055349695e-11,6.3095734448019305e-06,6.316436860599381e-06,158661.72045626567,2.5146188065530326e-16,6.330186097935631e-06,0.9989134038780214
necessary_ceiling_endpoint,4.539992976248485e-05,3.548133892335746e-11,5.9566214352900976e-06,5.9631320859977175e-06,168063.89688051405,2.1157991058803257e-16,5.976174743822871e-06,0.9989081827110777
necessary_ceiling_endpoint,4.539992976248485e-05,3.1622776601683794e-11,5.623413251903491e-06,5.629589127513466e-06,178023.2393386263,1.780232393386263e-16,5.641961234023361e-06,0.9989029615714243
necessary_ceiling_endpoint,4.539992976248485e-05,2.8183829312644493e-11,5.308844442309879e-06,5.31470262398442e-06,188572.76507844919,1.4978867160184072e-16,5.326438387552914e-06,0.998897740459061
necessary_ceiling_endpoint,4.539992976248485e-05,2.511886431509572e-11,5.011872336272715e-06,5.017429041728822e-06,199747.44792556128,1.2603211930980702e-16,5.02856094177123e-06,0.9988925193739876
necessary_ceiling_endpoint,4.539992976248485e-05,2.2387211385683377e-11,4.731512589614803e-06,4.736783216275329e-06,211584.33422862584,1.0604336715091298e-16,4.747342089640573e-06,0.998887298316204
necessary_ceiling_endpoint,4.539992976248485e-05,1.9952623149688748e-11,4.466835921509625e-06,4.4718350875285325e-06,224122.66567558018,8.922484028901221e-17,4.481850210635906e-06,0.9988820772857102
necessary_ceiling_endpoint,4.539992976248485e-05,1.7782794100389227e-11,4.216965034285822e-06,4.221706617550429e-06,237404.0093878174,7.507373953214992e-17,4.231205784476753e-06,0.9988768562825059
necessary_ceiling_endpoint,4.539992976248485e-05,1.5848931924611107e-11,3.981071705534969e-06,3.9855688807431505e-06,251472.39572365987,6.316700987174668e-17,3.994578477456373e-06,0.9988716353065908
necessary_ceiling_endpoint,4.539992976248485e-05,1.4125375446227497e-11,3.7583740428844358e-06,3.7626393167901052e-06,266374.4642479576,5.314869301839716e-17,3.771184391716117e-06,0.9988664143579651
necessary_ceiling_endpoint,4.539992976248485e-05,1.2589254117941662e-11,3.548133892335753e-06,3.552179137251527e-06,282159.6183517429,4.4719285831310246e-17,3.5602834683521647e-06,0.9988611934366285
necessary_ceiling_endpoint,4.539992976248485e-05,1.1220184543019606e-11,3.3496543915782725e-06,3.3534908772200177e-06,298880.18903453054,3.76267865057413e-17,3.361177035751763e-06,0.9988559725425807
necessary_ceiling_endpoint,4.539992976248485e-05,1e-11,3.162277660168379e-06,3.165916083922316e-06,316591.60839223163,3.1659160839223156e-17,3.1732054950371556e-06,0.9988507516758219
necessary_ceiling_endpoint,4.539992976248485e-05,8.912509381337441e-12,2.9853826189179572e-06,2.988833134607152e-06,335352.5933858414,2.6638003351438433e-17,2.995746134949386e-06,0.9988455308363516
necessary_ceiling_endpoint,4.539992976248485e-05,7.943282347242789e-12,2.818382931264449e-06,2.8216551764878715e-06,355225.3405001149,2.2413203753402347e-17,2.828211068933341e-06,0.99884031002417
necessary_ceiling_endpoint,4.539992976248485e-05,7.079457843841373e-12,2.6607250597988086e-06,2.6638281819126368e-06,376275.7319375775,1.8858459317087123e-17,2.6700452875898406e-06,0.9988350892392767
necessary_ceiling_endpoint,4.539992976248485e-05,6.309573444801917e-12,2.511886431509577e-06,2.5148291123171094e-06,398573.55403144215,1.586749898529081e-17,2.52072482004303e-06,0.9988298684816717
necessary_ceiling_endpoint,4.539992976248485e-05,5.6234132519034904e-12,2.3713737056616552e-06,2.3741641848750017e-06,422192.7286015058,1.3350906339420732e-17,2.379754998132098e-06,0.9988246477513547
necessary_ceiling_endpoint,4.539992976248485e-05,5.011872336272715e-12,2.2387211385683376e-06,2.2413672361020493e-06,447211.5580200381,1.1233446446047896e-17,2.2466688176768203e-06,0.9988194270483257
necessary_ceiling_endpoint,4.539992976248485e-05,4.466835921509617e-12,2.1134890398366436e-06,2.115998176990542e-06,473712.98480008123,9.451816666830218e-18,2.121025391388286e-06,0.9988142063725844
necessary_ceiling_endpoint,4.539992976248485e-05,3.9810717055349695e-12,1.9952623149688787e-06,1.9976415345546027e-06,501784.8665667686,7.952754191016786e-18,2.002408488299488e-06,0.9988089857241309
necessary_ceiling_endpoint,4.539992976248485e-05,3.548133892335746e-12,1.8836490894897982e-06,1.8859050749529527e-06,531520.2673232425,6.691443714168557e-18,1.8904251548772747e-06,0.998803765102965
necessary_ceiling_endpoint,4.539992976248485e-05,3.1622776601683794e-12,1.778279410038923e-06,1.780418503626229e-06,563017.7659767639,5.630177659767639e-18,1.7847044132477119e-06,0.9987985445090863
necessary_ceiling_endpoint,4.539992976248485e-05,2.8183829312644492e-12,1.678804018122559e-06,1.6808322381410065e-06,596381.7831478678,4.737228890295635e-18,1.6848960322222502e-06,0.998793323942495
necessary_ceiling_endpoint,4.539992976248485e-05,2.511886431509572e-12,1.584893192461111e-06,1.5868162496738526e-06,631722.9273459713,3.9859022068546554e-18,1.5906693670534753e-06,0.9987881034031907
necessary_ceiling_endpoint,4.539992976248485e-05,2.238721138568338e-12,1.4962356560944329e-06,1.4980589692959944e-06,669158.3616591047,3.3537362813848393e-18,1.5017122640766914e-06,0.9987828828911733
necessary_ceiling_endpoint,4.539992976248485e-05,1.9952623149688747e-12,1.4125375446227527e-06,1.414266255434069e-06,708812.192173404,2.8218321627997426e-18,1.4177300266086811e-06,0.998777662406443
necessary_ceiling_endpoint,4.539992976248485e-05,1.7782794100389228e-12,1.333521432163324e-06,1.33516041908515e-06,750815.8794100451,2.3742882823580614e-18,1.338444438677907e-06,0.9987724419489991
necessary_ceiling_endpoint,4.539992976248485e-05,1.584893192461111e-12,1.2589254117941661e-06,1.260479303555535e-06,795308.674143645,1.9977250674432897e-18,1.2635928433518897e-06,0.9987672215188418
necessary_ceiling_endpoint,4.539992976248485e-05,1.4125375446227496e-12,1.1885022274370166e-06,1.1899754156736427e-06,842438.0790469204,1.6808849518170832e-18,1.192927272608547e-06,0.9987620011159709
necessary_ceiling_endpoint,4.539992976248485e-05,1.258925411794166e-12,1.1220184543019628e-06,1.1234151055977833e-06,892360.3376920803,1.414295824430476e-18,1.1262136258688566e-06,0.9987567807403862
necessary_ceiling_endpoint,4.539992976248485e-05,1.1220184543019606e-12,1.0592537251772875e-06,1.0605777925007178e-06,945240.9525300841,1.189987855408641e-18,1.0632308944695232e-06,0.9987515603920877
necessary_ceiling_endpoint,4.539992976248485e-05,1e-12,1e-06,1.001255233564947e-06,1001255.2335649469,1.001255233564947e-18,1.0037704295065088e-06,0.998746340071075
