time_ratio,parcel_radial_ratio,parcel_axial_ratio,parcel_volume_ratio,core_radial_ratio,core_axial_ratio,core_volume_ratio
1.0,1.0,1.0,1,1.0,1.0,1.0
0.9623506263980885,0.9809947127268773,1.0391223038351691,1,0.9809947127268773,0.9809947127268773,0.9440608762859233
0.9261187281287935,0.9623506263980885,1.0797751623277096,1,0.9623506263980885,0.9623506263980885,0.8912509381337456
0.8912509381337456,0.9440608762859234,1.1220184543019633,1,0.9440608762859234,0.9440608762859234,0.8413951416451951
0.8576958985908941,0.9261187281287935,1.1659144011798317,1,0.9261187281287935,0.9261187281287935,0.7943282347242815
0.8254041852680184,0.9085175756516868,1.2115276586285886,1,0.9085175756516868,0.9085175756516868,0.7498942093324558
0.7943282347242815,0.8912509381337456,1.2589254117941673,1,0.8912509381337456,0.8912509381337456,0.7079457843841379
0.7644222742526002,0.8743124580220736,1.3081774742601942,1,0.8743124580220736,0.8743124580220736,0.6683439175686146
0.7356422544596414,0.8576958985908941,1.3593563908785256,1,0.8576958985908941,0.8576958985908941,0.6309573444801934
0.7079457843841379,0.8413951416451951,1.4125375446227544,1,0.8413951416451951,0.8413951416451951,0.5956621435290105
0.6812920690579612,0.8254041852680184,1.4677992676220697,1,0.8254041852680184,0.8254041852680184,0.5623413251903491
0.6556418494179789,0.809717141610562,1.525222956539019,1,0.809717141610562,0.809717141610562,0.5308844442309884
0.6309573444801932,0.7943282347242815,1.5848931924611134,1,0.7943282347242815,0.7943282347242815,0.5011872336272722
0.6072021956909885,0.7792317984341941,1.6468978654828683,1,0.7792317984341941,0.7792317984341941,0.47315125896148047
0.5843414133735176,0.7644222742526002,1.7113283041617806,1,0.7644222742526002,0.7644222742526002,0.44668359215096315
0.5623413251903491,0.7498942093324559,1.7782794100389228,1,0.7498942093324559,0.7498942093324559,0.4216965034285822
0.5411695265464637,0.7356422544596413,1.847849797422291,1,0.7356422544596413,0.7356422544596413,0.39810717055349726
0.5207948328595463,0.7216611620833883,1.920141938638802,1,0.7216611620833883,0.7216611620833883,0.37583740428844414
0.5011872336272722,0.7079457843841379,1.9952623149688797,1,0.7079457843841379,0.7079457843841379,0.3548133892335754
0.48231784822393065,0.6944910713781212,2.073321573485955,1,0.6944910713781212,0.6944910713781212,0.33496543915782767
0.4641588833612779,0.6812920690579614,2.1544346900318834,1,0.6812920690579614,0.6812920690579614,0.31622776601683794
0.44668359215096315,0.6683439175686147,2.2387211385683394,1,0.6683439175686147,0.6683439175686147,0.298538261891796
0.4298662347082277,0.6556418494179789,2.326305067153626,1,0.6556418494179789,0.6556418494179789,0.2818382931264454
0.4136820402388507,0.6431811877215088,2.417315480804104,1,0.6431811877215088,0.6431811877215088,0.26607250597988097
0.3981071705534972,0.6309573444801932,2.5118864315095806,1,0.6309573444801932,0.6309573444801932,0.25118864315095796
0.38311868495572876,0.6189658188912606,2.610157215682537,1,0.6189658188912606,0.6189658188912606,0.23713737056616552
0.3686945064519575,0.6072021956909885,2.7122725793320286,1,0.6072021956909885,0.6072021956909885,0.22387211385683392
0.35481338923357547,0.5956621435290105,2.8183829312644537,1,0.5956621435290105,0.5956621435290105,0.21134890398366468
0.34145488738336016,0.5843414133735176,2.9286445646252366,1,0.5843414133735176,0.5843414133735176,0.19952623149688795
0.3285993247600654,0.5732358369467714,3.043219887107722,1,0.5732358369467714,0.5732358369467714,0.18836490894898003
0.31622776601683794,0.5623413251903491,3.162277660168379,1,0.5623413251903491,0.5623413251903491,0.1778279410038923
0.3043219887107722,0.5516538667595581,3.285993247600654,1,0.5516538667595581,0.5516538667595581,0.16788040181225605
0.2928644564625237,0.5411695265464637,3.4145488738336014,1,0.5411695265464637,0.5411695265464637,0.15848931924611137
0.28183829312644537,0.5308844442309884,3.5481338923357546,1,0.5308844442309884,0.5308844442309884,0.14962356560944334
0.27122725793320285,0.5207948328595464,3.686945064519575,1,0.5207948328595464,0.5207948328595464,0.14125375446227545
0.26101572156825364,0.5108969774506927,3.8311868495572883,1,0.5108969774506927,0.5108969774506927,0.13335214321633237
0.251188643150958,0.5011872336272722,3.9810717055349727,1,0.5011872336272722,0.5011872336272722,0.12589254117941673
0.24173154808041036,0.4916620262745643,4.136820402388508,1,0.4916620262745643,0.4916620262745643,0.11885022274370183
0.23263050671536262,0.48231784822393065,4.298662347082277,1,0.48231784822393065,0.48231784822393065,0.11220184543019635
0.22387211385683395,0.47315125896148047,4.466835921509632,1,0.47315125896148047,0.47315125896148047,0.10592537251772888
0.2154434690031884,0.4641588833612779,4.641588833612778,1,0.4641588833612779,0.4641588833612779,0.10000000000000002
0.2073321573485955,0.45533741044262493,4.823178482239307,1,0.45533741044262493,0.45533741044262493,0.09440608762859233
0.19952623149688797,0.44668359215096315,5.011872336272723,1,0.44668359215096315,0.44668359215096315,0.08912509381337456
0.19201419386388016,0.4381942421619437,5.207948328595464,1,0.4381942421619437,0.4381942421619437,0.08413951416451951
0.18478497974222913,0.4298662347082277,5.411695265464636,1,0.4298662347082277,0.4298662347082277,0.07943282347242817
0.1778279410038923,0.4216965034285823,5.62341325190349,1,0.4216965034285823,0.4216965034285823,0.07498942093324559
0.1711328304161781,0.41368204023885075,5.843414133735175,1,0.41368204023885075,0.41368204023885075,0.0707945784384138
0.16468978654828684,0.4058198942243798,6.072021956909886,1,0.4058198942243798,0.4058198942243798,0.06683439175686146
0.15848931924611134,0.39810717055349726,6.3095734448019325,1,0.39810717055349726,0.39810717055349726,0.06309573444801932
0.1525222956539019,0.390541029411638,6.5564184941797885,1,0.390541029411638,0.390541029411638,0.059566214352901055
0.14677992676220694,0.38311868495572876,6.812920690579613,1,0.38311868495572876,0.38311868495572876,0.0562341325190349
0.14125375446227545,0.3758374042884442,7.079457843841378,1,0.3758374042884442,0.3758374042884442,0.053088444423098846
0.13593563908785256,0.36869450645195756,7.3564225445964135,1,0.36869450645195756,0.36869450645195756,0.05011872336272723
0.13081774742601943,0.3616873614408159,7.644222742526002,1,0.3616873614408159,0.3616873614408159,0.04731512589614806
0.12589254117941673,0.35481338923357547,7.943282347242815,1,0.35481338923357547,0.35481338923357547,0.044668359215096314
0.12115276586285885,0.3480700588428411,8.254041852680183,1,0.3480700588428411,0.3480700588428411,0.042169650342858224
0.11659144011798317,0.34145488738336016,8.576958985908941,1,0.34145488738336016,0.34145488738336016,0.03981071705534972
0.11220184543019636,0.33496543915782767,8.912509381337454,1,0.33496543915782767,0.33496543915782767,0.03758374042884442
0.10797751623277096,0.3285993247600654,9.261187281287935,1,0.3285993247600654,0.3285993247600654,0.035481338923357544
0.10391223038351693,0.3223542001952463,9.623506263980884,1,0.3223542001952463,0.3223542001952463,0.03349654391578277
0.1,0.31622776601683794,10.0,1,0.31622776601683794,0.31622776601683794,0.0316227766016838
0.09623506263980887,0.31021776647995014,10.39122303835169,1,0.31021776647995014,0.31021776647995014,0.0298538261891796
0.09261187281287937,0.3043219887107722,10.797751623277094,1,0.3043219887107722,0.3043219887107722,0.02818382931264455
0.08912509381337455,0.29853826189179594,11.220184543019634,1,0.29853826189179594,0.29853826189179594,0.026607250597988095
0.08576958985908942,0.2928644564625237,11.659144011798316,1,0.2928644564625237,0.2928644564625237,0.025118864315095805
0.08254041852680186,0.2872984833353665,12.115276586285882,1,0.2872984833353665,0.2872984833353665,0.023713737056616557
0.07943282347242814,0.28183829312644537,12.589254117941675,1,0.28183829312644537,0.28183829312644537,0.022387211385683392
0.07644222742526002,0.2764818754010107,13.081774742601942,1,0.2764818754010107,0.2764818754010107,0.021134890398366468
0.07356422544596414,0.27122725793320285,13.593563908785255,1,0.27122725793320285,0.27122725793320285,0.0199526231496888
0.0707945784384138,0.26607250597988097,14.12537544622754,1,0.26607250597988097,0.26607250597988097,0.01883649089489801
0.06812920690579612,0.26101572156825364,14.677992676220699,1,0.26101572156825364,0.26101572156825364,0.017782794100389222
0.06556418494179789,0.2560550427970476,15.25222956539019,1,0.2560550427970476,0.2560550427970476,0.016788040181225605
0.06309573444801933,0.251188643150958,15.848931924611133,1,0.251188643150958,0.251188643150958,0.015848931924611138
0.06072021956909887,0.2464147308281282,16.46897865482868,1,0.2464147308281282,0.2464147308281282,0.014962356560944341
0.05843414133735175,0.24173154808041036,17.11328304161781,1,0.24173154808041036,0.24173154808041036,0.01412537544622754
0.05623413251903491,0.23713737056616555,17.78279410038923,1,0.23713737056616555,0.23713737056616555,0.01333521432163324
0.054116952654646375,0.23263050671536262,18.478497974222908,1,0.23263050671536262,0.23263050671536262,0.012589254117941675
0.05207948328595465,0.2282092971067451,19.20141938638801,1,0.2282092971067451,0.2282092971067451,0.01188502227437019
0.05011872336272722,0.22387211385683395,19.9526231496888,1,0.22387211385683395,0.22387211385683395,0.011220184543019632
0.04823178482239307,0.2196173600205436,20.73321573485955,1,0.2196173600205436,0.2196173600205436,0.01059253725177289
0.046415888336127795,0.2154434690031884,21.544346900318835,1,0.2154434690031884,0.2154434690031884,0.010000000000000002
0.0446683592150963,0.21134890398366465,22.3872113856834,1,0.21134890398366465,0.21134890398366465,0.00944060876285923
0.042986623470822764,0.2073321573485955,23.263050671536263,1,0.2073321573485955,0.2073321573485955,0.008912509381337454
0.04136820402388507,0.2033917501372292,24.173154808041037,1,0.2033917501372292,0.2033917501372292,0.008413951416451952
0.039810717055349734,0.19952623149688797,25.118864315095795,1,0.19952623149688797,0.19952623149688797,0.007943282347242817
0.03831186849557287,0.195734178148766,26.10157215682537,1,0.195734178148766,0.195734178148766,0.007498942093324557
0.036869450645195756,0.19201419386388016,27.12272579332028,1,0.19201419386388016,0.19201419386388016,0.0070794578438413795
0.03548133892335755,0.18836490894898006,28.183829312644534,1,0.18836490894898006,0.18836490894898006,0.006683439175686147
0.034145488738336026,0.18478497974222913,29.286445646252357,1,0.18478497974222913,0.18478497974222913,0.0063095734448019355
0.03285993247600654,0.18127308811846987,30.432198871077222,1,0.18127308811846987,0.18127308811846987,0.005956621435290103
0.03162277660168379,0.17782794100389226,31.622776601683796,1,0.17782794100389226,0.17782794100389226,0.00562341325190349
0.03043219887107722,0.1744482698999254,32.85993247600654,1,0.1744482698999254,0.1744482698999254,0.005308844442309884
0.029286445646252372,0.1711328304161781,34.145488738336006,1,0.1711328304161781,0.1711328304161781,0.005011872336272725
0.028183829312644536,0.16788040181225602,35.48133892335755,1,0.16788040181225602,0.16788040181225602,0.004731512589614804
0.02712272579332028,0.16468978654828684,36.869450645195755,1,0.16468978654828684,0.16468978654828684,0.004466835921509631
0.026101572156825372,0.1615598098439874,38.311868495572874,1,0.1615598098439874,0.1615598098439874,0.004216965034285824
0.025118864315095794,0.15848931924611132,39.810717055349734,1,0.15848931924611132,0.15848931924611132,0.003981071705534971
0.024173154808041036,0.15547718420411735,41.36820402388508,1,0.15547718420411735,0.15547718420411735,0.003758374042884441
0.02326305067153626,0.1525222956539019,42.98662347082277,1,0.1525222956539019,0.1525222956539019,0.0035481338923357545
0.0223872113856834,0.14962356560944334,44.66835921509631,1,0.14962356560944334,0.14962356560944334,0.0033496543915782773
0.021544346900318832,0.14677992676220694,46.4158883361278,1,0.14677992676220694,0.14677992676220694,0.003162277660168378
0.02073321573485955,0.1439903320881633,48.23178482239307,1,0.1439903320881633,0.1439903320881633,0.0029853826189179594
0.0199526231496888,0.14125375446227545,50.11872336272722,1,0.14125375446227545,0.14125375446227545,0.0028183829312644544
0.01920141938638802,0.13856918628031276,52.07948328595462,1,0.13856918628031276,0.13856918628031276,0.0026607250597988105
0.018478497974222907,0.13593563908785256,54.116952654646376,1,0.13593563908785256,0.13593563908785256,0.00251188643150958
0.01778279410038923,0.1333521432163324,56.2341325190349,1,0.1333521432163324,0.1333521432163324,0.0023713737056616554
0.01711328304161781,0.13081774742601943,58.434141337351754,1,0.13081774742601943,0.13081774742601943,0.00223872113856834
0.01646897865482869,0.12833151855576513,60.72021956909883,1,0.12833151855576513,0.12833151855576513,0.002113489039836648
0.015848931924611134,0.12589254117941673,63.09573444801933,1,0.12589254117941673,0.12589254117941673,0.0019952623149688794
0.01525222956539019,0.12349991726875849,65.56418494179789,1,0.12349991726875849,0.12349991726875849,0.0018836490894898006
0.014677992676220698,0.12115276586285886,68.12920690579611,1,0.12115276586285886,0.12115276586285886,0.0017782794100389234
0.014125375446227547,0.11885022274370186,70.79457843841377,1,0.11885022274370186,0.11885022274370186,0.001678804018122561
0.013593563908785255,0.11659144011798317,73.56422544596414,1,0.11659144011798317,0.11659144011798317,0.0015848931924611132
0.013081774742601943,0.11437558630495383,76.44222742526001,1,0.11437558630495383,0.11437558630495383,0.0014962356560944336
0.012589254117941675,0.11220184543019636,79.43282347242813,1,0.11220184543019636,0.11220184543019636,0.0014125375446227548
0.012115276586285882,0.11006941712522095,82.54041852680186,1,0.11006941712522095,0.11006941712522095,0.0013335214321633236
0.011659144011798317,0.10797751623277096,85.76958985908941,1,0.10797751623277096,0.10797751623277096,0.0012589254117941673
0.011220184543019636,0.10592537251772889,89.12509381337455,1,0.10592537251772889,0.10592537251772889,0.0011885022274370186
0.0107977516232771,0.10391223038351693,92.61187281287933,1,0.10391223038351693,0.10391223038351693,0.001122018454301964
0.01039122303835169,0.10193734859388727,96.23506263980887,1,0.10193734859388727,0.10193734859388727,0.0010592537251772885
0.01,0.1,100.0,1,0.1,0.1,0.001
