eta,Y,X,Phi,U,Pi,F_decimal,pressure_increment_decimal,log10_F,V0_over_X,angular_relative,axial_relative,pressure_relative
-0.6,0.0,0.0,1.0,-2.38,-54.06574394463668,9.502352789150861280144764e-142,0.0,-141.02216884978114,-1.1319979590385305,2.4051094765663762e-83,6.646521040351602e-82,0.0
-0.6,0.06833333333333333,0.00013346354166666666,0.9830994334929596,-2.388742778148297,-54.06574394463668,9.341757643864455990676435e-142,1.18482135318291084258217e-286,-141.02957140393943,-1.1199650885816639,4.1526709484262415e-65,2.050560309437565e-77,1.3458633852630295e-61
-0.6,0.13666666666666666,0.0002669270833333333,0.9663572176600834,-2.3974839478456365,-54.06574394463668,9.1826672025483600532091e-142,2.329783307678864557040775e-286,-141.03703115506184,-1.1079326650840764,1.767869675154176e-58,8.599902808252608e-71,5.693714244956192e-55
-0.6,0.205,0.000400390625,0.949772864514461,-2.406223504398134,-54.06574394463668,9.025076828178791406391404e-142,3.435932914400857041261498e-286,-141.04454909236833,-1.0959006946149183,1.342713887795969e-54,6.43381050604246e-67,4.295013472013621e-51
-0.6,0.2733333333333333,0.0005338541666666666,0.933345879419238,-2.4149614431132065,-54.06574394463668,8.868981820541859403465951e-142,4.504297059605340661066477e-286,-141.05212623530937,-1.0838691832443073,7.642315212434267e-52,3.606516873262347e-64,2.4265585515212437e-48
-0.6,0.3416666666666667,0.0006673177083333333,0.917075761162733,-2.423697759299574,-54.06574394463668,8.714377416947345127126883e-142,5.535882708331540359936096e-286,-141.0597636348354,-1.0718381370433234,1.0517178906533662e-49,4.887381341030944e-62,3.3127086914661464e-46
-0.6,0.41,0.00080078125,0.9009620020336728,-2.43243244826727,-54.06574394463668,8.561258792943614710195232e-142,6.53167714743220365673376e-286,-141.06746237473445,-1.0598075620840042,5.896666289517365e-48,2.697938750607987e-60,1.8413014573315926e-44
-0.6,0.4783333333333333,0.0009342447916666666,0.8850040878965396,-2.4411655053276426,-54.06574394463668,8.40962106303359688397235e-142,7.492648228147125704885329e-286,-141.0752235730417,-1.0477774644393378,1.7791917559530105e-46,8.013650158431646e-59,5.5039303367655656e-43
-0.6,0.5466666666666666,0.0010677083333333333,0.8692014982670243,-2.4498969257933636,-54.06574394463668,8.259459281391765591464031e-142,8.419744608171555376010302e-286,-141.0830483835264,-1.0357478501832589,3.411147789247657e-45,1.5122465722116362e-57,1.0446227867700134e-41
-0.6,0.615,0.001201171875,0.8535537063875783,-2.458626704978432,-54.06574394463668,8.110768442582059970000386e-142,9.31389599317247647289597e-286,-141.0909379972607,-1.0237187253906423,4.625729916961304e-44,2.0181245890518781e-56,1.40120766724387e-40
-0.6,0.6833333333333333,0.0013346354166666667,0.8380601793030577,-2.467354838198181,-54.06574394463668,7.963543482276680570144816e-142,1.0176013377706547778762e-285,-141.09889364427633,-1.0116900961372983,4.773531937474055e-43,2.0491941759157833e-55,1.4290752911999135e-39
-0.6,0.7516666666666666,0.0014680989583333332,0.8227203779364519,-2.476081320769283,-54.06574394463668,7.817779277975694724657034e-142,1.100698928549435601217511e-285,-141.10691659531466,-0.9996619684999665,3.949530485783793e-42,1.667988332626605e-54,1.1674984534632613e-38
-0.6,0.82,0.0016015625,0.8075337571646927,-2.484806148009755,-54.06574394463668,7.673470649727391809846132e-142,1.180769800900642301780845e-285,-141.11500816367715,-0.9876343485563104,2.7229112385615107e-41,1.131130325210614e-53,7.939849667432249e-38
-0.6,0.8883333333333333,0.0017350260416666666,0.7924997658945333,-2.4935293152389657,-54.06574394463668,7.5306123608493231992994e-142,1.257899584831728032183718e-285,-141.12316970718248,-0.9756072423849121,1.6106974327407347e-40,6.580376718730829e-53,4.628067296827637e-37
-0.6,0.9566666666666666,0.0018684895833333331,0.7776178471384946,-2.502250817777639,-54.06574394463668,7.389199118649962074696732e-142,1.332172134918475530527243e-285,-141.1314026302384,-0.9635806560652669,8.363094854012627e-40,3.359588152127166e-52,2.365164525144296e-36
-0.6,1.025,0.002001953125,0.762887438090869,-2.510970650947862,-54.06574394463668,7.249225575150924127844183e-142,1.403669554031241724536516e-285,-141.1397083860363,-0.9515545956777774,3.880836036091719e-39,1.5326736154781925e-51,1.0789179130703727e-35
-0.6,1.0933333333333333,0.0021354166666666665,0.7483079702037775,-2.519688810073089,-54.06574394463668,7.110686327809684659233753e-142,1.472472216975399855873228e-285,-141.1480884788771,-0.9395290673037483,1.6330647970603638e-38,6.33949703013963e-51,4.4570631158262204e-35
-0.6,1.1616666666666666,0.0022688802083333333,0.7338788692632715,-2.528405290478148,-54.06574394463668,6.973575920242727956079331e-142,1.538658794041943780056891e-285,-141.15654446663862,-0.9275040770253806,6.306184667752959e-38,2.4058310935287647e-50,1.6871559303859324e-34
-0.6,1.23,0.00240234375,0.7195995554654744,-2.5371200874892454,-54.06574394463668,6.837888842949070545884015e-142,1.602306274464299738866821e-285,-141.16507796339408,-0.9154796309257662,2.2568057353828225e-37,8.459761727365192e-50,5.909181071060611e-34
-0.6,1.2983333333333333,0.0025358072916666667,0.7054694434927559,-2.545833196433974,-54.06574394463668,6.703619534034094578934056e-142,1.663489989777477105386732e-285,-141.17369064219378,-0.9034557350888824,7.546935801893355e-37,2.779181258619384e-49,1.930554553579266e-33
-0.6,1.3666666666666667,0.0026692708333333334,0.6914879425899316,-2.554544612641315,-54.06574394463668,6.570762379933627789876849e-142,1.722283637075772605924258e-285,-141.1823842380217,-0.8914323955995861,2.3748116841350673e-36,8.589594576366186e-49,5.923456286011085e-33
-0.6,1.4349999999999998,0.0028027343749999997,0.677654456640484,-2.563254331441647,-54.06574394463668,6.439311716138213976746755e-142,1.778759302165322333895537e-285,-141.1911605509411,-0.8794096185436086,7.073899359231801e-36,2.5125391207617122e-48,1.7167484095793084e-32
-0.6,1.5033333333333332,0.0029361979166666664,0.663968384242794,-2.571962348166751,-54.06574394463668,6.309261827917504489844554e-142,1.832987482607884972171563e-285,-141.20002144944291,-0.8673874100075494,2.004876655755978e-35,6.991387780272926e-48,4.72281742520216e-32
-0.6,1.5716666666666665,0.003069661458333333,0.6504291187863829,-2.5806686581498144,-54.06574394463668,6.180606951044721843196994e-142,1.885037110652313443729628e-285,-141.20896887401375,-0.8553657760788714,5.430583421267673e-35,1.858888530447375e-47,1.2384235882918537e-31
-0.6,1.64,0.003203125,0.6370360485281512,-2.589373256725438,-54.06574394463668,6.053341272521120801025263e-142,1.934975576050266031088804e-285,-141.21800484094047,-0.8433447228458948,1.4113021278246777e-34,4.740949107180874e-47,3.106374216355127e-31
-0.6,1.7083333333333333,0.0033365885416666665,0.6237885566686145,-2.5980761392296423,-54.06574394463668,5.927458931300399574932855e-142,1.982868748752778881079243e-285,-141.2271314463707,-0.8313242563977915,3.5309107216399748e-34,1.163792796684034e-46,7.4759297696009935e-31
-0.6,1.7766666666666666,0.0034700520833333332,0.6106860214281254,-2.606777300999872,-54.06574394463668,5.802954019012990100497637e-142,2.028781001484413890230187e-285,-141.23635087065003,-0.8193043828245794,8.530049686685834e-34,2.757954557020983e-46,1.7306400389283713e-30
-0.6,1.845,0.003603515625,0.5977278161230772,-2.6154767373750016,-54.06574394463668,5.679820580690176385525591e-142,2.07277523219176987897956e-285,-141.2456653829592,-0.8072851082171174,1.995133071723821e-33,6.3263718800998046e-46,3.861812959564287e-30
-0.6,1.913333333333333,0.0037369791666666662,0.584913309242084,-2.624174443695342,-54.06574394463668,5.558052615487977214812273e-142,2.114912886363231820949235e-285,-141.25507734627618,-0.795266438667099,4.528757668187899e-33,1.408015802632764e-45,8.320504544238484e-30
-0.6,1.9816666666666665,0.003870442708333333,0.5722418645221278,-2.6328704153026457,-54.06574394463668,5.437644077410729955390163e-142,2.155253979216913777007397e-285,-141.264589222691,-0.7832483802670469,9.997614045961777e-33,3.046956162598197e-45,1.7331274901246949e-29
-0.6,2.05,0.00400390625,0.5597128410246704,-2.641564647540113,-54.06574394463668,5.318588876034329484734528e-142,2.193857117753826446499603e-285,-141.27420357910418,-0.7712309391103076,2.150568729144895e-32,6.423293218744503e-45,3.492914560453064e-29
-0.6,2.118333333333333,0.004137369791666666,0.547325593211721,-2.650257135752396,-54.06574394463668,5.200880877229047480502968e-142,2.230779522673391022283452e-285,-141.283923093342,-0.7592141212910455,4.515421597799655e-32,1.3213801520785653e-44,6.813255657676784e-29
-0.6,2.1866666666666665,0.004270833333333333,0.5350794710218539,-2.658947875285607,-54.06574394463668,5.084513903881881205270839e-142,2.266077050148492971715633e-285,-141.29375056072607,-0.7471979329042372,9.268484634300358e-32,2.656751217171769e-44,1.2858526543963774e-28
-0.6,2.255,0.004404296875,0.5229738199461713,-2.6676368614873223,-54.06574394463668,4.969481736618381403658797e-142,2.299804213457349938361696e-285,-141.30368890113851,-0.7351823800456662,1.8625154291865047e-31,5.228045667237167e-44,2.3452896507006727e-28
-0.6,2.3233333333333333,0.0045377604166666665,0.5110079811042042,-2.676324089706587,-54.06574394463668,4.855778114523885521946519e-142,2.332014204469554755966958e-285,-141.31374116662792,-0.7231674688119164,3.668869759103033e-31,1.008209255420855e-43,4.124287631373567e-28
-0.6,2.3916666666666666,0.004671223958333333,0.49918129131974526,-2.6850095552939237,-54.06574394463668,4.743396735864110045585461e-142,2.362758914983725148060955e-285,-141.32391054960686,-0.7111532053003675,7.092807833763171e-31,1.907628361379749e-43,6.963247540211278e-28
-0.6,2.46,0.0048046875,0.4874930831966082,-2.693693253601336,-54.06574394463668,4.632331258805042768112491e-142,2.392088957914274798825988e-285,-141.33420039169704,-0.6991395956091884,1.3471840063744304e-30,3.545149725766961e-43,1.120332700674456e-27
-0.6,2.5283333333333333,0.004938151041666667,0.4759426851943073,-2.7023751799823144,-54.06574394463668,4.522575302132076610055674e-142,2.420053688324898522247283e-285,-141.34461419328449,-0.6871266458373317,2.5164579082961443e-30,6.47740041846211e-43,1.6944068586379957e-27
-0.6,2.5966666666666667,0.005071614583333333,0.4645294217036513,-2.7110553297918423,-54.06574394463668,4.414122445968327535318248e-142,2.446701224306441868978384e-285,-141.3551556238543,-0.6751143620845286,4.627043772125807e-30,1.164623830100686e-42,2.3432760077566855e-27
-0.6,2.665,0.005205078125,0.45325261312224535,-2.7197336983864013,-54.06574394463668,4.306966232492084199608334e-142,2.472078467696901744881753e-285,-141.3658285331828,-0.6631027504512822,8.381763686369872e-30,2.0623012889204336e-42,2.7694928954119917e-27
-0.6,2.7333333333333334,0.005338541666666667,0.4421115759298958,-2.728410281123978,-54.06574394463668,4.201100166653328457120867e-142,2.496231124641383780475221e-285,-141.37663696347363,-0.6510918170388623,1.4969946131189116e-29,3.599442670574203e-42,2.1671847947268476e-27
-0.6,2.8016666666666663,0.005472005208333333,0.43110562276391184,-2.7370850733640686,-54.06574394463668,4.096517716889276840418358e-142,2.519203725989915957189268e-285,-141.38758516253517,-0.6390815679492998,2.637517449750939e-29,6.196486011623863e-42,1.347743998414333e-27
-0.6,2.8699999999999997,0.005605468749999999,0.42023406249429685,-2.745758070467685,-54.06574394463668,3.993212315838879096911028e-142,2.541039647531097251549937e-285,-141.39867759810872,-0.6270720092853805,4.588100531198867e-29,1.0528601061109011e-41,1.1830912545780073e-26
-0.6,2.938333333333333,0.005738932291666666,0.40949620029882644,-2.75442926779736,-54.06574394463668,3.891177361056232999718008e-142,2.561781130059630298935496e-285,-141.40991897346956,-0.6150631471506398,7.885065233526523e-29,1.7667635931894946e-41,3.754686463415177e-26
-0.6,3.0066666666666664,0.005872395833333333,0.39889133773800434,-2.763098660717154,-54.06574394463668,3.790406215722843727109144e-142,2.581469299275868782969924e-285,-141.42131424444003,-0.6030549876493565,1.3395734651938938e-28,2.9296647146908377e-41,9.467539228580095e-26
-0.6,3.0749999999999997,0.0060058593749999995,0.3884187728298929,-2.77176624459266,-54.06574394463668,3.690892209358687628921645e-142,2.600144185515577675110147e-285,-141.43286863796996,-0.5910475368865473,2.2508898140584802e-28,4.803097933390577e-41,2.1391732245959163e-25
-0.6,3.143333333333333,0.006139322916666666,0.37807780012481085,-2.7804320147910087,-54.06574394463668,3.592628638532018182088641e-142,2.617844743308182937829826e-285,-141.4445876724618,-0.5790408009679611,3.742751004082513e-28,7.789436102020555e-41,4.520612383404013e-25
-0.6,3.2116666666666664,0.006272786458333333,0.36786771077989366,-2.789095966680876,-54.06574394463668,3.495608767567864946558759e-142,2.634608870761857722708176e-285,-141.4564771800406,-0.5670347860000726,6.161486407299298e-28,1.2501860897886432e-40,9.119236232884524e-25
-0.6,3.28,0.00640625,0.3577877926335107,-2.7977580956324863,-54.06574394463668,3.39982582925517041345713e-142,2.650473428773865836392265e-285,-141.46854333099623,-0.5550294980900774,1.0046951140134112e-27,1.9866326029196813e-40,1.7762508137529927e-24
-0.6,3.348333333333333,0.006539713541666666,0.3478373302795334,-2.806418397017621,-54.06574394463668,3.305273025552513620965087e-142,2.665474260064654415864444e-285,-141.48079266065838,-0.5430249433458856,1.623387887085127e-27,3.1268937760902913e-40,3.3646456141397294e-24
-0.6,3.4166666666666665,0.006673177083333333,0.33801560514144874,-2.8150768662096217,-54.06574394463668,3.211943528292361731981478e-142,2.679646208034260255451075e-285,-141.49323209899939,-0.5310211278761159,2.600303795192743e-27,4.876732981565703e-40,6.2280864545080596e-24
-0.6,3.485,0.006806640625,0.32832189554631364,-2.8237334985833966,-54.06574394463668,3.119830479883811338723941e-142,2.693023135439661590391261e-285,-141.50586900330563,-0.5190180577900901,4.130519640787819e-27,7.539156408751826e-40,1.1304268030925748e-23
-0.6,3.5533333333333332,0.0069401041666666665,0.31875547679854344,-2.832388289515427,-54.06574394463668,3.028926994013751660347215e-142,2.705637942891781848367538e-285,-141.51871119430632,-0.5070157391978275,6.50909222211457e-27,1.1556941638939561e-39,2.0170532263951903e-23
-0.6,3.6216666666666666,0.007073567708333333,0.3093156212535295,-2.8410412343837725,-54.06574394463668,2.939226156346407417697355e-142,2.717522587170917017258687e-285,-141.53176699620894,-0.495014178210038,1.0179340249555128e-26,1.7572334270268843e-39,3.545220417311232e-23
-0.6,3.69,0.00720703125,0.30000159839108165,-2.8496923285680764,-54.06574394463668,2.850721025221211416486365e-142,2.728708099359428320749989e-285,-141.54504528115953,-0.48301338093811746,1.5803138826953486e-26,2.651029066500921e-39,6.147669154506805e-23
-0.6,3.7583333333333333,0.007340494791666667,0.29081267488868834,-2.858341567449572,-54.06574394463668,2.763404632348950399141982e-142,2.739224602790610611223388e-285,-141.55855551872804,-0.47101335349414103,2.4362731059566397e-26,3.969381806989189e-39,1.0531380151110491e-22
-0.6,3.826666666666666,0.0074739583333333325,0.2817481146945905,-2.866988946411087,-54.06574394463668,2.67726998350613873367631e-142,2.749101330812712594898258e-285,-141.57230783111612,-0.45901410199085785,3.730746682399448e-26,5.9002812943881e-39,1.7841952270721649e-22
-0.6,3.8949999999999996,0.007607421874999999,0.2728071791006631,-2.8756344608370514,-54.06574394463668,2.59231005922756475963911e-142,2.758366644367152768327517e-285,-141.58631305490087,-0.4470156325416844,5.676432256625508e-26,8.709151574164447e-39,2.992178340782743e-22
-0.6,3.963333333333333,0.007740885416666666,0.2639891268151007,-2.884278106113501,-54.06574394463668,2.508517815496972743237349e-142,2.767048049380038656305396e-285,-141.60058281026528,-0.4350179512606997,8.583862522936881e-26,1.276845260581222e-38,4.971337623471149e-22
-0.6,4.031666666666666,0.007874348958333333,0.25529321403489924,-2.8929198776280844,-54.06574394463668,2.425886184435812413556013e-142,2.775172213966165484949534e-285,-141.6151295788326,-0.42302106426263836,1.2904190533303506e-25,1.8597755660356314e-38,8.1886230921163e-22
-0.6,4.1,0.0080078125,0.246718694518131,-2.9015597707700684,-54.06574394463668,2.344408074990021279810773e-142,2.782764985444730908258186e-285,-141.62996679142046,-0.41102497766288515,1.9289834913193576e-25,2.691771224339745e-38,1.3380692963662129e-21
0.0,0.0,0.0,1.0,0.02,-100.0,0.0001,0.0,-4.0,-4.0,3.6870075996938794e-82,2.7453634376355184e-82,0.0
0.0,0.06833333333333333,0.00013346354166666666,0.9997305298773905,0.020006019817072958,-99.99999999999866,0.00009997305298773904865997207,1.334275907161583931769104e-12,-4.000117045158082,-4.020688231033523,1.6421014199316072e-76,1.8569865491170046e-77,1.0735885353817231e-76
0.0,0.13666666666666666,0.0002669270833333333,0.9994605987441226,0.020012067552400113,-99.99999999999733,0.00009994605987441226519615226,2.667832104325312932493236e-12,-4.000234322191484,-4.041379232656802,6.87078631090444e-70,7.71587724041375e-71,4.5054227771239594e-70
0.0,0.205,0.000400390625,0.9991902068415425,0.02001814321428324,-99.99999999999599,0.00009991902068415424956909711,4.000667556238988988790751e-12,-4.000351831174674,-4.062073014530549,5.128191495955108e-66,5.719237637265755e-67,3.372733892255587e-66
0.0,0.2733333333333333,0.0005338541666666666,0.9989193544119708,0.02002424681103805,-99.99999999999467,0.0000998919354411970747892169,5.33278122929241250889775e-12,-4.000469572182049,-4.082769586317762,2.867940538285109e-63,3.17664680283332e-64,1.891792617966488e-63
0.0,0.3416666666666667,0.0006673177083333333,0.998648041698702,0.02003037835099422,-99.99999999999334,0.00009986480416987020405075833,6.664172091520985807279646e-12,-4.000587545287935,-4.103468957683744,3.877463566806581e-61,4.265801582800058e-62,2.565272313515019e-61
0.0,0.41,0.00080078125,0.9983762689460041,0.020036537842495376,-99.999999999992,0.00009983762689460040780365008,7.994839112609292673658979e-12,-4.000705750566587,-4.124171138296096,2.135482482354698e-59,2.3336287608042794e-60,1.4169710111834248e-59
0.0,0.4783333333333333,0.0009342447916666666,0.9981040363991168,0.02004272529389911,-99.99999999999068,0.00009981040363991167998966293,9.324781263894692003330737e-12,-4.0008241880921895,-4.144876137824726,6.3283402409453464e-58,6.869680641393698e-59,4.2114420875468594e-58
0.0,0.5466666666666666,0.0010677083333333333,0.9978313443042516,0.020048940713576994,-99.99999999998934,0.00009978313443042515432033604,1.065399751837088240222539e-11,-4.00094285793886,-4.165583965941851,1.191463206532118e-56,1.2848899718592957e-57,7.95233340184238e-57
0.0,0.615,0.001201171875,0.9975581929085902,0.020055184109914585,-99.99999999998802,0.00009975581929085901994574675,1.198248685069146969650469e-11,-4.001061760180641,-4.186294632322002,1.58638151284586e-55,1.6996464980222332e-56,1.0619190309689812e-55
0.0,0.6833333333333333,0.0013346354166666667,0.9972845824602844,0.02006145549131143,-99.99999999998668,0.00009972845824602843699248638,1.331024823717351396920163e-11,-4.001180894891509,-4.207008146642026,1.6071168596661147e-54,1.7107661709739365e-55,1.0789416156090979e-54
0.0,0.7516666666666666,0.0014680989583333332,0.9970105132084545,0.02006775486618107,-99.99999999998536,0.00009970105132084545133170102,1.463728065580108720973169e-11,-4.001300262145369,-4.227724518581092,1.3051639020504404e-53,1.3804686892458686e-54,8.787780160337344e-54
0.0,0.82,0.0016015625,0.9967359854031891,0.02007408224295107,-99.99999999998404,0.00009967359854031890933675675,1.59635830862288046117384e-11,-4.001419862016057,-4.248443757820692,8.830705452379875e-53,9.28112902823539e-54,5.963072740400106e-53
0.0,0.8883333333333333,0.0017350260416666666,0.9964609992955438,0.020080437630062994,-99.9999999999827,0.00009964609992955437227258171,1.728915450978534701821464e-11,-4.001539694577339,-4.26916587404465,5.1256294974730914e-52,5.353300812982787e-53,3.4711984758933514e-52
0.0,0.9566666666666666,0.0018684895833333331,0.9961855551375403,0.020086821035972445,-99.99999999998138,0.00009961855551375402995390444,1.861399390947699193610397e-11,-4.001659759902913,-4.289890876939118,2.6109536983378457e-51,2.7099875578902846e-52,1.7733150514587168e-51
0.0,1.025,0.002001953125,0.9959096531821662,0.02009323246914905,-99.99999999998006,0.00009959096531821661439584123,1.993810026999111816151364e-11,-4.001780058066405,-4.3106187761925865,1.188454194044873e-50,1.225937916891664e-51,8.095070816989563e-51
0.0,1.0933333333333333,0.0021354166666666665,0.9956332936833732,0.020099671938076484,-99.99999999997874,0.00009956332936833731309707463,2.126147257769970148599335e-11,-4.001900589141376,-4.331349581495886,4.904674064943047e-50,5.0284931406069796e-51,3.350401293452445e-50
0.0,1.1616666666666666,0.0022688802083333333,0.9953564768960769,0.020106139451252475,-99.99999999997742,0.00009953564768960768159104059,2.258410982066281887727556e-11,-4.0020213532013145,-4.352083302542187,1.857145783499255e-49,1.892512413218979e-50,1.2722666817955844e-49
0.0,1.23,0.00240234375,0.9950792030761556,0.0201126350171888,-99.9999999999761,0.00009950792030761555599220201,2.39060109886321262336732e-11,-4.002142350319642,-4.372819949027014,6.515795176591319e-49,6.600063711591125e-50,4.476536076867325e-49
0.0,1.2983333333333333,0.0025358072916666667,0.9948014724804497,0.02011915864441131,-99.99999999997478,0.0000994801472480449651758436,2.522717507305432715398244e-11,-4.002263580569712,-4.393559530648238,2.1357848216202722e-48,2.1505457745214105e-49,1.4715387710493143e-48
0.0,1.3666666666666667,0.0026692708333333334,0.9945232853667604,0.020125710341459938,-99.99999999997345,0.00009945232853667604218426305,2.654760106707465201914995e-11,-4.00238504402481,-4.414302057106085,6.586390957128602e-48,6.5928215842397654e-49,4.5509107969204755e-48
0.0,1.4349999999999998,0.0028027343749999997,0.9942446419938493,0.02013229011688869,-99.99999999997213,0.00009942446419938493595688181,2.786728796554029515926043e-11,-4.00250674075815,-4.435047538103144,1.9223159145114057e-47,1.9129470234753327e-48,1.3320154170057957e-47
0.0,1.5033333333333332,0.0029361979166666664,0.9939655426214372,0.02013889797926568,-99.99999999997081,0.00009939655426214372163481959,2.918623476500389318684542e-11,-4.002628670842882,-4.455795983344362,5.337221978901506e-47,5.280428627704892e-48,3.708775226569925e-47
0.0,1.5716666666666665,0.003069661458333333,0.9936859875102031,0.020145533937173103,-99.99999999996949,0.00009936859875102031196662745,3.050444046372692470838426e-11,-4.002750834352086,-4.476547402537054,1.4159503039984587e-46,1.3928317143708077e-47,9.86713600952445e-47
0.0,1.64,0.003203125,0.9934059769217837,0.020152197999207287,-99.99999999996818,0.00009934059769217836683854127,3.18219040616831723699176e-11,-4.002873231358773,-4.497301805390909,3.60334274621339e-46,3.524305671330623e-47,2.5181039017496865e-46
0.0,1.7083333333333333,0.0033365885416666665,0.993125511118772,0.02015889017397867,-99.99999999996686,0.00009931255111187720370555469,3.313862456056211594143758e-11,-4.002995861935891,-4.518059201617985,8.826009217713788e-46,8.583610699796333e-47,6.1852113537481655e-46
0.0,1.7766666666666666,0.0034700520833333332,0.9928445903647171,0.020165610470111815,-99.99999999996554,0.00009928445903647170655176291,3.445460096377236832059581e-11,-4.003118726156314,-4.538819600932719,2.0870221080871675e-45,2.0183211124884473e-46,1.4666836601399202e-45
0.0,1.845,0.003603515625,0.9925632149241224,0.02017235889624543,-99.99999999996423,0.00009925632149241223530459736,3.576983227644506379211482e-11,-4.003241824092855,-4.559583013051933,4.776927818010282e-45,4.593979684042315e-46,3.36646787070771e-45
0.0,1.913333333333333,0.0037369791666666662,0.9922813850624453,0.020179135461032366,-99.99999999996291,0.00009922813850624453480451151,3.708431750543724098230988e-11,-4.003365155818256,-4.580349447694832,1.0608605047507038e-44,1.0146006151072054e-45,7.497174781983194e-45
0.0,1.9816666666666665,0.003870442708333333,0.9919991010460965,0.020185940173139624,-99.9999999999616,0.00009919991010460964237862172,3.839805565933526467846805e-11,-4.003488721405193,-4.601118914583012,2.2907437333349723e-44,2.1788570843843636e-45,1.62340396862302e-44
0.0,2.05,0.00400390625,0.9917163631424379,0.020192773041248377,-99.9999999999603,0.00009917163631424379702990173,3.971104574845814607475878e-11,-4.003612520926276,-4.62189142344046,4.818705036578496e-44,4.558443881097863e-45,3.4244306582012185e-44
0.0,2.118333333333333,0.004137369791666666,0.9914331716197835,0.02019963407405397,-99.99999999995897,0.00009914331716197834653175397,4.10232867848609345740805e-11,-4.003736554454046,-4.642666983993563,9.891573900421152e-44,9.306878142974548e-45,7.049017359816465e-44
0.0,2.1866666666666665,0.004270833333333333,0.9911495267473965,0.020206523280265926,-99.99999999995767,0.00009911495267473965411199894,4.233477778233810213599625e-11,-4.003860822060981,-4.6634456059711065,1.9845235295806545e-43,1.857228174595656e-44,1.4181488001403155e-43
0.0,2.255,0.004404296875,0.9908654287954901,0.02021344066860796,-99.99999999995636,0.00009908654287954900664015648,4.364551775642683193198715e-11,-4.00398532381949,-4.6842272991042835,3.896863422059764e-43,3.62754083130279e-44,2.7924174243490963e-43
0.0,2.3233333333333333,0.0045377604166666665,0.9905808780352252,0.020220386247817992,-99.99999999995505,0.00009905808780352252046349065,4.495550572441038986870898e-11,-4.004110059801916,-4.705012073126692,7.49893573271587e-43,6.943881685767073e-44,5.388422492032844e-43
0.0,2.3916666666666666,0.004671223958333333,0.9902958747387105,0.020227360026648145,-99.99999999995373,0.00009902958747387104758304763,4.626474070532145408790615e-11,-4.004235030080538,-4.725799937774346,1.415854220519721e-42,1.3041992224876231e-43,1.020174971952668e-42
0.0,2.46,0.0048046875,0.9900104191790008,0.020234362013864766,-99.99999999995242,0.00009900104191790008171803989,4.75732217199454236105625e-11,-4.004360234727566,-4.746590902785674,2.6256560426322795e-42,2.406039934794794e-43,1.8970787093038597e-42
0.0,2.5283333333333333,0.004938151041666667,0.9897245116300967,0.02024139221824842,-99.99999999995111,0.00009897245116300966388484042,4.888094779082372336995771e-11,-4.0044856738151475,-4.767384977901525,4.787239233889943e-42,4.3642170703132074e-43,3.468337305964609e-42
0.0,2.5966666666666667,0.005071614583333333,0.9894381523669429,0.020248450648593923,-99.99999999994981,0.0000989438152366942872379051,5.018791794225711706265775e-11,-4.004611347415363,-4.788182172865173,8.589222083327437e-42,7.790182083656942e-43,6.239876707841008e-42
0.0,2.665,0.005205078125,0.9891513416654281,0.02025553731371033,-99.9999999999485,0.00009891513416654280217693634,5.149413120030898186390382e-11,-4.004737255600225,-4.808982497422317,1.5177724764254463e-41,1.3695853581165912e-42,1.1056359302827855e-41
0.0,2.7333333333333334,0.005338541666666667,0.9888640798023832,0.020262652222420945,-99.9999999999472,0.0000988864079802383204233625,5.279958659280860430937402e-11,-4.004863398441686,-4.829785961321091,2.643497074927381e-41,2.3733716873557084e-42,1.9309228647533713e-41
0.0,2.8016666666666663,0.005472005208333333,0.9885763670555812,0.02026979538356335,-99.9999999999459,0.00009885763670555811957603213,5.410428314935442848371504e-11,-4.00498977601163,-4.850592574312064,4.5413049049442857e-41,4.0568379923737124e-42,3.3261720640792e-41
0.0,2.8699999999999997,0.005605468749999999,0.9882882037037355,0.020276966805989394,-99.99999999994459,0.00009882882037037354579233223,5.540821990131736347933666e-11,-4.005116388381876,-4.871402346148242,7.700165527368886e-41,6.84451200576988e-42,5.65508870366949e-41
0.0,2.938333333333333,0.005738932291666666,0.9879995900264992,0.020284166498565206,-99.99999999994328,0.000098799959002649918467229,5.671139588184397442435525e-11,-4.00524323562418,-4.892215286585078,1.2894503113456836e-40,1.1405059939323508e-41,9.495473926148873e-41
0.0,3.0066666666666664,0.005872395833333333,0.9877105263044643,0.020291394470171212,-99.99999999994199,0.00009877105263044643219490554,5.801381012585977090269348e-11,-4.005370317810232,-4.913031405380467,2.133749503153895e-40,1.8780268595534295e-41,1.5755257910009848e-40
0.0,3.0749999999999997,0.0060058593749999995,0.9874210128191606,0.020298650729702144,-99.99999999994068,0.00009874210128191605988840093,5.931546167007241711427033e-11,-4.005497635011657,-4.93385071229476,3.490991958502518e-40,3.0576464323293816e-41,2.584629934873801e-40
0.0,3.143333333333333,0.006139322916666666,0.9871310498530546,0.020305935286067042,-99.99999999993939,0.00009871310498530545473854556,6.061634955297496871145163e-11,-4.005625187300018,-4.954673217090759,5.649862242701265e-40,4.924597560602383e-41,4.1942297665536816e-40
0.0,3.2116666666666664,0.006272786458333333,0.9868406376895485,0.020313248148189265,-99.99999999993808,0.00009868406376895485223723759,6.191647281484908098378275e-11,-4.005752974746813,-4.975498929533729,9.049268249949464e-40,7.84973544326296e-41,6.7358137719305745e-40
0.0,3.28,0.00640625,0.9865497766129797,0.02032058932500651,-99.99999999993679,0.00009865497766129797171625505,6.321583049776821316185493e-11,-4.005880997423476,-4.996327859391393,1.4350460366664287e-39,1.2388822979737591e-40,1.0710311860514625e-39
0.0,3.348333333333333,0.006539713541666666,0.9862584669086192,0.020327958825470806,-99.99999999993548,0.00009862584669086191791254976,6.451442164560080599949364e-11,-4.006009255401374,-5.017160016433943,2.254101050769501e-39,1.9367520546248155e-40,1.6868123590836643e-39
0.0,3.4166666666666665,0.006673177083333333,0.9859667088626708,0.020335356658548544,-99.99999999993419,0.00009859667088626708059898414,6.581224530401352002544964e-11,-4.006137748751817,-5.03799541043404,3.508356358176771e-39,3.000228558971221e-40,2.6323985951907145e-39
0.0,3.485,0.006806640625,0.9856745027622703,0.02034278283322046,-99.9999999999329,0.00009856745027622703654335856,6.710930052047434439735309e-11,-4.006266477546045,-5.058834051166821,5.4127058373838845e-39,4.607108355581868e-40,4.072062098766465e-39
0.0,3.5533333333333332,0.0069401041666666665,0.9853818488954845,0.02035023735848168,-99.99999999993159,0.00009853818488954844885323575,6.840558634425579682172278e-11,-4.006395441855238,-5.079675948409898,8.280451328671327e-39,7.01527233983759e-40,6.24602133723565e-39
0.0,3.6216666666666666,0.007073567708333333,0.9850887475513097,0.020357720243341683,-99.9999999999303,0.00009850887475513096647278101,6.970110182643809090804202e-11,-4.006524641750514,-5.100521111943368,1.256499781960794e-38,1.059601193547005e-39,9.502958710935546e-39
0.0,3.69,0.00720703125,0.9847951990196713,0.020365231496824364,-99.999999999929,0.00009847951990196712422442274,7.099584601991225398445939e-11,-4.006654077302925,-5.1213695515498125,1.8917849601188436e-38,1.5880130317928985e-39,1.4345399824621014e-38
0.0,3.7583333333333333,0.007340494791666667,0.9845012035914225,0.020372771127968,-99.99999999992771,0.00009845012035914224151084313,7.228981797938327881639196e-11,-4.006783748583462,-5.1422212770143005,2.826876948701727e-38,2.362131440765751e-39,2.1492639892295579e-38
0.0,3.826666666666666,0.0074739583333333325,0.9842067615583432,0.02038033914582528,-99.99999999992642,0.00009842067615583432121952659,7.358301676137324091809057e-11,-4.006913655663053,-5.163076298124398,4.193589527349643e-38,3.488272003723321e-39,3.196746970571984e-38
0.0,3.8949999999999996,0.007607421874999999,0.9839118732131394,0.02038793555946332,-99.99999999992512,0.00009839118732131394702233851,7.487544142422446095420897e-11,-4.007043798612564,-5.183934624670168,6.177612086521782e-38,5.115458307420274e-39,4.721499960915373e-38
0.0,3.963333333333333,0.007740885416666666,0.9836165388494418,0.020395560377963654,-99.99999999992383,0.00009836165388494418333924126,7.616709102810252490682546e-11,-4.007174177502797,-5.20479626644417,9.038930264343096e-38,7.451307567669861e-39,6.926453839107145e-38
0.0,4.031666666666666,0.007874348958333333,0.9833207587618047,0.02040321361042226,-99.99999999992254,0.00009833207587618047145756173,7.74579646349994477110408e-11,-4.007304792404494,-5.225661233241475,1.313940426102388e-37,1.0783370836412733e-38,1.009489218674744e-37
0.0,4.1,0.0080078125,0.9830245332457053,0.02041089526594957,-99.99999999992126,0.00009830245332457052649891501,7.874806130873677397262414e-11,-4.007435643388334,-5.2465295348596594,1.897981742916868e-37,1.5507650675860252e-38,1.4620011134342993e-37
0.05,0.0,0.0,1.0,0.22,-99.50186876947282,4.004880184231565466018222e-27,0.0,-26.397410472365124,-3.978999997895,2.282861696226495e-82,2.5640378869383238e-82,0.0
0.05,0.06833333333333333,0.00013346354166666666,0.9896733971563472,0.22205800334330908,-99.50186876947282,3.963523377132590947983126e-27,2.118596235058834282260631e-57,-26.4019185759644,-3.998978357996534,1.988601915813291e-64,4.7382783685850644e-79,1.6434456653209046e-59
0.05,0.13666666666666666,0.0002669270833333333,0.9793609343813681,0.22411643848537666,-99.50186876947282,3.92222319931445136753079e-27,4.193467650160152452826934e-57,-26.406467695861377,-4.01895921091319,8.360591746549659e-58,1.98522691856062e-72,7.056285319367724e-53
0.05,0.205,0.000400390625,0.9690634219428812,0.22617530728234989,-99.50186876947282,3.880982895802677517929637e-27,6.225130838697498385272576e-57,-26.41105827127052,-4.038942564872993,6.271109129280911e-54,1.484561588004353e-68,5.4053540076514926e-49
0.05,0.2733333333333333,0.0005338541666666666,0.9587816654236578,0.22823461159088598,-99.50186876947282,3.839805692859746033616425e-27,8.2141038030698770334368e-57,-26.41569075184442,-4.05892842810532,3.5250604819238334e-51,8.318185511373541e-66,3.1031087912692035e-46
0.05,0.3416666666666667,0.0006673177083333333,0.9485164656446509,0.23029435326815323,-99.50186876947282,3.798694797677622795645921e-27,1.016090579595479736279952e-56,-26.420365597998067,-4.078916808840898,4.791011804361527e-49,1.1267430292516109e-63,4.307439844857402e-44
0.05,0.41,0.00080078125,0.9382686185889936,0.23235453417183158,-99.50186876947282,3.757653398073385128543036e-27,1.206605716285487109164691e-56,-26.425083281246184,-4.098907715311806,2.6529278330259323e-47,6.217074944400861e-62,2.4360758294116522e-42
0.05,0.4783333333333333,0.0009342447916666666,0.9280389153267742,0.23441515616011355,-99.50186876947282,3.716684662187953662719861e-27,1.39300791859637581282243e-56,-26.429844284554314,-4.118901155751474,7.905621907902285e-46,1.845810467626281e-60,7.414597118140433e-41
0.05,0.5466666666666666,0.0010677083333333333,0.9178281419405954,0.23647622109170496,-99.50186876947282,3.675791738187966784538348e-27,1.575349392939623271193154e-56,-26.434649102704306,-4.138897138394685,1.4969614860548652e-44,3.481604148540553e-59,1.43404240131356e-39
0.05,0.615,0.001201171875,0.9076370794519256,0.23853773082582572,-99.50186876947282,3.634977753970827820127862e-27,1.753682408582634400999732e-56,-26.439498242674897,-4.158895671477574,2.004880486507351e-43,4.6441064295469975e-58,1.9617982025523587e-38
0.05,0.6833333333333333,0.0013346354166666667,0.8974665037482514,0.24059968722221067,-99.50186876947282,3.594245816872956341991474e-27,1.928059282457664336667478e-56,-26.44439222403819,-4.1788967632376295,2.0433670201650194e-42,4.713375758524667e-57,2.042406892941735e-37
0.05,0.7516666666666666,0.0014680989583333332,0.8873171855110362,0.24266209214111037,-99.50186876947282,3.55359901338127284594362e-27,2.098532364120059143561795e-56,-26.4493315793728,-4.198900421913691,1.669742185162308e-41,3.834723688782e-56,1.7048723175838175e-36
0.05,0.82,0.0016015625,0.877189890144494,0.24472494744329182,-99.50186876947282,3.513040408847947667353596e-27,2.265154020859922218026097e-56,-26.454316854694525,-4.218906655745952,1.1369274538050713e-40,2.599220891672327e-55,1.1858757736168801e-35
0.05,0.8883333333333333,0.0017350260416666666,0.8670853777051862,0.2467882549900393,-99.50186876947282,3.47257304720844285702133e-27,2.427976622971226020200335e-56,-26.45934860990543,-4.238915472975961,6.642098270983224e-40,1.5113607417516582e-54,7.077732516868783e-35
0.05,0.9566666666666666,0.0018684895833333331,0.8570044028324475,0.2488520166431552,-99.50186876947282,3.432199950702875269747897e-27,2.587052529182291866668004e-56,-26.464427419262318,-4.258926881846618,3.4060102653655225e-39,7.712365823391192e-54,3.7079730155528405e-34
0.05,1.025,0.002001953125,0.8469477146796476,0.25091623426496074,-99.50186876947282,3.391924119600730239100284e-27,2.742434072251456598512657e-56,-26.46955387186559,-4.278940890602177,1.5609397242005168e-38,3.5166798158200613e-53,1.7361963115739884e-33
0.05,1.0933333333333333,0.0021354166666666665,0.836916056846297,0.25298090971829673,-99.50186876947282,3.351748531928953123628039e-27,2.894173544731653287682609e-56,-26.474728572169553,-4.298957507488248,6.486930048776178e-38,1.4538409145571454e-52,7.372169040639814e-33
0.05,1.1616666666666666,0.0022688802083333333,0.8269101673110033,0.2550460448665245,-99.50186876947282,3.311676143203445534191107e-27,3.042323184907533540924873e-56,-26.479952140515376,-4.3189767407517925,2.473826290597503e-37,5.514466796915781e-52,2.872704221823846e-32
0.05,1.23,0.00240234375,0.8169307783652838,0.2571116415735267,-99.50186876947282,3.271709886163994151925785e-27,3.186935162908652936310819e-56,-26.485225213687798,-4.3389985986411315,8.742866506259002e-37,1.9380733387991155e-51,1.0374435047410292e-31
0.05,1.2983333333333333,0.0025358072916666667,0.8069786165482422,0.2591777017037078,-99.50186876947282,3.231852670512657960123711e-27,3.32806156700214662352111e-56,-26.49054844549701,-4.359023089405936,2.8871979092731627e-36,6.363558041281989e-51,3.5010661094220066e-31
0.05,1.3666666666666667,0.0026692708333333334,0.7970544025821146,0.2612442271219953,-99.50186876947282,3.192107382655639171875125e-27,3.465754390068220479123595e-56,-26.49592250738698,-4.379050221297234,8.971580924606762e-36,1.965731714994836e-50,1.111811450290106e-30
0.05,1.4349999999999998,0.0028027343749999997,0.7871588513086928,0.2633112196938401,-99.50186876947282,3.152476885448664794651801e-27,3.600065516261673522233779e-56,-26.50134808907174,-4.399080002567411,2.638874972535992e-35,5.746854955230342e-50,3.342301788410828e-30
0.05,1.5033333333333332,0.0029361979166666664,0.7772926716266294,0.26537868128521774,-99.50186876947282,3.112964017945901195338891e-27,3.731046707862578898857566e-56,-26.50682589920115,-4.419112441470205,7.385033639039432e-35,1.5982473967865724e-49,9.56029549848417e-30
0.05,1.5716666666666665,0.003069661458333333,0.7674565664296321,0.2674466137626288,-99.50186876947282,3.073571595152429629898809e-27,3.858749592319126434647767e-56,-26.51235666605785,-4.439147546260713,1.9751468956541207e-34,4.247120298632183e-49,2.6135967479761386e-29
0.05,1.64,0.003203125,0.7576512325455519,0.26951501899309993,-99.50186876947282,3.034302407780302363836379e-27,3.983225649485552648448751e-56,-26.5179411382871,-4.459185325195387,5.068070227163167e-34,1.0825912185289634e-48,6.855380364130305e-29
0.05,1.7083333333333333,0.0033365885416666665,0.7478773606763722,0.27158389884418455,-99.50186876947282,2.995159222008206670761113e-27,4.104526199057952433627272e-56,-26.523580085661465,-4.479225786532033,1.251869516607763e-33,2.6560133787857282e-48,1.731124208243762e-28
0.05,1.7766666666666666,0.0034700520833333332,0.7381356353391044,0.2736532551839636,-99.50186876947282,2.956144779244756205375702e-27,4.222702388210686051715407e-56,-26.529274299882303,-4.499268938529817,2.985739207292432e-33,6.29063495984185e-48,4.2211699726314065e-28
0.05,1.845,0.003603515625,0.728426734807594,0.27572308988104655,-99.50186876947282,2.917261795895434786334201e-27,4.337805179435970531923579e-56,-26.53502459542025,-4.519314789449263,6.894085727653444e-33,1.442156131784984e-47,9.965569639117207e-28
0.05,1.913333333333333,0.0037369791666666662,0.7187513310552451,0.2777934048045719,-99.50186876947282,2.878512963133213132700913e-27,4.449885338589152177550391e-56,-26.54083181039695,-4.539363347552247,1.544767358969351e-32,3.207839876675198e-47,2.283320166539481e-27
0.05,1.9816666666666665,0.003870442708333333,0.7091100896986667,0.2798642018242082,-99.50186876947282,2.839900946672858558189168e-27,4.558993423142050721118743e-56,-26.54669680751057,-4.559414621102008,3.366141310349426e-32,6.937713393613278e-47,5.088025668130697e-27
0.05,2.05,0.00400390625,0.6995036699422471,0.2819354828101546,-99.50186876947282,2.801428386548962541848292e-27,4.66517977064664446079534e-56,-26.552620475007636,-4.57946861836314,7.146807469527909e-32,1.4616732599049679e-46,1.1047865015198523e-26
0.05,2.118333333333333,0.004137369791666666,0.68993272452366,0.2840072496331421,-99.50186876947282,2.763097896897701327235083e-27,4.768494487411286628753783e-56,-26.55860372770409,-4.599525347601594,1.480977916375222e-31,3.0051084653289485e-46,2.3415394290704996e-26
0.05,2.1866666666666665,0.004270833333333333,0.6803978996603098,0.28607950416443384,-99.50186876947282,2.724912065742351634558496e-27,4.868987437391515222599195e-56,-26.564647508058552,-4.619584817084682,2.9999714430618163e-31,6.038380768002135e-46,4.851713253549368e-26
0.05,2.255,0.004404296875,0.6708998349967181,0.28815224827582614,-99.50186876947282,2.686873454782583256644121e-27,4.966708231297413198121455e-56,-26.570752787301036,-4.639647035081072,5.948818482690832e-31,1.187527383258724e-45,9.841777906907285e-26
0.05,2.3233333333333333,0.0045377604166666665,0.6614391635528579,0.29022548383964925,-99.50186876947282,2.648984599187542010128901e-27,5.061706215919390386823373e-56,-26.57692056662059,-4.659712009860793,1.1562389051991655e-30,2.288690229532329e-45,1.9570244064165937e-25
0.05,2.3916666666666666,0.004671223958333333,0.652016511673439,0.29229921272876824,-99.50186876947282,2.611248007392744855239774e-27,5.154030463674128485068463e-56,-26.583151878415624,-4.6797797496952285,2.2053496610444115e-30,4.3277245064572243e-45,3.8192158619314487e-25
0.05,2.46,0.0048046875,0.6426324989781499,0.2943734368165836,-99.50186876947282,2.57366616090080418270201e-27,5.243729762372336457502848e-56,-26.5894477876109,-4.699850262857127,4.132255074177599e-30,8.037617721458416e-45,7.322772281468119e-25
0.05,2.5283333333333333,0.004938151041666667,0.6332877383128599,0.2964481579770323,-99.50186876947282,2.536241514085997862771513e-27,5.330852605209857306921174e-56,-26.595809393045553,-4.719923557620591,7.613863238688456e-30,1.4676343577149127e-44,1.3807976911849323e-24
0.05,2.5966666666666667,0.005071614583333333,0.6239828357017855,0.29852337808458823,-99.50186876947282,2.49897649400270129792134e-27,5.415447180983560926977761e-56,-26.602237828936747,-4.739999642261086,1.3807836252271655e-29,2.637087816478088e-44,2.562910653854494e-24
0.05,2.665,0.005205078125,0.6147183903006251,0.30059909901426346,-99.50186876947282,2.461873500197698823265204e-27,5.49756136453334867101518e-56,-26.608734266424012,-4.7600785250554365,2.466678167572657e-29,4.666704114763296e-44,4.686524309270373e-24
0.05,2.7333333333333334,0.005338541666666667,0.6054949943506666,0.30267532264160857,-99.50186876947282,2.424934904526388250786503e-27,5.577242707411497191205997e-56,-26.61529991519963,-4.780160214281826,4.3441202867247246e-29,8.139731650590892e-44,8.449283804082097e-24
0.05,2.8016666666666663,0.005472005208333333,0.5963132331338704,0.3047520508427137,-99.50186876947282,2.388163050972895472849273e-27,5.654538428780455983014011e-56,-26.62193602523094,-4.800244718219797,7.54753402743835e-29,1.4003429789181208e-43,1.502980710734955e-23
0.05,2.8699999999999997,0.005605468749999999,0.5871736849289325,0.3068292854942094,-99.50186876947282,2.351560255474110515235936e-27,5.729495406540119609755386e-56,-26.62864388858082,-4.8203320451502565,1.294527268947075e-28,2.3777773205513467e-43,2.6396230610603892e-23
0.05,2.938333333333333,0.005738932291666666,0.5780769209683306,0.30890702847326723,-99.50186876947282,2.315128805747663873253281e-27,5.80216016868547457057916e-56,-26.635424841333165,-4.84042220335547,2.193254017907978e-28,3.987383138693816e-43,4.579896804279777e-23
0.05,3.0066666666666664,0.005872395833333333,0.5690235053963563,0.31098528165760075,-99.50186876947282,2.27887096112385044063109e-27,5.87257888489544039262046e-56,-26.64228026563071,-4.860515201119061,3.672726459010033e-28,6.607450489174047e-43,7.855008331854929e-23
0.05,3.0749999999999997,0.0060058593749999995,0.5600139952281377,0.31306404692546613,-99.50186876947282,2.242788952381518771296899e-27,5.940797358353598487906774e-56,-26.6492115918332,-4.880611046726019,6.081962241006024e-28,1.0825335549791003e-42,1.3324471498591076e-22
0.05,3.143333333333333,0.006139322916666666,0.5510489403096538,0.3151433261556631,-99.50186876947282,2.206884981587934979043509e-27,6.006861017801416204904108e-56,-26.65622030080452,-4.900709748462691,9.96489300215956e-28,1.7543948056745942e-42,2.236586525334626e-22
0.05,3.2116666666666664,0.006272786458333333,0.5421288832787453,0.3172231212275357,-99.50186876947282,2.171161221942634530154606e-27,6.070814909824462449955393e-56,-26.66330792633814,-4.920811314616788,1.6161426686506567e-27,2.8138103897051902e-42,3.716720247743424e-22
0.05,3.28,0.00640625,0.5332543595271236,0.3193034340209731,-99.50186876947282,2.135619817625272400122027e-27,6.132703691372014441610813e-56,-26.670476057731076,-4.940915753477381,2.595711830273829e-27,4.46821482435824e-42,6.117385873566509e-22
0.05,3.348333333333333,0.006539713541666666,0.5244258971633804,0.32138426641641027,-99.50186876947282,2.100262883647482837857609e-27,6.19257162251035207167998e-56,-26.677726342517463,-4.961023073334903,4.130312032044121e-27,7.027864922679324e-42,9.976666081578028e-22
0.05,3.4166666666666665,0.006673177083333333,0.515644016977001,0.32346562029482895,-99.50186876947282,2.065092505708756431595248e-27,6.250462559409941555645649e-56,-26.685060489373665,-4.981133282481151,6.513703508748133e-27,1.0952935239452138e-41,1.6128336986066448e-21
0.05,3.485,0.006806640625,0.5069092324033848,0.3255474975377584,-99.50186876947282,2.03011074005634917942095e-27,6.306419947566598105831893e-56,-26.692480271208144,-5.001246389209281,1.0184766799428043e-26,1.692049402553717e-41,2.58547019922643e-21
0.05,3.5533333333333332,0.0069401041666666665,0.498222049489872,0.3276299000272762,-99.50186876947282,1.995319613349226532028474e-27,6.360486815256638049842667e-56,-26.699987528450308,-5.021362401813813,1.579436966480449e-26,2.591907089292524e-41,4.111378234608132e-21
0.05,3.6216666666666666,0.007073567708333333,0.48958296686278185,0.32971282964600884,-99.50186876947282,1.960721122526054224316618e-27,6.412705767225917104543375e-56,-26.707584172553975,-5.041481328590631,2.4300954347520594e-26,3.938126603407455e-41,6.487495780140878e-21
0.05,3.69,0.00720703125,0.4809924756954634,0.331796288277133,-99.50186876947282,1.926317234677244208718181e-27,6.463118978612560363323793e-56,-26.715272189732456,-5.0616031778369805,3.710634057819866e-26,5.936847638659672e-41,1.0161190992572733e-20
0.05,3.7583333333333333,0.007340494791666667,0.47245105967735923,0.3338802778043758,-99.50186876947282,1.892109886921060787767243e-27,6.511768189103097667951033e-56,-26.72305364494394,-5.08172795785147,5.624752791627736e-26,8.882658722790433e-41,1.580225278668551e-20
0.05,3.826666666666666,0.0074739583333333325,0.4639591949840861,0.33596480011201596,-99.50186876947282,1.858100986283795566000071e-27,6.558694697321616918217915e-56,-26.730930686147566,-5.101855676934072,8.46492197117535e-26,1.3193772806957735e-40,2.4407464677351233e-20
0.05,3.8949999999999996,0.007607421874999999,0.455517350248532,0.33804985708488455,-99.50186876947282,1.824292409584015362171738e-27,6.603939355451459851132497e-56,-26.73890554885261,-5.121986343386121,1.2652335458557415e-25,1.9460133466568845e-40,3.745173328403517e-20
0.05,3.963333333333333,0.007740885416666666,0.4471259865329731,0.3401354506083657,-99.50186876947282,1.790686003320893686511916e-27,6.647542564088882357531922e-56,-26.74698056098533,-5.142119965510316,1.8788336136950944e-25,2.8508831512392486e-40,5.710543247856496e-20
0.05,4.031666666666666,0.007874348958333333,0.43878555730220964,0.3422215825683974,-99.50186876947282,1.757283583566623421037291e-27,6.68954426732802660000303e-56,-26.755158148100513,-5.16225655161072,2.7725446374569916e-25,4.149257375750072e-40,8.65455217599862e-20
0.05,4.1,0.0080078125,0.4304965083977235,0.3443082548514724,-99.50186876947282,1.724086935862920744224658e-27,6.729983948076443584032714e-56,-26.76344083896744,-5.1823961099927605,4.0666717692338594e-25,6.000869479088855e-40,1.3039892344720435e-19
0.2,0.0,0.0,1.0,0.82,-92.45562130177515,1.332423104447496860054863e-81,0.0,-80.87535784517401,-3.6759999660799973,3.709881399845899e-82,2.8751915666301895e-82,0.0
0.2,0.06833333333333333,0.00013346354166666666,0.9836896404426476,0.8272797310801665,-92.45562130177515,1.310690804531434475597417e-81,2.330973403080817340786879e-166,-80.88249974745813,-3.686842300254446,6.231864536976714e-62,3.5362456825783836e-77,7.170993946499254e-57
0.2,0.13666666666666666,0.0002669270833333333,0.9674742507855831,0.8345605137886839,-92.45562130177515,1.289085044704742872119425e-81,4.586133446135501190512527e-166,-80.88971843002625,-3.697684184790095,2.640046491663531e-55,1.4828890635226952e-70,3.1064218424989563e-50
0.2,0.205,0.000400390625,0.9513551230124125,0.8418423515830764,-92.45562130177515,1.267607546436228966061213e-81,6.767168196205293378169939e-166,-80.89701518399274,-3.7085256147559553,1.9955237562386433e-51,1.1091997642185714e-66,2.4012855714966062e-46
0.2,0.2733333333333333,0.0005338541666666666,0.9353335258884773,0.8491252479200109,-92.45562130177515,1.246260000258148131354286e-81,8.875749467004257737640188e-166,-80.90439134379402,-3.7193665852170494,1.1304508019691936e-48,6.21661626298912e-64,1.391325921504353e-43
0.2,0.3416666666666667,0.0006673177083333333,0.9194107048683604,0.8564092062552885,-92.45562130177515,1.225044065642962067147693e-81,1.091353245895608775918314e-165,-80.91184828915955,-3.730207091234402,1.5485329989269125e-46,8.422967278381374e-62,1.9495840383308625e-41
0.2,0.41,0.00080078125,0.903587882008098,0.863694230043837,-92.45562130177515,1.203961370886368492341201e-81,1.288215541350951750584884e-165,-80.91938744719782,-3.7410471278650266,8.642978307014176e-45,4.6488119243140513e-60,1.11323015963016e-39
0.2,0.4783333333333333,0.0009342447916666666,0.8878662558820977,0.8709803227397028,-92.45562130177515,1.183013512996600232114016e-81,1.47832392817040050506011e-165,-80.92701029460594,-3.7518866901619163,2.596309797797919e-43,1.3805733400611111e-58,3.421650691051453e-38
0.2,0.5466666666666666,0.0010677083333333333,0.8722470015047589,0.8782674877960427,-92.45562130177515,1.162202057589991303239287e-81,1.661838740694910429275472e-165,-80.93471836001135,-3.7627257731740307,4.956241214913146e-42,2.604768532528851e-57,6.684187795940081e-37
0.2,0.615,0.001201171875,0.8567312702567942,0.885555728665116,-92.45562130177515,1.141528538792805161312237e-81,1.838918522197305140942709e-165,-80.94251322645556,-3.773564371946287,6.692550430425756e-41,3.4754427522163407e-56,9.237750832767461e-36
0.2,0.6833333333333333,0.0013346354166666667,0.841320189816246,0.8928450487982766,-92.45562130177515,1.120994459149319906709756e-81,2.0097199959888132584633e-165,-80.9503965340302,-3.7844024815195483,6.877841001348869e-40,3.528248211957227e-55,9.717809740734697e-35
0.2,0.7516666666666666,0.0014680989583333332,0.826014864094194,0.9001354516459651,-92.45562130177515,1.100601289536163155616063e-81,2.174398037931272878678508e-165,-80.95836998267686,-3.7952400969306113,5.667613848332967e-39,2.871316680852197e-54,8.198293644677198e-34
0.2,0.82,0.0016015625,0.8108163731751468,0.9074269406577001,-92.45562130177515,1.080350469082889109305306e-81,2.333105650348223123710466e-165,-80.96643533516311,-3.806077213212197,3.891996748487081e-38,1.946753739334762e-53,5.7646107525604054e-33
0.2,0.8883333333333333,0.0017350260416666666,0.795725773262112,0.9147195192820714,-92.45562130177515,1.06024340509878827456422e-81,2.485993937327362383643673e-165,-80.97459442024822,-3.8169138253929393,2.293396020283894e-37,1.1322899034995903e-52,3.478726894380753e-32
0.2,0.9566666666666666,0.0018684895833333331,0.780744096626336,0.9220131909667306,-92.45562130177515,1.040281473005919080739084e-81,2.633212081406119225826805e-165,-80.98284913605313,-3.827749928497372,1.1863158387292013e-36,5.7796247985984986e-52,1.8431344055635265e-31
0.2,1.025,0.002001953125,0.7658723515617039,0.9293079591583843,-92.45562130177515,1.020466016278350218018622e-81,2.774907321631357413000314e-165,-80.99120145365103,-3.838585517545922,5.4849058429477645e-36,2.6361385750223437e-51,8.730017760578644e-31
0.2,1.0933333333333333,0.0021354166666666665,0.7511115223437919,0.9366038273027848,-92.45562130177515,1.000798346387600506232531e-81,2.911224932983539329649448e-165,-80.99965342089591,-3.8494205875548926,2.2998552828734204e-35,1.0901255855024097e-50,3.750696460148239e-30
0.2,1.1616666666666666,0.0022688802083333333,0.7364625691935595,0.9439007988447236,-92.45562130177515,9.81279742754261914676875e-82,3.042308207154983094598813e-165,-81.0082071665083,-3.860255133536458,8.850339473662666e-35,4.136073663963088e-50,1.479160719849569e-29
0.2,1.23,0.00240234375,0.7219264282456717,0.9511988772280215,-92.45562130177515,9.619114527057909341671502e-82,3.168298434671170270116985e-165,-81.01686490443952,-3.8710891504986478,3.1566531374745215e-34,1.4540551946160874e-49,5.407634780537541e-29
0.2,1.2983333333333333,0.0025358072916666667,0.7075040115214376,0.9584980658955224,-92.45562130177515,9.426946914404515238832312e-82,3.289334888343409627486113e-165,-81.02562893853712,-3.8819226334453396,1.052171303754737e-33,4.775705011217427e-49,1.8478876585382328e-28
0.2,1.3666666666666667,0.0026692708333333334,0.6931962069063525,0.9657983682890838,-92.45562130177515,9.236306419973916597591375e-82,3.405554808040520832261115e-165,-81.03450166753741,-3.8927555773762452,3.30044254393897e-33,1.4756704403983165e-48,5.943689420673417e-28
0.2,1.4349999999999998,0.0028027343749999997,0.6790038781322297,0.9730997878495694,-92.45562130177515,9.047204552328353725019388e-82,3.517093386766570501235324e-165,-81.04348559041247,-3.903587977286901,9.801073191867104e-33,4.3154279421599885e-48,1.8102614383148787e-27
0.2,1.5033333333333332,0.0029361979166666664,0.6649278647639061,0.980402328016841,-92.45562130177515,8.859652498023690323177526e-82,3.624083758031096820565716e-165,-81.05258331210284,-3.914419828168657,2.7696138980823156e-32,1.200513333257767e-47,5.247619902910569e-27
0.2,1.5716666666666665,0.003069661458333333,0.6509689821905068,0.9877059922297501,-92.45562130177515,8.673661121493024000522621e-82,3.726656984497649449721071e-165,-81.06179754966945,-3.925251125008665,7.480669820572603e-32,3.1911538412061966e-47,1.454299178409772e-26
0.2,1.64,0.003203125,0.6371280216212517,0.9950107839261302,-92.45562130177515,8.489240964990800699434322e-82,3.824942047895918807927202e-165,-81.07113113890242,-3.9360818627898677,1.9387536612984114e-31,8.136707847912364e-47,3.868153742552386e-26
0.2,1.7083333333333333,0.0033365885416666665,0.6234057500857847,1.0023167065427883,-92.45562130177515,8.306402248597216743422338e-82,3.919065840182148425316458e-165,-81.0805870414279,-3.9469120364909887,4.837766164864037e-31,1.9968542666729046e-46,9.908197064779839e-26
0.2,1.7766666666666666,0.0034700520833333332,0.60980291043901,1.0096237635154972,-92.45562130177515,8.125154870282646310574288e-82,4.009153155932003211129436e-165,-81.09016835235916,-3.9577416410865203,1.1657697168186723e-30,4.730895232785556e-46,2.4515193100152623e-25
0.2,1.845,0.003603515625,0.5963202213704135,1.0169319582789869,-92.45562130177515,7.945508406031849415647773e-82,4.095326685949527793748466e-165,-81.09987830854219,-3.9685706715467126,2.720097589591421e-30,1.084912479473807e-45,5.874722393274642e-25
0.2,1.913333333333333,0.0037369791666666662,0.582958377417851,1.024241294266937,-92.45562130177515,7.76747211002768551478937e-82,4.177707012075334035450452e-165,-81.10972029745281,-3.979399122837563,6.160164010418731e-30,2.41395697751024e-45,1.3667419763824e-24
0.2,1.9816666666666665,0.003870442708333333,0.5697180489857805,1.0315517749119685,-92.45562130177515,7.591054914894046896051645e-82,4.256412603176668276713355e-165,-81.11969786680778,-3.990226989920806,1.3569385950346235e-29,5.2223798791733127e-45,3.0935748612505354e-24
0.2,2.05,0.00400390625,0.5565998823679188,1.0388634036456348,-92.45562130177515,7.416265431997739888133405e-82,4.331559812301527852453786e-165,-81.12981473495996,-4.0010542677539,2.912854675049979e-29,1.1006228068315693e-44,6.825650961463131e-24
0.2,2.118333333333333,0.004137369791666666,0.543604499774298,1.046176183898415,-92.45562130177515,7.243111951808988501233282e-82,4.403262874978564339681467e-165,-81.14007480215575,-4.011880951290017,6.104042259111744e-29,2.263525011056362e-44,1.470585560035941e-23
0.2,2.1866666666666665,0.004270833333333333,0.5307324993626985,1.0534901190997041,-92.45562130177515,7.071602444320258734652546e-82,4.471633908644060794379085e-165,-81.15048216274204,-4.022707035478033,1.2506474213976725e-28,4.549706888244109e-44,3.098718102105184e-23
0.2,2.255,0.004404296875,0.5179844552744357,1.0608052126778071,-92.45562130177515,6.901744559523091518984021e-82,4.53678291317685589515078e-165,-81.16104111842073,-4.033532515262515,2.508923281670676e-28,8.950456161863037e-44,6.394996235124766e-23
0.2,2.3233333333333333,0.0045377604166666665,0.5053609176744741,1.068121468059928,-92.45562130177515,6.733545627942586698295785e-82,4.598817772521704493276597e-165,-81.17175619266058,-4.044357385583714,4.934428559489376e-28,1.7255518018244074e-43,1.2942896067229935e-22
0.2,2.3916666666666666,0.004671223958333333,0.49286241279584314,1.0754388886721642,-92.45562130177515,6.567012661229210055229549e-82,4.657844257381168231250263e-165,-81.18263214638993,-4.055181641377546,9.525701542238962e-28,3.2639302969480526e-43,2.572018350673786e-22
0.2,2.46,0.0048046875,0.480489442988328,1.0827574779394964,-92.45562130177515,6.402152352807565462738064e-82,4.713966028955777540697175e-165,-81.19367399510968,-4.066005277575589,1.806918500845126e-27,6.063867893595694e-43,5.023935542219891e-22
0.2,2.5283333333333333,0.004938151041666667,0.4682424867714088,1.090077239285782,-92.45562130177515,6.238971078581764624496941e-82,4.767284643711863263200658e-165,-81.20488702758352,-4.076828289105069,3.371277467894418e-27,1.1075980990593916e-42,9.655608758533918e-22
0.2,2.5966666666666667,0.005071614583333333,0.45612199889141863,1.0973981761337455,-92.45562130177515,6.077474897697017547393826e-82,4.817899559156131467061593e-165,-81.21627682628375,-4.0876506708888485,6.192312374690005e-27,1.9908186525373505e-42,1.8276180721275465e-21
0.2,2.665,0.005205078125,0.44412841038289314,1.1047202919049712,-92.45562130177515,5.917669553357063897828617e-82,4.865908140595746999982088e-165,-81.22784928979391,-4.098472417845415,1.120469415617752e-26,3.524203523288243e-42,3.409855356734986e-21
0.2,2.7333333333333334,0.005338541666666667,0.4322621286340801,1.1120435900198948,-92.45562130177515,5.759560473697042282731333e-82,4.911405668862408115328366e-165,-81.23961065739819,-4.109293524888872,1.9992512912074594e-26,6.149010523475026e-42,6.2759412683763744e-21
0.2,2.8016666666666663,0.005472005208333333,0.4205235374565804,1.1193680738977954,-92.45562130177515,5.603152772711400499217437e-82,4.954485348978620282242264e-165,-81.25156753611871,-4.120113986928927,3.520235870189647e-26,1.058217227427755e-41,1.1403489253588795e-20
0.2,2.8699999999999997,0.005605468749999999,0.4089129971590875,1.1266937469567861,-92.45562130177515,5.448451251236418618484383e-82,4.995238319744132697845462e-165,-81.26372693049943,-4.130933798870879,6.120795565578312e-26,1.7974535448838723e-41,2.0469844580511338e-20
0.2,2.938333333333333,0.005738932291666666,0.3974308446251958,1.1340206126138082,-92.45562130177515,5.295460397986941207738629e-82,5.033753664220258652299787e-165,-81.2760962754785,-4.141752955615612,1.05159994057914e-25,3.015236429929238e-41,3.63238350103578e-20
0.2,3.0066666666666664,0.005872395833333333,0.386077393395242,1.1413486742846197,-92.45562130177515,5.144184390646858734138168e-82,5.070118421089599222758483e-165,-81.28868347274224,-4.152571452059576,1.786309250851445e-25,4.998216370762267e-41,6.375792013226685e-20
0.2,3.0749999999999997,0.0060058593749999995,0.37485293375214995,1.1486779353837901,-92.45562130177515,4.994627097012915442081411e-82,5.104417596868480418680703e-165,-81.3014969310126,-4.1633892830947845,3.0016960650243645e-25,8.191643708639671e-41,1.1076206355967083e-19
0.2,3.143333333333333,0.006139322916666666,0.36375773281124174,1.1560083993246903,-92.45562130177515,4.846792076191378261516011e-82,5.136734178949244329874042e-165,-81.31454561079089,-4.1742064436088,4.992367520792689e-25,1.3280254350046284e-40,1.9054489573744234e-19
0.2,3.2116666666666664,0.006272786458333333,0.35279203461398234,1.1633400695194853,-92.45562130177515,4.700682579847111122223008e-82,5.167149149449369142635237e-165,-81.32783907416277,-4.185022928484721,8.222209485882788e-25,2.130708703281257e-40,3.2476941228421653e-19
0.2,3.28,0.00640625,0.3419560602256217,1.170672949379125,-92.45562130177515,4.556301553504580624852928e-82,5.195741499844252266632663e-165,-81.34138754036793,-4.195838732601174,1.341568667619326e-24,3.384654194203146e-40,5.487001299417709e-19
0.2,3.348333333333333,0.006539713541666666,0.33125000783669856,1.178007042313337,-92.45562130177515,4.413651637900315578169498e-82,5.222588246360364197848736e-165,-81.35520194795461,-4.206653850832301,2.1695458702817398e-24,5.3254399039939675e-40,9.19342734738337e-19
0.2,3.4166666666666665,0.006673177083333333,0.3206740528683684,1.1853423517306179,-92.45562130177515,4.27273517038632201949515e-82,5.24776444610537515884674e-165,-81.36929402447842,-4.217468278047749,3.4788482319795734e-24,8.302621511363651e-40,1.528246241143708e-18
0.2,3.485,0.006806640625,0.3102283480815201,1.1926788810382243,-92.45562130177515,4.133554186383977189873362e-82,5.271343213911760260768565e-165,-81.38367636487223,-4.228282009112659,5.53328333788269e-24,1.2830725398290202e-39,2.5215382734087516e-18
0.2,3.5533333333333332,0.0069401041666666665,0.29991302368964107,1.2000166336421654,-92.45562130177515,3.996110420887872232829599e-82,5.293395739870324139858135e-165,-81.39836251981549,-4.239095038887656,8.733190889676094e-24,1.9661283412495966e-39,4.1311379518005435e-18
0.2,3.6216666666666666,0.007073567708333333,0.2897281874753936,1.207355612947195,-92.45562130177515,3.860405310019103092328635e-82,5.313991307530022262171944e-165,-81.41336709567437,-4.249907362228834,1.368232874756446e-23,2.9883893525830046e-39,6.7231829150735765e-18
0.2,3.69,0.00720703125,0.2796739249108635,1.2146958223568016,-92.45562130177515,3.726439992627488625522162e-82,5.333197312740419237584703e-165,-81.42870586788082,-4.260718973987751,2.1285891245624694e-23,4.50670666608674e-39,1.0872888440075992e-17
0.2,3.7583333333333333,0.007340494791666667,0.26975029928144,1.2220372652732026,-92.45562130177515,3.594215311942176478514401e-82,5.351079283113103003157338e-165,-81.44439590997955,-4.271529869011414,3.2893505194176926e-23,6.745327700535987e-39,1.7479890753377077e-17
0.2,3.826666666666666,0.0074739583333333325,0.2599573518132874,1.2293799450973328,-92.45562130177515,3.463731817270105386451888e-82,5.367700898078364686276889e-165,-81.46045574101628,-4.282340042142268,5.0506981351318735e-23,1.0022742500989727e-38,2.7945469862404513e-17
0.2,3.8949999999999996,0.007607421874999999,0.250295101804367,1.2367238652288393,-92.45562130177515,3.334989765741769410960091e-82,5.383124009513465939977123e-165,-81.47690549448767,-4.293149488218187,7.708100975480092e-23,1.478841689577352e-38,4.4444204597378036e-17
0.2,3.963333333333333,0.007740885416666666,0.2407635467589685,1.2440690290660708,-92.45562130177515,3.207989124103748831354463e-82,5.397408662918837869169331e-165,-81.49376711275376,-4.3039582020724625,1.1695690209870158e-22,2.1672768401896796e-38,7.033957873003688e-17
0.2,4.031666666666666,0.007874348958333333,0.2313626625257075,1.25141544000607,-92.45562130177515,3.082729570557417342584807e-82,5.410613119118603107004083e-165,-81.51106457166205,-4.314766178533791,1.7648635898901628e-22,3.155478687259062e-38,1.1081889197138114e-16
0.2,4.1,0.0080078125,0.22209240343894704,1.2587631014445664,-92.45562130177515,2.95921049664327756260184e-82,5.422793876461863278630621e-165,-81.5288241411999,-4.325573412426264,2.6492614634014165e-22,4.565304620944678e-38,1.7386224795277881e-16
